Item,Open,Close,Volume
0,0.9410080381230385,0.9275005612265456,0.03290556603829821
1,0.9402562036088021,0.9527979014051856,0.027256946664388337
2,0.9521766878334313,0.9387038675704201,0.02355735210589608
3,0.9831217625385943,0.964884769331965,0.012217237262199771
4,0.9673224050760486,0.9801570806381813,0.012781976696459682
5,0.9688149457215661,0.9698263677574958,0.00598917807830088
6,0.9621902901697109,0.9719755331390539,0.007852450701965358
7,0.9671153102795303,0.9615031556892152,0.00951481819066536
8,0.9609479486872196,0.9682992036077579,0.01161574688861709
9,0.9481557757072118,0.950190586778706,0.024973488301133513
10,0.9373796229333048,0.9518924873089539,0.023361347096174635
11,0.9673223204458322,0.960346730731091,0.01206533337966565
12,0.9635523016020672,0.9631503830730933,0.018189264902150025
13,0.9490384866514877,0.9536705785944793,0.045099527705593556
14,1.0,0.9627357714026162,0.03831040418136703
15,0.9986270248203838,0.9999999999999999,0.014299790490490117
16,0.9930263665878131,0.9969673567616416,0.01045564223732829
17,0.9976245549350632,0.9917092736603431,0.012636197970479358
18,0.9917189582228177,0.9995637032684054,0.010514443740244725
19,0.9815855541157349,0.9910985754526572,0.014882905394411412
20,0.984167792690836,0.9825569219772129,0.00962629603994443
21,0.9898884108552634,0.9812479480563246,0.014743251824984885
22,0.9858458596156482,0.9911529974207126,0.012196411729916867
23,0.9853008834995206,0.9879894065546028,0.013668899365449218
24,0.9711358771418673,0.9864511905590444,0.017560823839730646
25,0.9670606555879387,0.9709062670559233,0.007502091747088278
26,0.9612858847689517,0.9632048887672534,0.012554120872658503
27,0.9471642578368719,0.9561358937473868,0.01061857140165924
28,0.9426097365393401,0.9458599377391753,0.010286587916443546
29,0.9321276873156551,0.9413329509841218,0.01567917574640478
30,0.9501062511042492,0.9322458219365534,0.023624728827987825
31,0.9543014292511655,0.9567250743461645,0.007116206884199185
32,0.9453010374913976,0.9508451574652549,0.010009730840212006
33,0.948090524074572,0.9463944451915837,0.008505392390599921
34,0.9409425292523746,0.9472125329606126,0.00625378484142483
35,0.9463144706351881,0.9460672435744139,0.0076613458174869505
36,0.9518824491239511,0.9481071463893379,0.014299790490490117
37,0.9367584312888962,0.9502670287122977,0.01661264960520316
38,0.9468592032614279,0.9410928245158406,0.013412867821500581
39,0.939853058665807,0.945936379672767,0.017358693673455404
40,0.9243369380632168,0.9390966267275703,0.015976858354919223
41,0.9213077443599794,0.9267042422447386,0.01507646034151134
42,0.9113704227639722,0.922046224135829,0.022138765848037128
43,0.9166550335191334,0.9129919994474077,0.0407359661766699
44,0.8741599011338953,0.8769058808692654,0.022316395388097186
45,0.8756744101357279,0.8743968606897042,0.009833326331462704
46,0.8657262171029441,0.8740696590725345,0.01858862510945747
47,0.8506677816680736,0.8632591118858101,0.014405143183215393
48,0.8421468869507478,0.8414634485840605,0.007990879240081128
49,0.8411879921927483,0.8426961480235667,0.008185659218491813
50,0.8386273849661867,0.8388017119895258,0.00685650024631827
51,0.8333428189278118,0.8360528165199976,0.005091230127514514
52,0.8211827099216614,0.8372964003531148,0.006474290477361454
53,0.8208120948788526,0.8209877273229154,0.006775648179808175
54,0.8180009288464347,0.822384111297111,0.007536392623789531
55,0.8215313105977048,0.8206605257057457,0.0055579670569137025
56,0.8213570857333482,0.8226460065526142,0.006438764569349443
57,0.8251271115291894,0.8230823032842087,0.007239935046585847
58,0.830030397668139,0.8263549892647435,0.01240956717798894
59,0.8357073270392122,0.8305111531020783,0.01634926787338997
60,0.8283959277136403,0.8345037161308284,0.010142034221773979
61,0.8292132430823631,0.8390636909711338,0.017748253630276777
62,0.8271210483956728,0.8293002224497944,0.01127518818422608
63,0.8327326006941033,0.8311329031555844,0.005252934260534705
64,0.8226754978639809,0.8315583992196727,0.011474868287879803
65,0.8193412671905279,0.821478780926984,0.012233162669239638
66,0.8067015133333011,0.8191659310107363,0.017321942734132633
67,0.8218581507149987,0.8154897689316496,0.01941797130684133
68,0.821193466465485,0.8204095148438534,0.033897841400013014
69,0.830008554795515,0.8314820410121858,0.010364989920332125
70,0.8524328548330569,0.8318528639299044,0.0247137816632526
71,0.8518009366982677,0.8512377177729065,0.012514919870714215
72,0.8563771896096071,0.8561028742648455,0.0165097469750994
73,0.8529450989107805,0.8535176633300069,0.007152957823521956
74,0.8501228898283838,0.8517612571055991,0.009950929337295574
75,0.8455574199637085,0.8490559829366198,0.006628644422517091
76,0.8423757414963107,0.8476050932682642,0.00791370226750331
77,0.8444132308417694,0.8441469539658177,0.009996255495793655
78,0.8345958430064797,0.8402525179317768,0.010132233971287909
79,0.8339746701790967,0.8356708580303538,0.006225609121277373
80,0.8275895571049935,0.8329546157416589,0.006346887221042516
81,0.8271536842884583,0.8287220099707324,0.006459590101632347
82,0.8294201292238369,0.8306965226978853,0.005934051669316724
83,0.8374506275583349,0.8315365467063458,0.008946403662473169
84,0.8320789457399097,0.8390636909711338,0.015902131444962924
85,0.8276877331336068,0.8261694522167271,0.010565895055296603
86,0.8250726203137448,0.8313402089908231,0.005998978328786952
87,0.8280145253364531,0.8293111068434055,0.010113858501626521
88,0.8317519647791559,0.8327910149330741,0.010609996182483927
89,0.8283959650845627,0.8331837740902243,0.008621770365122027
90,0.8283850488598516,0.8309038285331237,0.009061556605684518
91,0.8211063593152732,0.8279366591086413,0.011522644508999404
92,0.8180445295319179,0.8231586614916956,0.005935276700627484
93,0.8183822938216805,0.8178679252095638,0.010248611945810015
94,0.8194283982116847,0.8208242102404352,0.010323338855766317
95,0.8171729125314409,0.8196570683409097,0.009495217689693216
96,0.8119970605866972,0.8151733679819863,0.010957905074739493
97,0.8106677668126517,0.8099481055137302,0.008251810909272801
98,0.809360272377467,0.8097517677982075,0.009574844724892551
99,0.8038796092581981,0.8090427751436035,0.014038858821298444
100,0.7988891843305406,0.8007413318625449,0.010171434973232196
101,0.8012970453333133,0.7991157058136791,0.012342190455897191
102,0.7924384809459012,0.797075802998755,0.014315715897529984
103,0.8022450667587603,0.7937814319571029,0.021197941801374194
104,0.7973416320637252,0.7991810959014503,0.01837056953614236
105,0.8164755021783937,0.8031520575951874,0.036705613164272705
106,0.8403817852852318,0.8262785473311519,0.03959178693242097
107,0.8404361326481641,0.8393143669286073,0.03641650577493358
108,0.8344432695715911,0.8409179730119367,0.013901655314493434
109,0.8272844999857693,0.8311874925758492,0.01430591564704391
110,0.8105370742726968,0.8256239766446032,0.023726406426780824
111,0.8077912010441861,0.8078864339115841,0.009623845977322912
112,0.8076931947127265,0.8037410707417557,0.0067364471778638855
113,0.808564855386156,0.8088136167950379,0.006212133776859022
114,0.8087827511038086,0.8071118837169995,0.01127396315291532
115,0.8098724306835815,0.8109081927563313,0.009427840967601468
116,0.8070176872929221,0.8093701442129824,0.010154284534881569
117,0.8050999960814368,0.80973008273709,0.009859051988988645
118,0.8055902346596038,0.8055301301469967,0.008291011911217092
119,0.8048274570193157,0.8068064508870518,0.01088195313347243
120,0.7924275973641589,0.8046574529577033,0.018332593565508832
121,0.7842663870949037,0.7913597381047445,0.01004403171691326
122,0.7868705387988219,0.7856326213649134,0.012185386448120037
123,0.7767698153631587,0.7858945166204166,0.017620850373957837
124,0.7795918858165158,0.7689204722361619,0.014887805519654448
125,0.7786330492797512,0.7802982637822325,0.006575968076154453
126,0.7906188421960907,0.7821418288816337,0.008504167359289161
127,0.7855520578329295,0.787988841403396,0.005578792589196606
128,0.7848221290110734,0.7856653582718512,0.0030001016800488564
129,0.7860098180422491,0.787716229206491,0.007484941308737651
130,0.7932230308662379,0.7904652084021239,0.01150304400802726
131,0.7906623715983423,0.7937377269304492,0.009203660237732565
132,0.7862059540821631,0.7907924937453983,0.009101982638939566
133,0.7960452223274056,0.7878907981347917,0.025459825731504845
134,0.7950099864364704,0.7942286968084133,0.015301866102690999
135,0.7934410524270655,0.7966723269002032,0.015669375495918708
136,0.7895945450025676,0.793890443345423,0.01969360335176211
137,0.7813461441241063,0.7857743696601714,0.013573346923210012
138,0.7753314381598735,0.7874652183445988,0.016953208309594167
139,0.7684124329027529,0.7718876416606445,0.01337611688217781
140,0.7542474307631523,0.7678514573313456,0.018483272416732192
141,0.754508899151626,0.7511719613834273,0.014865754956060788
142,0.7434056660712856,0.753397317520263,0.01430714067835467
143,0.7345798481151782,0.7383869851956548,0.014678325165514657
144,0.752721911046621,0.7382450694481874,0.028745359706960554
145,0.7642174347182706,0.7508446760401529,0.02154217559969748
146,0.7634328060487969,0.7656369018620162,0.012757476070244501
147,0.7525039320327098,0.7616552232268773,0.025171943373476478
148,0.757145779676142,0.7555900204762654,0.0011380540876951353
149,0.7646750555132746,0.7542482259223348,0.009707148106454525
150,0.7640975287574189,0.7607934304311946,0.010701873530790856
151,0.7522315639688432,0.7605753239284497,0.013600297612046713
152,0.7621145498634644,0.7509429704870715,0.015750227562428804
153,0.7570259346948038,0.7620588667776386,0.012410792209299696
154,0.7438633475249025,0.7553173245532557,0.01565345008887884
155,0.7384696528547537,0.750059241451957,0.029686183753623484
156,0.7453234652730988,0.7261255483405747,0.03880531683091368
157,0.7508260032005531,0.7463394580723215,0.03763296186651729
158,0.7869903895697602,0.7556554105640365,0.06601693733680393
159,0.778088186421766,0.7832544650869993,0.03158008216005694
160,0.7783061828087114,0.7902251656599474,0.015294515914826445
161,0.7705917233729729,0.7793710808987787,0.01803246089437287
162,0.7448222266073945,0.7565391395991508,0.017762954006005884
163,0.7592051212136572,0.7577281340120031,0.02026936806781885
164,0.7834600767313283,0.7645242656566507,0.022419298018200945
165,0.7879383651834605,0.7831344855789634,0.022482999646360413
166,0.800534369530418,0.7879561882225627,0.021096264202581195
167,0.8087174683932893,0.7984940394862776,0.04697137554843335
168,0.8011664286340853,0.7960832300275301,0.03004879302160816
169,0.8056446415330787,0.8012647874691323,0.015610573993002273
170,0.8180444225769087,0.8083008781298519,0.016784153988709423
171,0.8088809289598157,0.8161443396181984,0.011356040250736176
172,0.7978865918107041,0.8034029010048702,0.013416542915432858
173,0.806124167272161,0.8007522162561558,0.01069819843685858
174,0.8010247344462248,0.8064355442432285,0.011999181688884666
175,0.7915777721338911,0.800599499841182,0.021667128793394903
176,0.7826210601938953,0.7846181121542568,0.006563717763046863
177,0.7842119413714932,0.7821745657885717,0.007243610140518123
178,0.7827082929755083,0.7816073214292255,0.010393165640479582
179,0.789126020583234,0.7899960910374868,0.004744546266569709
180,0.7915340925697651,0.7875961659723505,0.014712626042215907
181,0.7803764122192546,0.7926142063314726,0.011950180436454304
182,0.7825558036859029,0.7779311593501389,0.007870826171626745
183,0.780539800621154,0.7805163702849776,0.00709660638322704
184,0.7826320042576893,0.778498403709485,0.00849191704618157
185,0.7815423094716843,0.7802000530614188,0.009041956104712374
186,0.7788728552031644,0.7775712208260313,0.011865653276011932
187,0.78001686985812,0.7815854689158986,0.013960456817409865
188,0.7839721778434421,0.7800364522528339,0.010160409691435366
189,0.7805398353652663,0.7881306734247587,0.011634122358278473
190,0.7780882394252462,0.7888616023187945,0.010372340108196678
191,0.7867942165463923,0.7800472529203403,0.01166352310973669
192,0.7925911223996708,0.79347608285326,0.010916254010173685
193,0.7869904294420543,0.7945559821516874,0.015174462846372062
194,0.7774672158198382,0.782643683153209,0.010142034221773979
195,0.7760943666736586,0.7769166501394824,0.006475515508672214
196,0.7773036739781375,0.7721276006767162,0.007704221913363517
197,0.7750264252237179,0.7749420536862248,0.019723004103220327
198,0.7652090113376167,0.778498403709485,0.01269867456732807
199,0.762506698616798,0.7667496217934864,0.009451116562505888
200,0.769567459661219,0.7648515509999251,0.015783303407819298
201,0.7592270227582232,0.7758694040218881,0.016453395534804485
202,0.7747540427183324,0.7645897394705266,0.016746178018075892
203,0.7817821360476096,0.7802546424816835,0.008049680742997563
204,0.7847349117474277,0.7858726641070898,0.007652770598311639
205,0.7743398695585123,0.785905317287923,0.01799448492373934
206,0.7709402756395584,0.7737420074275521,0.010159184660124606
207,0.7673554525629843,0.767775015397754,0.009590770131932418
208,0.7647621618563367,0.7660841667133265,0.0067474724596607175
209,0.7683361219290328,0.7683422597571,0.007923502517989383
210,0.7685214007489534,0.7725967180413533,0.0031005542475310956
211,0.7679112032212564,0.7697604125185177,0.008921903036257988
212,0.7673771646897232,0.7676658365572245,0.00835593857068732
213,0.7726727724666701,0.77017494046289,0.009346988901091372
214,0.7766171559015865,0.7734365745976044,0.004862149272402575
215,0.774470633763187,0.7738293337547547,0.004069554014341485
216,0.7758654929161932,0.7767748181181199,0.007352637927175676
217,0.7819346795999595,0.7801565154869745,0.00421410770901105
218,0.7760942586196528,0.7830690954911924,0.006682545800190489
219,0.7799078631655034,0.7784546986828313,0.006582093232708248
220,0.783950432970072,0.7836581923638652,0.005012828123625935
221,0.7816403942567497,0.7848471867767176,0.004614692947629252
222,0.7875025532561172,0.7861017387295505,0.009331063494051505
223,0.783775997311032,0.7864179722270045,0.004874399585510165
224,0.7809866165295987,0.7853163041413548,0.013317315379261375
225,0.7826320507698515,0.7828619571081631,0.0085837943944885
226,0.7762141332343843,0.7847163228750706,0.015762477875536394
227,0.7741765527646909,0.7741567028241338,0.006803823899955632
228,0.7722478636700907,0.7759783316841035,0.011511619227202573
229,0.7731849839168757,0.7772874730572011,0.018079012084181712
230,0.7615695524301881,0.778181919033717,0.03073726061825473
231,0.7735990555775194,0.7677096253099829,0.055982705870376744
232,0.7421417905619857,0.7398923805581705,0.038620337102989066
233,0.7313872260998374,0.7356706591808552,0.01332834066105821
234,0.7298072690968008,0.7309581353777852,0.008195459468977886
235,0.729981582199448,0.7308163033564226,0.00677074805456514
236,0.7295893292259956,0.7327362266633106,0.006436314506727925
237,0.729240548045187,0.7274236378678519,0.005298260419032789
238,0.7260262460040113,0.7303363015981743,0.007405314273538314
239,0.7214716671861323,0.7263328541758133,0.012265013483319372
240,0.708439721510673,0.726103612101143,0.01732561782806491
241,0.7118067957159623,0.7069371996653049,0.013432468322472725
242,0.7041140135209832,0.707122569261112,0.006735222146553127
243,0.7058355917003416,0.7002281431695457,0.0061398569295242405
244,0.7019131058673808,0.7035336497831232,0.009834551362773464
245,0.6882928784920487,0.697741142955521,0.011276413215536837
246,0.6786387509206091,0.6874650194951002,0.011964880812183411
247,0.6781484399994787,0.6759890172282159,0.006591893483194322
248,0.6669581031914312,0.6778545185670486,0.011325414467967199
249,0.6725913456643028,0.6734036388411678,0.011042432235181865
250,0.6726894266591601,0.6792507350890348,0.012600672062467348
251,0.6645717293690667,0.6719200122658743,0.01950127343597294
252,0.6608780657054535,0.6628222500030089,0.020036612118774638
253,0.6577289610410342,0.6585350548118177,0.017048760751833373
254,0.6480531610357999,0.6474954330026326,0.029237822293885687
255,0.6564214283463838,0.6519243764890819,0.052078531082987725
256,0.6786278286041924,0.6842905442353792,0.019654402349817822
257,0.6824415764433089,0.6794907778312113,0.011420966910206404
258,0.6780829811600594,0.6777562241201301,0.01219273663598459
259,0.6783663021740667,0.6747563177887098,0.021586276726884804
260,0.690439303645987,0.6727055305801748,0.04400924983901802
261,0.6975980557267505,0.6945229626691463,0.021186916519577364
262,0.7051818281550475,0.703184511926522,0.007853675733276118
263,0.6990690854582228,0.7043407694324363,0.00990560317879749
264,0.699624814362887,0.7028463421896365,0.00792717761192166
265,0.7063041955335098,0.7042753793446652,0.011416066784963368
266,0.7075245663801171,0.7144532083581677,0.005370537266367571
267,0.7101723016426579,0.7149004732094779,0.013415317884122098
268,0.7033839505094681,0.7019844656678491,0.008515192641085991
269,0.7090827288355864,0.7008609450688725,0.011993056532330869
270,0.7123406611680316,0.707187959348883,0.008695272243767569
271,0.717363800412716,0.7163622472714447,0.01439656796404008
272,0.7199462250847422,0.7209330227792566,0.006355462440217829
273,0.7202622469426839,0.7213585188433448,0.01964460209933175
274,0.7080038980237522,0.7199947880499824,0.014939256834706326
275,0.7063585831989748,0.7083551849745132,0.01028413785382203
276,0.7052690996398099,0.709631589440673,0.013355291349894906
277,0.6887613692233707,0.7041008941424693,0.016827030084585987
278,0.688903022400462,0.6868868907421429,0.008822675500086509
279,0.6850674683927501,0.6917520472340819,0.01493680677208481
280,0.6870724214329863,0.6847705459936273,0.012364241019490855
281,0.6872902724032663,0.6918284891676735,0.013551296359616351
282,0.7009759084106539,0.6900939354565924,0.014082959948485768
283,0.6936319230455167,0.7011227565982712,0.007427364837131978
284,0.6961379636742522,0.6951555971162636,0.009084832200588939
285,0.7020002330579783,0.6986901783523016,0.01021798616304104
286,0.7112837364388802,0.7013954525212808,0.011896279058780906
287,0.7052254575232645,0.7110278896887638,0.013611322893843543
288,0.6962251691974888,0.699846435858216,0.016943408059108093
289,0.6804257604459804,0.6955374718798027,0.018093712459910823
290,0.6834766698047534,0.6841160590331832,0.011794601459987907
291,0.6745091306607657,0.6804725501349298,0.014553371971817233
292,0.6807525446501029,0.677276222361882,0.01727784160694531
293,0.6801206221929234,0.6837887736899089,0.014127061075673093
294,0.67162167232083,0.6766654404280915,0.029318674360395782
295,0.6925096303806323,0.6735890921630796,0.03195984186639224
296,0.6947214623909879,0.691479435037177,0.03420899935294581
297,0.7155332628893435,0.6957447777150413,0.027840061568309638
298,0.7056504358023287,0.7141150386212822,0.023906486029462402
299,0.7149776082944647,0.7092716509165653,0.0798634662423132
300,0.7513708163525612,0.7553390933404779,0.04117085229198936
301,0.7533865882341223,0.7497974299225587,0.014608498380801391
302,0.765742886820925,0.7512483195909142,0.020543775081428874
303,0.7545089489176645,0.7637170622812328,0.014166262077617384
304,0.7493986092752137,0.7553390933404779,0.013046583459583632
305,0.7492461283024959,0.7503102523138494,0.01015550956619233
306,0.7437434235581104,0.7465139432745175,0.015321466603663143
307,0.7307989578526707,0.7382343525067857,0.010398065765722619
308,0.738447887023591,0.7308380721436446,0.013084559430217163
309,0.738905508864316,0.7329434487724444,0.007976178864352021
310,0.7383062820655467,0.733652608879258,0.009240411177055336
311,0.7301558564621599,0.74232495880414,0.009126483265154747
312,0.7304718942830876,0.7319616764687259,0.008615645208568234
313,0.7428718289143098,0.7391070296960794,0.010113858501626521
314,0.7294149925000812,0.7440703969088321,0.013023307864679212
315,0.7415968866630243,0.7366851683915115,0.013562321641413182
316,0.7414552376574675,0.7426195072404765,0.018365669410899326
317,0.7256230104650484,0.7399468025262258,0.018161089182002568
318,0.7283362215681695,0.7261910221544505,0.006899376342194836
319,0.7229208734219746,0.7278927552324891,0.012681524128977443
320,0.7361596609458948,0.730859840930867,0.008738148339644137
321,0.7308097939487289,0.7335762506717711,0.007156632917454233
322,0.7258736961026805,0.7358779650160937,0.011247012464078623
323,0.7342855489891154,0.7285145052859954,0.028059342172935504
324,0.7299489127772343,0.731863549474017,0.020918634662521137
325,0.7205781427791973,0.7306417344281219,0.011572870792740525
326,0.7172766187530628,0.723234737123579,0.011895054027470146
327,0.7161325836548228,0.7228747985994716,0.01372770086836565
328,0.7106627422736856,0.7170168179579935,0.015293290883515685
329,0.6974129114894666,0.7031627431392998,0.02095048547660087
330,0.6836618938745159,0.6957883990155903,0.01784380607251598
331,0.6762743222824115,0.6828288538995171,0.02579793437327434
332,0.694536271576044,0.6820324511916056,0.03140857777655068
333,0.7050511513111172,0.7010355139971731,0.02333929653258097
334,0.710150512676134,0.7025299412399731,0.018450196571341698
335,0.7138443289333183,0.7111369010770839,0.015851905161221803
336,0.6903411325830427,0.7140713335946287,0.03044202807236181
337,0.6900142920061489,0.6868540701091003,0.02122734255283241
338,0.7037435933812035,0.6951884177493062,0.019638476942777955
339,0.6921173370453049,0.699835551464605,0.015762477875536394
340,0.6786931848291741,0.6908684856511771,0.01634191768552541
341,0.6955714095010355,0.6869304283165872,0.01893898406433455
342,0.6992869570680962,0.6997591095310134,0.01660162432340633
343,0.6844572228445329,0.6921884276917811,0.015010308650730352
344,0.7041359478721042,0.6871705547848683,0.022579777119910376
345,0.6965520343522116,0.7029444691843455,0.0237300815207131
346,0.6874538340498645,0.6873123868062311,0.02023261712849608
347,0.680436636973101,0.6755854574035592,0.022127740566240294
348,0.6631444589531642,0.675007328650602,0.03343845465847838
349,0.6799789881964927,0.6755417523769056,0.030565756234748467
350,0.6594504977804598,0.6691819174638525,0.04525755674468147
351,0.6537082328657418,0.6726073198593611,0.04838751174367078
352,0.6949176450135128,0.6721709394016618,0.06072725213694645
353,0.7157184902270949,0.7008282081619346,0.057888854589917785
354,0.7611445911768066,0.7219365638701973,0.073931864635618
355,0.7766391704074087,0.7563319174900169,0.07683028871687386
356,0.7447786516830046,0.7452704431675051,0.06193145791542258
357,0.720480030573851,0.7349942359809795,0.04005607379919864
358,0.7087448223956692,0.7207583701248513,0.03166215925787779
359,0.7062388781313871,0.6872469967184599,0.019610301222630494
360,0.7054978950720979,0.7049298663051093,0.012573721373630647
361,0.714901268838764,0.7047444129831977,0.02139394681109564
362,0.7128963226242395,0.7176603367987219,0.02250015008471104
363,0.689110024989163,0.697162930476459,0.025435325105289664
364,0.6735610867239635,0.6883159278971718,0.04411827762567557
365,0.6890881546065024,0.6888830885304132,0.02346669978889991
366,0.6780176239189716,0.6795125466184334,0.04058773738806806
367,0.6937627028875127,0.7023118347372282,0.027652631777763507
368,0.7208941331778941,0.6894176797089262,0.025306696817659968
369,0.711534267935799,0.7175293891709702,0.0222980199184358
370,0.701945672697015,0.7041444317169137,0.024797083792384215
371,0.7192161369016137,0.701788211678431,0.022720655720647662
372,0.7177888923878872,0.7127951803067829,0.03229182535160793
373,0.7220163925411622,0.732790648631366,0.023149416679413323
374,0.7369770271109842,0.7351907411487116,0.021317994869828577
375,0.7349066989416143,0.7329107955916114,0.034895016886970866
376,0.7628225256905998,0.7531681591716975,0.013683599741178325
377,0.7695128790825657,0.7665749691390811,0.011119609207759684
378,0.7619182531407361,0.7705676996200405,0.017161463632423202
379,0.7434057584824573,0.7577827234322679,0.012706024755192624
380,0.7417930547190419,0.7398923805581705,0.0
381,0.7441575275126664,0.7428049605623882,0.012361790956869335
382,0.7371621249505285,0.7412994814737677,0.01588008088136926
383,0.7358328036621066,0.7343943384408002,0.014967432554853787
384,0.7403874305617564,0.7300853744623867,0.035147373336987225
385,0.7555658154277761,0.7442449658371328,0.015985433574094536
386,0.7396683009435576,0.7516192262347376,0.02615931860994825
387,0.7409975447771968,0.7336197882462154,0.023872185152761148
388,0.7229861053214566,0.7362923255082566,0.026615030257550607
389,0.7205236675031831,0.7230710525888896,0.02007336305809741
390,0.7364212583046759,0.7335652825520552,0.01350352013849675
391,0.7446041303684001,0.7363032099018677,0.022135090754104848
392,0.7374127575968592,0.750037472664735,0.012660698596694539
393,0.7543672216319866,0.7476921370198635,0.01605648539011856
394,0.7430896309233797,0.7544772168186905,0.024125766634088268
395,0.7549119545211905,0.742466707099398,0.019317518739359087
396,0.7600224590135496,0.7529938414217111,0.02233477085775857
397,0.7400713734003999,0.7594734046644859,0.018366894442210083
398,0.7454432984747401,0.7366307464234563,0.014194437797764841
399,0.7424903592388593,0.7465793333622885,0.002463537965936403
400,0.7452470966763928,0.7436231320575218,0.008085206651009574
401,0.7466309765995073,0.7440267756082832,0.0229497365757596
402,0.7515451542023509,0.7517392057427735,0.014844929423777884
403,0.7426429088726342,0.7520664073599432,0.027603630525333146
404,0.7322696962358342,0.7334561874376307,0.010820701567934483
405,0.7211447715335018,0.7335325456451175,0.015835979754181936
406,0.7243046501877871,0.7182275811580681,0.01742729542685791
407,0.710945943969661,0.7230710525888896,0.02467948078655135
408,0.726015257524523,0.711780503643917,0.023138391397616493
409,0.7327056829438824,0.7297364040579949,0.015337392010703013
410,0.7351028048232038,0.7392487779913375,0.01926606742430721
411,0.7254051887997666,0.7316235067318404,0.011874228495187242
412,0.7308968676568046,0.7278163970250021,0.015390068357065651
413,0.7318448716381015,0.7352670993561985,0.0141687121402389
414,0.7312127682928347,0.7342525064194374,0.021483374096781048
415,0.7215043760492953,0.7284054938976752,0.01925014201726734
416,0.7166337027297611,0.7213256982103021,0.015860480380397116
417,0.7047568676701456,0.7201475044649561,0.0180704368650064
418,0.7167754305533124,0.7088570392460882,0.018113312960882966
419,0.7070451535816298,0.7169949654446668,0.015991558730648333
420,0.703089795541571,0.7083443005809023,0.01788055701183875
421,0.6960834580735787,0.7038716520677992,0.01737461908049527
422,0.6889465654952299,0.7020172863008919,0.023498550602979645
423,0.7216786646546594,0.6891558681795276,0.0712441459398127
424,0.6403713295858307,0.6474954330026326,0.04791097456378552
425,0.6488376862823114,0.6373067195955191,0.013193587216874716
426,0.6648333774008303,0.6462519328956202,0.025739132870357905
427,0.660594583615889,0.6680146918382223,0.012103309350299182
428,0.6621201434019852,0.6629639982982669,0.01586660553695091
429,0.65106046136418,0.6604549781187058,0.022506275241264834
430,0.6494043747949232,0.6466991977469305,0.012789326884324236
431,0.6390855899115496,0.6497099047458572,0.019621326504427328
432,0.63356112713052,0.6423573294093698,0.009966854744335441
433,0.6317089161564711,0.636695853935624,0.013298939909599992
434,0.6338444493787597,0.6320704052814426,0.017699252377846416
435,0.6425069327714635,0.6353430912619774,0.020790006374891437
436,0.6337355957208745,0.6371322343933232,0.019822231639391806
437,0.6252910448436404,0.6371757719677675,0.016873581274394832
438,0.5995868972641962,0.6211508467063982,0.0235059007908442
439,0.5995106397034021,0.6047986779648067,0.0196580774437501
440,0.5928530158183434,0.6008388099799423,0.026057641011155253
441,0.585955821098366,0.5836467428190474,0.0194277715573274
442,0.6007201622265583,0.5854357603612362,0.022806407912400795
443,0.6220003967649952,0.6027805858001573,0.02331724596898731
444,0.6115291224924437,0.6188817855429088,0.017321942734132633
445,0.6158114172635253,0.6171147461032039,0.011483443507055116
446,0.6207908117006716,0.6170163679301808,0.02692006305392961
447,0.6295514194757564,0.6320486364942205,0.0175681740275952
448,0.6290609836375373,0.6254379581714846,0.03805682270003991
449,0.6317088828448107,0.6371648875741565,0.022871334571871023
450,0.6295950570742357,0.6304560822567116,0.009702247981211491
451,0.6199627851112463,0.6299651961048522,0.015394968482308685
452,0.6187860148117353,0.6162201326744786,0.011962430749561895
453,0.6128802950052933,0.619307281606997,0.014994383243690484
454,0.6060047750682042,0.614703852918352,0.010681047998507952
455,0.6147000342189385,0.6063369358234175,0.0187221535223302
456,0.6028449038720415,0.6068495907624988,0.01756694899628444
457,0.5905322145427937,0.590573738365342,0.018415895694640444
458,0.6103959543541653,0.5993989302943548,0.01479837823396904
459,0.5995759303087992,0.6079730276353706,0.01667145110811959
460,0.5950105299413123,0.5912282671888385,0.025141317590707497
461,0.6173803176966259,0.6111475028950917,0.017471396554045237
462,0.6298237880280967,0.6240962473436584,0.017410144988507285
463,0.6366120578597161,0.6331176513990372,0.02974498525653992
464,0.6051331160300198,0.6241508367639234,0.04736461059918699
465,0.6088050954825543,0.5725852266334831,0.037374480259947135
466,0.5588242874833499,0.5787377557112977,0.07311966887658476
467,0.635577001906108,0.6070131915710837,0.04990042541245818
468,0.6552555986705776,0.6456846048101693,0.029024666845813615
469,0.6563560665919459,0.661567698050176,0.024367097802307794
470,0.6574021145407364,0.6557751912225738,0.01059529580675482
471,0.6541005042907402,0.661644056257663,0.008739373370954893
472,0.6497419809078356,0.6564732157574622,0.010526694053352315
473,0.6553644436471194,0.6533534136441106,0.015889881131855334
474,0.6611285672082029,0.658764213160383,0.029453427804579272
475,0.6666746346279294,0.6574877249681186,0.060925707209289415
476,0.6312730651164029,0.6278598194760525,0.014728551449255774
477,0.632024877250272,0.6292233828172055,0.010493618207961821
478,0.6387915239727725,0.6355068595227716,0.018527373543919517
479,0.6298128730859386,0.6389320944660707,0.015947457603461005
480,0.6282766523187032,0.6258308010547395,0.0096630469792672
481,0.6209979070791989,0.6295833213413131,0.01282362776102549
482,0.6286687494918634,0.6217071229460286,0.015012758713351868
483,0.620758198039658,0.6294087524130124,0.01788178204314951
484,0.6260100523264384,0.625994234411115,0.016136112425317897
485,0.625465351202216,0.6240635104367206,0.0146709749776501
486,0.6143621170360751,0.6225472306805938,0.02938237598855525
487,0.6418205108049706,0.618729069127935,0.04422975547495465
488,0.658251969849022,0.6405029636424623,0.040315780437079556
489,0.6606164487052605,0.6627240392821951,0.044522537958226055
490,0.6506572802399818,0.6629967352052047,0.03993112060550122
491,0.65512474481314,0.6602585566770783,0.05636614067064433
492,0.6453399248915631,0.66765466958801,0.1511382379648949
493,0.5467295121396961,0.5609238129077395,0.06261747544944764
494,0.540453310404058,0.5414844533705775,0.019021061162155403
495,0.5303852110476368,0.5417244123866491,0.03945825851954824
496,0.5140518349650808,0.5281430753540175,0.019220741265809124
497,0.5077320647232647,0.511103682745044,0.020227717003253046
498,0.5022185900512842,0.49860224501083983,0.011854627994215099
499,0.4988952908318703,0.49538419031362224,0.010565895055296603
500,0.5008892284236467,0.5044711100459289,0.014189537672521804
501,0.49524497907184045,0.49966037552204534,0.009311462993079361
502,0.49795821041964566,0.5015367612544891,0.01084887728808194
503,0.49678143006183156,0.49712962841831454,0.012463468555662334
504,0.49833954044650214,0.493573362121159,0.014760402263335509
505,0.5001483154247324,0.4948933041617629,0.01674862808069741
506,0.5142697742702382,0.5077764910703493,0.020374720760544127
507,0.5149126792390937,0.5131108905160824,0.009966854744335441
508,0.5172880266945378,0.513787188126801,0.011338889812385549
509,0.5143569528088757,0.5190452293650474,0.012853028512483707
510,0.51394288396963,0.5149980350529803,0.014908631051937352
511,0.5107938884048696,0.5126417731514454,0.029938540203639844
512,0.5015103076558816,0.5111799990894785,0.01885323187258142
513,0.4986990910517097,0.5007294322899142,0.00859236961366381
514,0.4976749401302805,0.4988422877530164,0.013545171203062555
515,0.4957680641088346,0.4968023430750401,0.010252287039742292
516,0.5005841752825025,0.5016785514127996,0.009222035707393952
517,0.5085819736039646,0.5044820781656446,0.009469492032167275
518,0.49900425236025164,0.5072747205248789,0.01219151160467383
519,0.4965198503157235,0.49588596085909253,0.01200775690805998
520,0.5032645960646198,0.4973259242707848,0.010366214951642881
521,0.5058688295403202,0.5039257181999096,0.008565418924827112
522,0.5060649179622428,0.5062819801014447,0.01007833259361451
523,0.5092466277808365,0.5102091530424234,0.009982780151375308
524,0.5008892128503295,0.5087473371174044,0.013126210494782967
525,0.5023058217229026,0.5035767059324655,0.013964131911342142
526,0.5071763632252109,0.49933317390487564,0.02023384215980684
527,0.5078192018308649,0.5089982223901396,0.008043555586443766
528,0.5022512725870197,0.5090746224606788,0.014964982492232267
529,0.5065008068761471,0.5013731185828519,0.016575898665880388
530,0.5085492668408482,0.5093691708970153,0.008485791889627777
531,0.503907500734247,0.511867264819913,0.014552146940506477
532,0.5046919690620328,0.5071764679410128,0.012512469808092695
533,0.5015102937971049,0.5036529804138477,0.02248789977160345
534,0.49695574205288756,0.5008058323604534,0.009980330088753788
535,0.504114547376731,0.5006094527818783,0.014105010512079432
536,0.49711915265211987,0.5035656959496974,0.013061283835312739
537,0.49330556803255227,0.4929734227179272,0.00846864145127715
538,0.4958552144567037,0.49214432496613014,0.015233264349288494
539,0.5020442471465356,0.49983494445034593,0.007010854191473907
540,0.5024583411908697,0.50329304188974,0.010911353884930648
541,0.4883259405326897,0.4957550550943933,0.013127435526093727
542,0.49566998010562807,0.4881626044679389,0.01753142308827243
543,0.5038639421135818,0.4968460062386414,0.011096333612855263
544,0.5047683076386326,0.5075365320542776,0.015219789004870143
545,0.5042452641799188,0.5057038513484874,0.016023409544728067
546,0.5130167183493837,0.5030966623111649,0.02255772655631671
547,0.5151414813567213,0.5168634945287607,0.014216488361358501
548,0.5192929220888487,0.5201142861329162,0.01639459403188805
549,0.528500191454336,0.5220232831831408,0.023061214425038674
550,0.5364326369269786,0.5302484938458696,0.05007682992120748
551,0.504136302291626,0.5125762993375695,0.041511410996380366
552,0.49612764026083006,0.5035439271624752,0.013104159931189307
553,0.49966885449892223,0.49671501674783736,0.011463843006082969
554,0.48598330548375707,0.498471381109193,0.017209239853542804
555,0.48986235744470147,0.4856100048508811,0.023779082773143462
556,0.4909954654552076,0.4973695455713337,0.013052708616137429
557,0.49057059888862825,0.4946642295393022,0.022387447204121207
558,0.49995226248359065,0.4932897818045382,0.02253690102403381
559,0.5004752250852577,0.5029548302898021,0.011585121105848115
560,0.5032210678173888,0.5028457770384298,0.009611595664215322
561,0.502828801515096,0.5022784908160313,0.013447168698201832
562,0.49933109959400795,0.5031730205186518,0.01100935638979137
563,0.4982305660500435,0.4988313196333005,0.010355189669846051
564,0.4915293845005601,0.49783862107291865,0.014275289864274936
565,0.500867500322404,0.4949587779756388,0.02287623469711406
566,0.5089524501962552,0.5038820968993607,0.017450571021762333
567,0.5123410985998724,0.509565508612538,0.015018883869905665
568,0.5148581666694939,0.5165907148796464,0.008805525061735882
569,0.5165797732181516,0.5126745519214356,0.01478612792086145
570,0.5196525029422328,0.519317925288057,0.024151492291614205
571,0.5337303784054128,0.5229832866996372,0.026128692827179275
572,0.523891089286906,0.5344810577537437,0.042106776213409254
573,0.5211234850454574,0.5212051535510596,0.012141285320932713
574,0.5218971198724698,0.5207469624430858,0.020769180842608533
575,0.5195108342863044,0.5193506621949949,0.008727123057847303
576,0.5121122788144603,0.5220669044836899,0.015258990006814434
577,0.5127224960084203,0.512739983872259,0.011319289311413405
578,0.5112406308919011,0.5171361904517703,0.016197363990855848
579,0.513746779987279,0.5077110591195257,0.015322691634973903
580,0.5129295492280039,0.5166234936496366,0.015429269359009939
581,0.5143678283235349,0.5106454916370703,0.0184440714147879
582,0.523825723662616,0.5151835302379444,0.018172114463799398
583,0.5264844282412114,0.5307284956041178,0.008003129553188718
584,0.538557399660455,0.5294194379571249,0.01664817551321517
585,0.5359640792173294,0.5387245479182812,0.015622824306109864
586,0.5330765770642242,0.5353428505494263,0.01687603133701635
587,0.5324010059592328,0.5358446629579491,0.024570452999893792
588,0.5222130909432409,0.5317320366950585,0.02449695112124825
589,0.5125700131680191,0.518216215339355,0.03547445669695989
590,0.49904775277353347,0.5145725808519445,0.02671793288765437
591,0.49109357817804905,0.5015257931347733,0.01863517629926631
592,0.4835860934788218,0.49205704050197974,0.011021606702898961
593,0.4917037644165247,0.4880753200037886,0.01377792715210677
594,0.5010527412217148,0.4954933272910994,0.017041410563968816
595,0.4954847178473519,0.5005657896182769,0.012508794714160418
596,0.496955690008907,0.4964204683115008,0.01271092488043566
597,0.5049535377631287,0.4989949623049378,0.01761717528002556
598,0.5009764165735674,0.5057038513484874,0.022644703779380604
599,0.4924229599221925,0.5000859134491858,0.023384622691079056
600,0.49249919994922536,0.4913479641212709,0.017085511691156144
601,0.48423987870656254,0.49370422602280595,0.02267410453083882
602,0.4830521684050893,0.48183554832487596,0.012190286573363074
603,0.4829977543176334,0.4868535886839983,0.01992268420687405
604,0.4796417049261678,0.48243557145421256,0.013943306379059238
605,0.48531862065205905,0.4783666083549233,0.014384317650932489
606,0.4818318111542736,0.48622087051077634,0.02244869876965916
607,0.4866043415855718,0.4850209079782082,0.03979269206738545
608,0.4699114132245001,0.4908570779694117,0.06780303298789059
609,0.4632647448019878,0.4643270802143179,0.04202224905296688
610,0.47644907673185616,0.46345431929891945,0.015564022803193432
611,0.4834226724711062,0.47301039825891555,0.017601249872985694
612,0.4944278026381686,0.48995162201012765,0.012568821248387613
613,0.49064683919092184,0.49565688623663196,0.021777381611363212
614,0.4742699006174976,0.490584382046402,0.027965014762007055
615,0.46102011457745257,0.47213772106962193,0.022016262716961225
616,0.4631230822789228,0.4607380770102245,0.022285769605328208
617,0.4526409422758026,0.46130536323262306,0.024038789411024376
618,0.4588953256324599,0.45426918884579903,0.02490243648510949
619,0.44966629846080003,0.4563636810809877,0.025963313600226804
620,0.4520089623775851,0.45185837938705165,0.030960216316812877
621,0.44838058226014105,0.4466877063390603,0.028620406513263138
622,0.45812169865660685,0.45068018564170564,0.019348144522128064
623,0.4508540020042732,0.4574327797119089,0.03836920568428347
624,0.46114000285154816,0.45551281454196846,0.02236049651528451
625,0.4715457906443706,0.45713818941252005,0.026977639525535283
626,0.4787917860576247,0.4711231699959131,0.01884710671602762
627,0.4847302240593821,0.4821301386242649,0.009841901550638018
628,0.49033088338588354,0.4833410274134965,0.00871977286998275
629,0.4873017444923386,0.48838083655984077,0.006468165320807659
630,0.4933382097001581,0.49059526644001306,0.020756930529500943
631,0.4894482438021253,0.49518781073504725,0.007263210641490267
632,0.49150764222490845,0.4901807384956406,0.002659542975657846
633,0.4868113698648036,0.4921879044036267,0.028869087869347217
634,0.4716657132948459,0.485130003092633,0.03428740135683439
635,0.46772125864978703,0.47175588816913505,0.05330723748767903
636,0.4666316554019772,0.46584340183349693,0.04111327582038368
637,0.4490561257169104,0.4569309673033862,0.038206276519952516
638,0.4640275123810648,0.44788766887162856,0.046910123982895395
639,0.47509798264192954,0.46717422826771204,0.025688906586616784
640,0.4791077840491616,0.4733594942524645,0.022603052714814796
641,0.4819080850391871,0.48492269725739445,0.018996560535940222
642,0.4883259440892947,0.4804828693773342,0.02193418561914037
643,0.4774079846913421,0.4892862087930201,0.02015789021853978
644,0.4810472743969892,0.48341730189487875,0.033170172801422156
645,0.489197627904628,0.4805264906778831,0.031232173267801377
646,0.4902219322999429,0.49634419383011863,0.013589272330249882
647,0.4900693563074518,0.4902243597961897,0.01351454542029358
648,0.49219411674298424,0.4919916085511564,0.019029636381330716
649,0.4983395425092639,0.4931479079201232,0.01805451145796653
650,0.5004207227996016,0.5034348320480504,0.008446590887683486
651,0.5028505265766974,0.5019620898663679,0.01175540045804362
652,0.5006495184261983,0.5035984328566352,0.016942183027797337
653,0.499952192800506,0.5016894358064106,0.01388205481352129
654,0.50482279451215,0.49995496582143417,0.024321771643809713
655,0.49507070760237454,0.4976313989637847,0.015070335184957543
656,0.49796902241234325,0.5013839611134107,0.012209887074335218
657,0.5014340855456709,0.49844957045891847,0.01594255747821797
658,0.5093447309012437,0.5007731373165678,0.014210363204804708
659,0.5124065056293107,0.5101000579279986,0.011080408205815396
660,0.5154683709865535,0.511463663132204,0.012132710101757399
661,0.5158388399753636,0.5134381339963044,0.007025554567203016
662,0.5129731414078441,0.5167543994143359,0.007077005882254896
663,0.5063046717375491,0.51341632334603,0.009603020445040009
664,0.5097914161728182,0.5064237702597549,0.013089459555460196
665,0.5096824597828761,0.5062819801014447,0.013844078842887759
666,0.5219842612919785,0.5109291138167434,0.01377792715210677
667,0.5158497841062801,0.5199179484173935,0.010605096057240894
668,0.5184321486059903,0.5194597573094197,0.012508794714160418
669,0.5236296318755963,0.5239323220964179,0.02229434482450352
670,0.5126789227715689,0.5156416794828657,0.01337611688217781
671,0.5155119368942892,0.5136563242251541,0.0187760549000036
672,0.5055528304557457,0.5141908316775624,0.014922106396355703
673,0.5012488778006807,0.5043075511003965,0.013182561935077886
674,0.5091158352748569,0.5032384106064229,0.02027181813044037
675,0.5018153835224004,0.5084200936371823,0.019976585584547443
676,0.49393749419024974,0.4964641733381544,0.03005124308422968
677,0.48981874277920684,0.49138070102820885,0.023752132084306765
678,0.4714913249925859,0.4852172456937308,0.02728879747846807
679,0.493283672586254,0.47495213221607824,0.06708148954585352
680,0.4786283353535648,0.4901698122389774,0.04023492837056946
681,0.4950598375177789,0.4943261016654692,0.040614688076904756
682,0.5038421183762483,0.5030093778470146,0.02559457917568834
683,0.5092792897168006,0.4987112982622123,0.02738189985808576
684,0.522725220279678,0.5101000579279986,0.03011249464976763
685,0.5381324059285229,0.5271394924000244,0.02316656711776395
686,0.530701202945606,0.5412444524914534,0.020669953306437054
687,0.5417173264915779,0.5307284956041178,0.01255779596659078
688,0.5472198240057615,0.5456515853276281,0.00937761468386035
689,0.5408455604780871,0.5439825472934752,0.008500492265356884
690,0.5341988710270573,0.5381245666519971,0.012442643023379434
691,0.5437875539686086,0.5367610033108441,0.011357265282046936
692,0.5445393988089408,0.5463388510580626,0.012873854044766611
693,0.5383721460704333,0.5456843222345659,0.007633170097339493
694,0.5428395422285636,0.5457824910923275,0.009414365623183117
695,0.5548907487339216,0.5428916798753318,0.014092760198971842
696,0.5489850677451875,0.5572584933592117,0.015158537439332195
697,0.5527224245193874,0.5493605680397573,0.010818251505312963
698,0.5608945535423178,0.5560039832694311,0.01545499501653588
699,0.5576147557311281,0.5648727127728882,0.04497089941796386
700,0.5527769062895146,0.5560039832694311,0.01193057993548216
701,0.5467404514057159,0.5516623242471322,0.01468690038468997
702,0.5374132926530201,0.5467424527457714,0.01297308158093809
703,0.5388188421259446,0.5389536225407419,0.012554120872658503
704,0.5476993647456798,0.542509972564002,0.016303941714891884
705,0.5472742920025385,0.5492841679692181,0.012015107095924533
706,0.5491702263013618,0.5518040725423903,0.007834075232303974
707,0.5584646965441903,0.5502223189723876,0.012870178950834331
708,0.5572334247747313,0.5607601283730501,0.01321318771784686
709,0.5528640569925968,0.5565603013721139,0.015662025308054155
710,0.5495952036015955,0.5514986397124426,0.013600297612046713
711,0.5491593993448717,0.547549739847294,0.012965731393073537
712,0.5395924784540751,0.5465788100741342,0.013014732645503898
713,0.5389387810111146,0.53973909899199,0.008397589635253125
714,0.5363999171749869,0.537513700992102,0.010843977162838903
715,0.544888073906154,0.5404372491160354,0.010339264262806184
716,0.5494535678724947,0.5460224919714515,0.0116512727966291
717,0.5524717691250085,0.548695071096545,0.009493992658382456
718,0.5508373613975843,0.5508441527519986,0.0043684616541666875
719,0.5526134719889624,0.5507132469872993,0.007489841433980688
720,0.5548471381992386,0.5539749229850659,0.00547221486516057
721,0.5533652677325823,0.5558294143411305,0.006402013630026672
722,0.5441143668412517,0.5510186379541945,0.011581446011915835
723,0.5445502674533705,0.5412117155845155,0.014734676605809571
724,0.5436676164754336,0.542237109188783,0.009215910550840156
725,0.5325100212858391,0.5421390240571263,0.016890731712745456
726,0.5309300649795738,0.5285685714181056,0.010705548624723133
727,0.5352885019470485,0.5341646568040804,0.00836451378986263
728,0.527682937027978,0.5349173544853382,0.01191587955975305
729,0.5320740985508815,0.5282303179551154,0.007869601140315985
730,0.524937144785008,0.5311539079421013,0.009827201174908911
731,0.5357025241894023,0.5296811657604188,0.013759551682445387
732,0.5325753677400543,0.5396408882711762,0.012235612731861158
733,0.5347981763860108,0.5301830200319938,0.020736104997218043
734,0.546141147137818,0.5366737607097462,0.021914585118168226
735,0.553604977147216,0.5540076180289514,0.008507842453221438
736,0.555664395407376,0.5523822850214523,0.010363764889021364
737,0.5557188602399379,0.5579129803196557,0.010259637227606849
738,0.5573532671411823,0.5568875448523358,0.010282912822511269
739,0.5641961150005593,0.5622655655986182,0.010221661256973318
740,0.5604042755780222,0.5646437218765322,0.00717133329318334
741,0.5578436161932111,0.5628764312585133,0.01667267613943035
742,0.559641467418921,0.5572803040094861,0.02103746269966476
743,0.5614502127129581,0.5645563955493296,0.053301112331125236
744,0.5461520149310227,0.5380591347011736,0.02958083106089821
745,0.5547818152710272,0.5487497023798622,0.01127273812160456
746,0.5528858944069955,0.551411438974397,0.014127061075673093
747,0.5479281313833394,0.5527204547583376,0.01753019805696167
748,0.5374677076110697,0.544418885888122,0.012140060289621953
749,0.5287507666139707,0.537208226299102,0.011216386681309646
750,0.5352340456838215,0.540829924547081,0.010439716830288423
751,0.543319058783293,0.5354192506199656,0.01965685241243934
752,0.5510988849129698,0.5489023769317837,0.009997480527104415
753,0.5491266182598837,0.5514331658985668,0.004634293448601398
754,0.5497369087556073,0.5489242294451104,0.008271411410244945
755,0.5447136560550578,0.5496986540505381,0.01375220149458083
756,0.5437439366060574,0.5422589617021099,0.011739475051003753
757,0.5423165475566938,0.54337168163358,0.01838404488056071
758,0.5465115700243045,0.5423680568165347,0.018275017093903157
759,0.5293501210653416,0.5436334931629786,0.019528224124809642
760,0.53008011487241,0.5290266787999747,0.0284660525681075
761,0.5193256048957337,0.5309357177132515,0.014727326417945018
762,0.5216137816616396,0.5224596217777877,0.032340826604038295
763,0.5158388533943183,0.5207906256066872,0.025808959655071167
764,0.5067405189191705,0.5160671755469538,0.01886548218568901
765,0.5062610571732997,0.5051147544758144,0.011723549643963882
766,0.5115893402613426,0.5069474770446568,0.01777765438173499
767,0.5146729311708984,0.515728963947016,0.010200835724690414
768,0.5222131138536554,0.5148017392005099,0.012567596217076853
769,0.5210363166350478,0.5235287204087089,0.007453090494657917
770,0.5241526194954198,0.524401439461055,0.011799501585230944
771,0.5219406930939199,0.5270522497989265,0.012361790956869335
772,0.5234770628459121,0.5219251143253795,0.014940481866017086
773,0.5114367441679639,0.5207251517928113,0.01559219852334089
774,0.5053458114543631,0.5085401150082706,0.014804503390522836
775,0.5155663981336249,0.5093582446403518,0.018506548011636613
776,0.5252095143011561,0.5200815073629259,0.013964131911342142
777,0.5272689432493188,0.5280558327529196,0.016551398039665207
778,0.5291757530320258,0.5268667546139624,0.010908903822309132
779,0.5304615373214834,0.5267467751059265,0.01299758220715327
780,0.5230630069148385,0.5315684358864736,0.020399221386759307
781,0.5125481849420318,0.5194924942163577,0.026361448776223487
782,0.5060867237663159,0.5103836382446193,0.0199569850835753
783,0.4959532836713855,0.5041111715218214,0.012790551915634996
784,0.4927933811638066,0.4939551531585935,0.023333171376027178
785,0.4806768355474333,0.4922533782175026,0.017835230853340666
786,0.48146131978064005,0.48076649155700724,0.016992409311538455
787,0.4853185767276608,0.4816609793965755,0.016076085891090705
788,0.49477653980960073,0.4874318011630603,0.009313913055700878
789,0.49233577326302885,0.495209663248374,0.01827011696866012
790,0.4839020596052102,0.49181699775980325,0.01749099705501738
791,0.4695300426952916,0.4789338108512171,0.021322894995071614
792,0.4663374263280721,0.47189767832744545,0.023660254735999836
793,0.474542230694498,0.4695304483061947,0.031283624582853255
794,0.4856127940424982,0.47451579362143137,0.016101811548616642
795,0.4821586936524606,0.48843534225400076,0.008670771617552388
796,0.49436244532024637,0.48684266242733487,0.015437844578185252
797,0.48652807893873823,0.49192613473728064,0.018175789557731675
798,0.4874760491567082,0.4879444142390893,0.018594750266011262
799,0.4752396039966897,0.48952616780909186,0.02467948078655135
800,0.47732082364811107,0.4749630584727417,0.03959546202635325
801,0.4843597486683337,0.475093964237441,0.022655729061177434
802,0.49463487073335516,0.48746449620694576,0.01894878431482062
803,0.49679228409998505,0.4908134148058103,0.01758042434070279
804,0.4884349140904422,0.4995295116203984,0.022179191881292176
805,0.4971518551371908,0.4928424332271233,0.023330721313405658
806,0.5105759578249959,0.4971732078558111,0.062404320001375566
807,0.5120796827533277,0.5196015893307825,0.04975587171778861
808,0.5047791560500677,0.5030202622406257,0.042596788737712867
809,0.49678142700180467,0.4992022681401763,0.024752982665196887
810,0.49054875213326804,0.49108615259187227,0.03251355601885532
811,0.5233026752801365,0.5008276011476754,0.03398114352914463
812,0.5209491580351644,0.5230269080001863,0.03076053621315915
813,0.49829598755401766,0.5126308887578344,0.0362842023933716
814,0.4980126766525114,0.49421696468799203,0.042153327403218095
815,0.5347981530373521,0.4992567738343363,0.05932949141137041
816,0.5291757490789578,0.5278921900812824,0.042847920156418466
817,0.527139800005011,0.5242029667298624,0.044682132587329115
818,0.5153437831906211,0.5240883456925273,0.04700491690572193
819,0.5208682709599646,0.5129612301039302,0.0411624657276359
820,0.5146512190798671,0.5160405925087114,0.04891160708910233
821,0.5211136751791763,0.5128356828099317,0.08717513422233186
822,0.5381068626889312,0.5224940332068196,0.0567708910157191
823,0.5402828391283191,0.5370990893216249,0.05261484489071279
824,0.550202864628478,0.5366677324302078,0.06795892802243517
825,0.5622661765133085,0.5503774215813454,0.07215413594838382
826,0.5587977067303728,0.5580867119869095,0.03485741577591843
827,0.5652601463142377,0.5592277732048208,0.03310002995863071
828,0.5559181573690016,0.5657849505466529,0.038046654940160615
829,0.5475088579777733,0.5553240017101057,0.046542318132090484
830,0.549003076338613,0.5447864853508098,0.04976827148471612
831,0.563160538987176,0.5536642154105221,0.051033687177665626
832,0.5568616666063456,0.5636229332080233,0.04170094049059314
833,0.5663344887408178,0.5596317935230531,0.03555009013008615
834,0.5673815591018406,0.5659542865934097,0.02335118913654582
835,0.5734404537652773,0.5677123254768593,0.03070626487602991
836,0.5709754027350883,0.5703439206737021,0.024660661855555467
837,0.5670325435485513,0.5696068797740232,0.023857844936237403
838,0.5670052335109242,0.5677777992907352,0.029546096523112953
839,0.5625060916127779,0.5611059171854632,0.04513983613584277
840,0.5699174430418522,0.56818186147202,0.05025045115881874
841,0.5688539630675781,0.5701255211295907,0.024462405238284846
842,0.5719134483388323,0.5706496884080684,0.04213906313863562
843,0.5675179099447939,0.5705569198840602,0.028836288881032953
844,0.5617480215443329,0.5664674857521717,0.03460286406979319
845,0.5630841467213202,0.5617064845344802,0.039204375680518676
846,0.56053737921302,0.5618812627780426,0.03525148139790077
847,0.5617153312492503,0.5609148542145366,0.045110464785136015
848,0.5595939023239144,0.5655775191222573,0.045240188250757526
849,0.556430797781996,0.5611659488025336,0.047144430821579035
850,0.5483268329751796,0.559582646299594,0.038570444027764474
851,0.5528260126908107,0.5523701865993229,0.03583156557435925
852,0.5480105896342495,0.5542757090162025,0.04381812535403864
853,0.5434459222315271,0.5448575269506483,0.0412334464918439
854,0.5411718137728692,0.5473198698268387,0.058146449273818956
855,0.5321734631088184,0.5377761404672857,0.04126771306766845
856,0.5279469455381435,0.5286254214431972,0.05223056971896603
857,0.525007455132597,0.5258736792861094,0.06244690453980016
858,0.547481503227048,0.5232911475866212,0.10545635242473007
859,0.5432005131756038,0.5492472028939928,0.12986394486204633
860,0.5288304282910475,0.5243612927938511,0.11824023281984668
861,0.5147166082747475,0.5088171646887246,0.05187321828536714
862,0.5099175436589926,0.5176020843613766,0.04771961977291972
863,0.5185232303440283,0.5057105494368634,0.10018174736030805
864,0.5321079962910772,0.5180497678432102,0.08889580585123612
865,0.5370107469905415,0.537852540537825,0.041328903381640865
866,0.5406155630374608,0.5405388088810372,0.03208427074668865
867,0.5375178721846212,0.5398180527087226,0.042082768049781
868,0.5352928994988932,0.5326275292478831,0.059739845049660595
869,0.5310663813235363,0.5357341444997443,0.034837834875447254
870,0.5331877898622207,0.5315846368877332,0.041355827119788725
871,0.5249856402813123,0.5320105097192925,0.05438691638335388
872,0.5187250004034765,0.5175857159079075,0.052827787183336784
873,0.5256019194264587,0.5215167402497026,0.04608706219613573
874,0.5279796701743372,0.5215495190196928,0.04464297078638677
875,0.5293758030470375,0.5275498759022141,0.0485101986294433
876,0.5179233275424927,0.5262558889540672,0.05610024517458145
877,0.5113845593674208,0.5144954272464628,0.0369280960007449
878,0.5124697701125149,0.5077689138578738,0.034416845515317054
879,0.5127206243099983,0.5122022948278722,0.03820330214392999
880,0.5109645866278353,0.5163462765169731,0.026858617933444556
881,0.5153819780121928,0.510203962023932,0.023877425836708575
882,0.5151965650735731,0.5150850683388165,0.032042661333187415
883,0.5119298570332274,0.5145718273170021,0.026366647809106355
884,0.5124533937426474,0.5115034330319368,0.011592858403606868
885,0.5085650927980266,0.5132833662917656,0.03576058481015125
886,0.4979088815077091,0.5053775707184693,0.07345381821715788
887,0.4938022229187082,0.4975153545826698,0.03439236938972808
888,0.4889376710046472,0.49671275614301047,0.047722067385478614
889,0.48946673226277887,0.48858311882879724,0.031210473063162592
890,0.48465667336716906,0.4902865264289299,0.03283324018971099
891,0.49087375259097105,0.48363101277712695,0.046549660969767176
892,0.4931478621181972,0.48863770824906205,0.03269862149897168
893,0.49741795678440165,0.49263973232764324,0.03552071877937939
894,0.4912827616055499,0.49666365078260355,0.038998776225571366
895,0.4884687260219212,0.49310382612599835,0.029910790794388537
896,0.4878143639371047,0.48858860288865524,0.028593975237702195
897,0.48094825544195735,0.48174742659967873,0.021371070576398525
898,0.47776884477259746,0.48220603633817594,0.022788238247999616
899,0.47753978323659135,0.4795197679949639,0.03464692109585332
900,0.4843894880893192,0.4801858928839613,0.027233102654955727
901,0.48365326438816064,0.4829758560078452,0.022817609598706375
902,0.4835823254037787,0.4848977050151414,0.021123861707949974
903,0.4762582237277561,0.48233158363217443,0.04958225293023998
904,0.4700193372397354,0.4755177020533303,0.033102477571189615
905,0.46797970300025066,0.46785211667442006,0.02432044370986885
906,0.464478608292941,0.46904245070494754,0.020345520914220875
907,0.4660873715969123,0.46262162132462015,0.017210129226274413
908,0.4670526531635804,0.464199565356859,0.021319670712661696
909,0.469250381772553,0.46766649590029896,0.036693125195090825
910,0.4687705156857543,0.4687639358176613,0.024861366085384983
911,0.46825242571194065,0.46967571309785017,0.02217878272083438
912,0.45343523030473903,0.4681688943915545,0.032280079751400376
913,0.4539532091651421,0.45687244275620065,0.0234368555761072
914,0.45494030668213287,0.456222686320672,0.020854624326471356
915,0.45452587680105466,0.45919291174797605,0.02521626990642498
916,0.46208446586579527,0.4547813414282522,0.0347325875354147
917,0.4637150706374216,0.46286183151900606,0.015966742046354974
918,0.4608520205516056,0.46219039002236006,0.02253858176699217
919,0.46693261846119977,0.4646963541990996,0.021495898816902247
920,0.467090848579881,0.46520415302410834,0.02503269896450774
921,0.4655310929681719,0.4671369282880681,0.03376333296209168
922,0.470166555216699,0.46704947637170824,0.026031324888537526
923,0.4601702343788158,0.4702271750864603,0.03290666856647789
924,0.4580433883232255,0.4586305235027025,0.021982973716122657
925,0.4654711138579794,0.4587397023432319,0.04332126000458265
926,0.46713446991954416,0.46439062832778555,0.04482898934086291
927,0.45029943776882314,0.46759017955586435,0.05880730466472102
928,0.4524807923194358,0.4542626582096323,0.047680457971977376
929,0.45600375569234236,0.4522425566184701,0.08242921347063148
930,0.4369817888976238,0.4566704535286106,0.2767231460083973
931,0.39139561282332935,0.38972213922290666,0.0978075631781784
932,0.3875126628446126,0.394766971935533,0.04276075672859534
933,0.3819991433133324,0.38602035695578163,0.03258603132126244
934,0.37703639210640794,0.3827990369404808,0.024060996778625814
935,0.37669288262144246,0.3805496514115959,0.028106900338481785
936,0.37549852206812323,0.3785021713841966,0.04882349303698205
937,0.3713755688938994,0.37174283736256486,0.05851603877021233
938,0.3763056169511895,0.3705471867243888,0.04119673230346045
939,0.37746721474001826,0.3771371846992637,0.025284803058074085
940,0.381584668096254,0.38074619844238045,0.02686106554600345
941,0.38867420989919144,0.382788068820765,0.045438444868028144
942,0.3858002698734069,0.38928534013468385,0.030221637589368393
943,0.3844477885654732,0.3887448044027372,0.034859863388477325
944,0.3783561993713827,0.3826898999630035,0.03578016571062242
945,0.3814864899360423,0.3829519626707162,0.02443303388757809
946,0.3833843037674957,0.3839237715679754,0.02445995762572595
947,0.38788351464395476,0.3834105724092134,0.033983618092392365
948,0.38785623383901846,0.38865743621248217,0.03001359052186219
949,0.39311891970942586,0.38847181543836107,0.037126352618015515
950,0.39434054231968446,0.3975406084690001,0.09997859551791963
951,0.39848521201501474,0.39496351896631754,0.03273288807479623
952,0.38777443411805007,0.39765522950633514,0.040976447173159763
953,0.388352481957572,0.3882588580910553,0.02444771956293147
954,0.39314616781256767,0.38915970911458075,0.026334828845840697
955,0.39221906514253374,0.3898749393639851,0.026063143851803184
956,0.393800558874491,0.3920534088821884,0.020436082578900047
957,0.3889687941661326,0.3937623842682836,0.0330437348697761
958,0.3897758658078782,0.3896565398198737,0.025137946304540294
959,0.3863455984415638,0.3893180770416217,0.023840711648325127
960,0.38564212092580913,0.3846936749637493,0.03184440471591679
961,0.380766612205623,0.38468266498098114,0.025228507969219462
962,0.3735951546011805,0.3803530206547068,0.04358315454838457
963,0.3703285531718218,0.374210748024718,0.04373980175215395
964,0.3710920152018337,0.36685088851712166,0.039187242392606396
965,0.36744364015274433,0.37150819495414167,0.029810438679473774
966,0.36808715374581363,0.3677517814036996,0.026173286416953528
967,0.37319711646400905,0.3686253377170926,0.036066536380013316
968,0.3788579120096888,0.3774920996570892,0.019383609178574537
969,0.3831280260132816,0.3795777587882321,0.019985721868063085
970,0.380330315122036,0.38148868153886484,0.014914268646029464
971,0.3792124241667802,0.37909733839946036,0.036634382493677314
972,0.37795806276384597,0.3769625320448583,0.023801549847382784
973,0.37215553833313625,0.37708812120190915,0.03794630282524585
974,0.3741024061705087,0.3723161937275542,0.03462244497026436
975,0.3758256802779789,0.3738176121000967,0.03937326094708253
976,0.38342250656873117,0.3793593592441207,0.044586675697532156
977,0.38803620292822927,0.38560536851783334,0.028373690107401508
978,0.38807436912291876,0.3879312797064144,0.02732611193219379
979,0.39007032126000185,0.39060657992991077,0.02602153443830194
980,0.39275899516991286,0.3918350512011295,0.030042961872568944
981,0.3925135830630257,0.39073769500987177,0.02737995940848952
982,0.3977762534498422,0.39396985755573144,0.03048597974572922
983,0.39815800815865077,0.398572490846382,0.025678868680056425
984,0.3970945843514557,0.39942972056935844,0.03557211864311621
985,0.39249169489768904,0.3981465761517703,0.045962233955632
986,0.3913955559792194,0.38915422505472286,0.04682134596380469
987,0.3872890759510416,0.3908850529541448,0.03659277308017607
988,0.3869837104147595,0.38616231456630135,0.03992886899795205
989,0.3881234785417981,0.38784395337921174,0.03713369545569221
990,0.39187551881954547,0.3891269722076428,0.06707778750123242
991,0.3991778105779682,0.3974259037055604,0.04449611403285298
992,0.4010538516059764,0.39791733407710017,0.04369329711353492
993,0.39630924447738836,0.4016845901581011,0.0646815748060727
994,0.38791622991869146,0.3939862260092004,0.1737496380430612
995,0.40557482863788935,0.40167366390143766,0.08258096544928306
996,0.4066710220232243,0.40597057132077397,0.03048597974572922
997,0.4100139772163018,0.40654928615646413,0.04215864403910679
998,0.4084705753960329,0.40932279710077424,0.04160793121335507
999,0.4061256417674472,0.40840017729002676,0.05648207273376932
1000,0.40230821550024015,0.40689331672067863,0.05687369074319276
1001,0.3970999724509253,0.39911298471527634,0.035437499952376904
1002,0.4012174806010422,0.39870356406329066,0.042070529986986516
1003,0.3947876588663638,0.39862159620678883,0.04182821634365576
1004,0.38977050470238533,0.3922882606058735,0.03527840513604863
1005,0.3842568949870477,0.38843359447156534,0.019248990487835228
1006,0.3898740245676915,0.38618412521657586,0.03991907854771646
1007,0.38782893947269387,0.389225224791509,0.035838908412035936
1008,0.38153010479515664,0.38512490626600937,0.051124248842344795
1009,0.38365701441022637,0.3833232042189584,0.04077574294333025
1010,0.3809029779960307,0.381455944631927,0.03844806339981964
1011,0.382817128932534,0.3773883630133654,0.05611493084993483
1012,0.37988316813146955,0.3793484748505096,0.06746451028553806
1013,0.38885965890404445,0.3854306740003758,0.09109376192912522
1014,0.3919409210165077,0.38751084907166067,0.07615598248217965
1015,0.39596563160661175,0.39621380088781055,0.06499242160105256
1016,0.3890287114015292,0.3961810639808727,0.04665980353491752
1017,0.38389148797061756,0.3883353000246469,0.04615559534778483
1018,0.3843659670806194,0.3822148380449326,0.048571388943415714
1019,0.37830163438762304,0.38328498325216265,0.04428561935278788
1020,0.3872890993005818,0.380544167351738,0.047587448694739305
1021,0.3864765093088921,0.3848192222577477,0.036641725331354
1022,0.38545666460871186,0.3905028432861868,0.050842773398071694
1023,0.3790869148963847,0.3847754753680417,0.05908633249643523
1024,0.3757493881721844,0.37653665921329893,0.05674886250268904
1025,0.37477320247061235,0.3738395064764758,0.0451887883870207
1026,0.37768537779290423,0.3735118862287826,0.03935857527172915
1027,0.38049393514500696,0.37816906707664555,0.054218031116790015
1028,0.37783268653761004,0.3801292207768422,0.04182576873109686
1029,0.37881421846149277,0.37987800059968824,0.04552900653270732
1030,0.38197185139299883,0.37854035048794,0.042902718257011335
1031,0.38622022380183174,0.3856163785006015,0.04887734051327778
1032,0.3817264010478823,0.381275724191559,0.04983925224892412
1033,0.3826753753665853,0.3864462297873409,0.04930812032364357
1034,0.3966146485526957,0.3900660441979642,0.056296054179293176
1035,0.39959231816731605,0.39964812011346984,0.04215864403910679
1036,0.39794532129271665,0.400499823913536,0.04924937762223005
1037,0.4006829529673369,0.400854655145257,0.06195982964057975
1038,0.4055802882756781,0.397955555043896,0.07218105968653168
1039,0.3927644812295757,0.4045182583086384,0.09118187598124548
1040,0.3829480508361836,0.388799393823002,0.03227763213884148
1041,0.3837060609732979,0.38357434067000773,0.029076154911804816
1042,0.3817537302657503,0.38504850619547004,0.04007083052636805
1043,0.37931601256226005,0.3802711783873619,0.04748464896726565
1044,0.37176823767161277,0.38144501837526346,0.05403690778743167
1045,0.3750459065560168,0.3724909301080642,0.04157121702497162
1046,0.3670019089427917,0.3748495782035831,0.04603321471984
1047,0.3608393774985058,0.36620665800450336,0.055121200151022835
1048,0.3516447189414038,0.3574108958012928,0.043022651272397266
1049,0.3533680293129464,0.35239875813255206,0.02923524972813309
1050,0.35104479298572167,0.35465915364420486,0.050081565892254876
1051,0.34245545940920347,0.35165079097620977,0.04993715675127998
1052,0.34482778746084136,0.34201965156334957,0.0545117446238576
1053,0.3495451450456912,0.346212822338962,0.042383824394525274
1054,0.3451058599994529,0.3485877970248975,0.038391768310965024
1055,0.34122844501566363,0.3455576237066279,0.049729109683773774
1056,0.34101029563011104,0.3413044631769975,0.06419694751941118
1057,0.3238643066223548,0.34117338996008884,0.13566233901407224
1058,0.3326935878558806,0.32263182544363056,0.07494441426552588
1059,0.3334570791021981,0.33172238726149184,0.04348035482091092
1060,0.3333698552986523,0.3376244496970946,0.03625989777216614
1061,0.333020878375404,0.3313784822864343,0.0536648706784794
1062,0.33631479505102757,0.3358118213933803,0.03368256174764809
1063,0.3368001401744866,0.3359974421675015,0.04327720297852251
1064,0.33136840629243935,0.3358828211301663,0.04205094908651534
1065,0.32732186234321897,0.3290416448411898,0.04642483272926345
1066,0.32909426293518673,0.3275128898954627,0.06294132227669727
1067,0.333080799026498,0.3319899340290624,0.0776710546561366
1068,0.34300078191796207,0.3385526372938048,0.05353025198774009
1069,0.34802355765535403,0.3446294361099176,0.036174231332604764
1070,0.34315896346639857,0.3483639134209283,0.043590497386061265
1071,0.3379617654547981,0.3418941042693512,0.03785818877312558
1072,0.3428589662283829,0.3380721331789285,0.04961896711862343
1073,0.34432600618859827,0.34269666084595796,0.046569241870238344
1074,0.3480453593950964,0.3480254506426763,0.02279558108567631
1075,0.347450910147404,0.34650758009056026,0.035525614004497184
1076,0.3487215892582281,0.3468734213050493,0.03004785709768674
1077,0.34684009099404106,0.34739206266061673,0.029788410166443704
1078,0.3498613256793155,0.3492756907011172,0.029450639633315987
1079,0.34681285309978005,0.3474248832936594,0.0449782937069556
1080,0.3434098269744356,0.3454975502265053,0.0386169486663835
1081,0.350772067745971,0.34905184896020025,0.0694911334843044
1082,0.3554022039691344,0.35300485140447924,0.034037465568688086
1083,0.35589845062653974,0.355063132099385,0.03379515192535733
1084,0.3574309305919933,0.356318898080736,0.042777890016507614
1085,0.35796529663972043,0.36025540648238896,0.03265456447291155
1086,0.3594978177215263,0.35845374629839044,0.0648945170986967
1087,0.35925783718750726,0.35904338739074393,0.043864629992657674
1088,0.36305895658317067,0.3583772625017465,0.06394239581328595
1089,0.35646014907198925,0.36231925496325734,0.09260638649052327
1090,0.3435734445436806,0.3529829570281,0.061558421180920725
1091,0.3394833212452194,0.34462399391311216,0.046867850602423725
1092,0.3412829349583878,0.34189950460310414,0.04908049235566619
1093,0.3378472816389765,0.3411242845996819,0.0432135650519912
1094,0.33795627466531525,0.33585548455698166,0.04753115360588468
1095,0.34193735202294,0.33620491545494924,0.05001303274060577
1096,0.3402795176273882,0.3410860217698338,0.043894001343364436
1097,0.3395923560235816,0.33880377374485404,0.0794455737613366
1098,0.34357342554674897,0.33712761899180166,0.061279393349206526
1099,0.3384962044442147,0.34498430920469103,0.06538159199791711
1100,0.333811592568737,0.3373624288524343,0.06043741462894611
1101,0.3296287342382074,0.33459431824187735,0.03609590773072007
1102,0.3298469141084925,0.3318862392483908,0.02294978067688679
1103,0.3307303107918318,0.33070687333757887,0.03912360446607509
1104,0.32890331479788076,0.3316459034648479,0.04668183204794759
1105,0.3298468860622466,0.33325662626707686,0.06754283388742276
1106,0.3241587824243238,0.3270214595239229,0.06313957889396789
1107,0.31836171791121487,0.32495769476915926,0.04448632358261739
1108,0.31948513339925216,0.32253901505657,0.03940997513546598
1109,0.32306262145996245,0.3188699696963829,0.06804214684943764
1110,0.31788727543895867,0.3279223942735531,0.08531250106501159
1111,0.3136934963578397,0.3170518991958631,0.033621371433675676
1112,0.315454903571414,0.3160363015458455,0.036039612641865455
1113,0.31164297032933796,0.3159545011415531,0.036384726012669864
1114,0.31437513294530495,0.31434377833932414,0.033447590941994024
1115,0.31383527686517276,0.3159490170816953,0.04810389494466647
1116,0.3086380418580633,0.3162438585593982,0.07641787702598159
1117,0.305774868978357,0.30930434596045087,0.13825436071394365
1118,0.2886889517333355,0.2882130703775472,0.0864457456797807
1119,0.2917974924984022,0.28910852106731944,0.07260204904666188
1120,0.29580582037760084,0.2928266299248611,0.04775143873618537
1121,0.298363551039854,0.29493962562918863,0.04314747951290099
1122,0.29668932110362045,0.30025748916924344,0.0897573654719677
1123,0.30632571879115805,0.2993401859661443,0.06371966307042637
1124,0.30905252429738755,0.30847997873356936,0.025079203603126776
1125,0.30950507163709184,0.30929341970378754,0.038553310739852194
1126,0.30374624169591735,0.30745902261285096,0.043179298476166646
1127,0.30552949105327515,0.3048273436899035,0.03464692109585332
1128,0.30548041900577805,0.3056189740098473,0.03414760813383843
1129,0.30214830309528684,0.30737705475634913,0.061262260061294246
1130,0.2997432927372374,0.29956951176691904,0.050363041336527976
1131,0.2967383930868617,0.2993401859661443,0.05582366495542614
1132,0.28614757642813804,0.29067545511679005,0.04251110024758789
1133,0.28706927566628637,0.28665162038793446,0.02793801507191793
1134,0.2900414362153839,0.2900803718276309,0.03394445629145002
1135,0.2905485701218663,0.2914889379500605,0.022563057892581135
1136,0.29406071354530616,0.291832968514275,0.01420446100394947
1137,0.29376615718058435,0.2951797939605221,0.07992530582288032
1138,0.29883252839094704,0.2988542815175147,0.03417942709710409
1139,0.2974418666966387,0.297625810246296,0.040582381551177424
1140,0.2952005257287134,0.2981499775247738,0.06717079677847047
1141,0.28914708316149806,0.29799169332383735,0.06791731860893392
1142,0.28569492890094494,0.2877162396722541,0.045759082113243595
1143,0.2948296408958671,0.2881202599904866,0.07794029203761524
1144,0.28572767613914213,0.28531392841313385,0.053001567675018436
1145,0.28069402626700257,0.2849426450018393,0.05940452212909178
1146,0.27817995356948605,0.2786857094714632,0.027074007838627453
1147,0.28342081555460547,0.2780250686423237,0.0405995148390897
1148,0.2793797304686098,0.28180325097998793,0.02941392544493254
1149,0.28186652391762496,0.2799960230100267,0.03920682329307757
1150,0.2834207921676399,0.2817486615597231,0.04237158633173079
1151,0.28736915781490063,0.28405267837192494,0.04728639234999503
1152,0.2814084791864027,0.2857561696981622,0.07105515790943928
1153,0.2794833723097725,0.2822182394179361,0.061580449693950795
1154,0.2687016600076567,0.27773018530156834,0.0680788610378211
1155,0.264426104317585,0.2706542828780639,0.055025743261225876
1156,0.2678455128976977,0.2654347556479799,0.04758255346962151
1157,0.26977060256182583,0.269158306702327,0.016201712852009043
1158,0.26923614051131617,0.2680117195615055,0.045320959465201115
1159,0.2695197721159888,0.2702503044228838,0.04474577051386043
1160,0.2619884216439563,0.26928937991923574,0.05158684761597624
1161,0.25669300290428865,0.257807349372813,0.07777630199616917
1162,0.25887986594049855,0.25785105439946665,0.03887639559762654
1163,0.26469331084370695,0.2607392282441642,0.03445845492881829
1164,0.26596943518375293,0.2642880847810536,0.032642326410117065
1165,0.26637847488391947,0.2680281298780267,0.02803347196171489
1166,0.2614157652742211,0.26646115396550374,0.0698435896927855
1167,0.26989602845422156,0.2605973124966967,0.05718698515073152
1168,0.2725137074247289,0.2686942129039719,0.04826054214843585
1169,0.2782290255978438,0.27666556601724857,0.03236329857840286
1170,0.2776945740157883,0.2773425752998572,0.03366298084717692
1171,0.28330631017956726,0.2800506961563962,0.05051479331517956
1172,0.2749678319457852,0.2798704757160283,0.043800992066126365
1173,0.27516417956057915,0.275890304150774,0.03124229202642825
1174,0.2733316813999388,0.2730784047874587,0.0413705127951421
1175,0.2752405074192447,0.2745034649525142,0.0523921121478532
1176,0.27894891272576666,0.27425232850146497,0.054727134529040496
1177,0.270883079870247,0.27591755699785403,0.06500955488896484
1178,0.2757912595311441,0.27500029565780726,0.09288786193479637
1179,0.2891906980461046,0.2767037869840444,0.2746622562338064
1180,0.31643657583297236,0.28391616295821076,0.29816423202433096
1181,0.31011591397930194,0.3169426784922812,0.04974379535912715
1182,0.3080327275476405,0.31105154231334176,0.04399924868339698
1183,0.3090197468803986,0.3090204726024638,0.06751835776183379
1184,0.3144242325436958,0.3110787951604217,0.052467988137179
1185,0.3149968581350844,0.31475328271741454,0.051971122787723
1186,0.3089761454309751,0.3109751003797502,0.04355133558511892
1187,0.3186888834384035,0.3107184380057907,0.06712918736496924
1188,0.319414225649633,0.31822573918376473,0.041561426574736035
1189,0.32470966189707745,0.32358186555366775,0.0605867189950388
1190,0.3203685981905609,0.32380022323472657,0.05369179441662726
1191,0.3165347856109561,0.3207700080534047,0.047673115134300684
1192,0.3217046801498973,0.31776160352235716,0.061915772614519624
1193,0.3183507342960642,0.3203768721287833,0.07116285286203072
1194,0.3156785854081499,0.3164021427603345,0.06175178257307355
1195,0.3188416249178177,0.31749409861783895,0.08984058429897018
1196,0.3133335199533736,0.31583431231825543,0.13247309984983005
1197,0.31507863983389156,0.3134865904794,0.14191109387693507
1198,0.30305358078421585,0.3136067374396453,0.08085050337014321
1199,0.3037134446909491,0.30520402743495134,0.14926861722897805
1200,0.2994924470791827,0.3019991595992241,0.06478437453354635
1201,0.2956912891867913,0.30166061309486747,0.06945686690847984
1202,0.2903904558480177,0.29662670663890445,0.04420974336346209
1203,0.29057038481389075,0.2920949893589354,0.030539827222024942
1204,0.291382974044195,0.29193122109814107,0.05771322185089427
1205,0.28237920064121924,0.28994385641391673,0.05870450493724737
1206,0.2803722535391247,0.28166673556627364,0.05829575363991164
1207,0.2850351503259761,0.2823820495417827,0.039485851124791777
1208,0.29147030743149444,0.2870665669628303,0.05628136850393979
1209,0.2861475677881168,0.290003888030987,0.07275380102531348
1210,0.2784908019057592,0.2863185160803833,0.06811557522620454
1211,0.27524057108893035,0.2761196299515487,0.035432604727259114
1212,0.2777218755845352,0.27629432446900637,0.039872573909097424
1213,0.2774219285342242,0.27850553089414765,0.0456856537364767
1214,0.27755278856715304,0.2766437135039218,0.03344269571687623
1215,0.27380623159956546,0.280099801516803,0.06681344534487159
1216,0.2670602248021473,0.2742250756543849,0.04400903913363257
1217,0.26596405212964636,0.26984084190784585,0.05759573644806723
1218,0.2728409244477915,0.27497848500753275,0.028540127761406475
1219,0.2721156812996585,0.2739793814001412,0.03729279027202048
1220,0.2683581343069006,0.2741868128245367,0.04035230597064115
1221,0.2714830436692399,0.26999916797183454,0.0480133332799873
1222,0.27278640308505087,0.2732914039978168,0.03665396339414848
1223,0.2720337797515857,0.2741649184481576,0.04692414569127834
1224,0.26842904067308454,0.2718336487888757,0.035665127920354284
1225,0.2699396236587082,0.2689235387047467,0.05262708295350727
1226,0.26392439214115765,0.2695350323104271,0.08324671606530291
1227,0.257472879677352,0.264812335785636,0.07360801780836837
1228,0.2526573451476226,0.2549791443506072,0.028735936766118197
1229,0.2558858688411446,0.2551702491845862,0.01981928421405812
1230,0.25290823488177927,0.25510473350765805,0.02598482024991849
1231,0.25440247067112043,0.25418200903927957,0.042129272688400034
1232,0.25321362414266535,0.2554268906270195,0.03724873324596034
1233,0.2534262926835295,0.25461332406764436,0.04005614485101467
1234,0.24552412253651212,0.24774487400006176,0.04202892057348528
1235,0.25195388891208226,0.24989064847437956,0.038771148257593986
1236,0.24702385621190065,0.2500489326753159,0.03928514689496226
1237,0.25127216090119076,0.24968313332387929,0.047144430821579035
1238,0.2419138646257249,0.25113542540448863,0.0805053899993388
1239,0.23979243623997054,0.23934220585842017,0.03486965383871291
1240,0.2361494549733693,0.23641028512401666,0.03824246394487234
1241,0.23979244118086185,0.23618098025476805,0.042804813754655474
1242,0.23187387530938042,0.24051606677784795,0.08079910350640639
1243,0.23638942839675825,0.23795542945473894,0.15182881996558384
1244,0.22405350541422703,0.2282587743649506,0.10804103128692481
1245,0.21905805890651586,0.22154320816455111,0.031516424633024655
1246,0.21984883639125774,0.21934290706454704,0.034744825598209184
1247,0.21872541771595644,0.2183546878507666,0.029421268282609225
1248,0.2164239958506599,0.21922824416415967,0.04198731115998403
1249,0.2136808732072049,0.21593050314679332,0.05015744188158067
1250,0.21868720799752595,0.21631813408003062,0.07927179326965494
1251,0.22626219791692775,0.2220564282548392,0.04069252411632777
1252,0.22340454365531853,0.22440963415355256,0.035601489993822975
1253,0.2274947144328111,0.22439324476855751,0.04653497529441379
1254,0.22548235399704852,0.22982030808066803,0.05104103001534231
1255,0.22071048055240455,0.22540327463261248,0.02273683838426279
1256,0.2216975740440938,0.22138486116903625,0.03414271290872064
1257,0.21795644548188065,0.22116648255645102,0.0552900854175867
1258,0.21301552742570412,0.21256178332416706,0.04063867664003204
1259,0.21399719643375337,0.21528627263417502,0.035043434330394564
1260,0.21130310328178803,0.2127637934832833,0.02667015176640952
1261,0.21379538817131594,0.21059082895646405,0.032333927227696097
1262,0.21416077855093835,0.2164764810755456,0.0481528471958444
1263,0.22061781940316771,0.2130531927641807,0.04285131839327451
1264,0.22060142443347064,0.21976875896458017,0.05106061091581349
1265,0.21720931121786374,0.22196361786777866,0.04443981894399836
1266,0.2112267930931231,0.2161325342374357,0.05473692497927608
1267,0.20998336072672696,0.21267098309622276,0.06708023511379131
1268,0.210506897862333,0.20968991513835997,0.05101655388975335
1269,0.21073596906894432,0.21080374444071745,0.041453731622144586
1270,0.215126056443792,0.2129931192840581,0.07253841112013058
1271,0.22300099994826122,0.21484947354595227,0.05875590480098419
1272,0.21844181697345882,0.22137395584389893,0.028143614526865233
1273,0.2248497381225658,0.22016185302614924,0.03666375384438407
1274,0.21878539392659002,0.2214394924523533,0.04491955100554208
1275,0.21822366750799388,0.21589228217999754,0.05089417326180852
1276,0.2153714460556127,0.22035840005693372,0.05316555771646451
1277,0.21622766766097157,0.21620349211116943,0.06846803143468565
1278,0.22546053365758234,0.22159779758481582,0.06627497058191435
1279,0.22515512857526793,0.22562169510825,0.040291115656668736
1280,0.22932709017192454,0.22895763616088596,0.05739992744335551
1281,0.2321574701276103,0.22742341808682712,0.08129352124330348
1282,0.2366075634011453,0.23404621576321835,0.03991418332259867
1283,0.23251196082218106,0.23721290449520224,0.07141006173047927
1284,0.23894167386239373,0.23248468204750097,0.06832117468115186
1285,0.2318902515617044,0.2397517102365105,0.06889636363249253
1286,0.24530052124431195,0.23226630343491575,0.13983062320187303
1287,0.2500614983321344,0.2446327956198688,0.07571051699646049
1288,0.24140669467165787,0.24784316844698015,0.11196700183139485
1289,0.23452976798691505,0.23811375551872768,0.04507375059675257
1290,0.2320375068107458,0.23423181560581333,0.03827673052069688
1291,0.23725651918747848,0.2349033617600901,0.045007665057662356
1292,0.23867993034496365,0.239506036913793,0.03121536828828039
1293,0.23533143183450678,0.23704361031149776,0.05062248826777101
1294,0.23462792138675898,0.23903099592724827,0.05915241803552543
1295,0.2288853617746126,0.2361700749296308,0.04244011948337989
1296,0.2348406163658075,0.23039355978802642,0.047651086621270614
1297,0.23685844033832043,0.23806460829526846,0.039343889596375775
1298,0.23226655399489904,0.23601174886564205,0.03306576338280617
1299,0.23367902314552857,0.23446660453491977,0.04263103326297382
1300,0.23869628220431688,0.23469590940416843,0.05254386412650479
1301,0.23980335618052007,0.24022670936000287,0.033675218909971404
1302,0.2375619627354651,0.24049425612757344,0.044838779791098494
1303,0.23379352706874612,0.23735482024266966,0.0381959593062533
1304,0.23065230921115687,0.23274130255840816,0.04083938086986156
1305,0.2277400924231534,0.23073754848918857,0.04741611581561655
1306,0.23392988499940004,0.22989672908273343,0.06848026949748012
1307,0.23471518165441002,0.23166569422284647,0.07426153036159375
1308,0.23600221961687917,0.2361154645778399,0.058961504255931496
1309,0.23628036973033434,0.23727297797532484,0.06763584316466083
1310,0.2441553041179454,0.23536201336163978,0.13294304146113817
1311,0.25754372035742074,0.24547907815465572,0.19333053851423349
1312,0.25470789292540197,0.25989845070076134,0.13452175156162643
1313,0.250137845772759,0.2516814451962933,0.047445487166323304
1314,0.24989243044578013,0.24671299162267993,0.0543722307080005
1315,0.24714385204271994,0.24888601894407777,0.04704652631922317
1316,0.24919433791621803,0.2496940177174903,0.05037527939932246
1317,0.25258099741764445,0.2512391620482126,0.033459829004788506
1318,0.2563766599286581,0.2553176280603854,0.04367371621306375
1319,0.2538462405930224,0.2576653917622932,0.04953085306650315
1320,0.2598342603340532,0.25456421870723756,0.05017947039461074
1321,0.2607558879793492,0.258478916458616,0.04072189546703452
1322,0.25998691907364374,0.2624918667938606,0.055764922254012625
1323,0.25726018658823063,0.25772002304561026,0.04275096627835975
1324,0.2561531134574345,0.25898118936071457,0.03814945466763427
1325,0.25702563102460185,0.2553012805384426,0.04111106586389907
1326,0.2526083092009,0.257190413570327,0.05261484489071279
1327,0.25048682841532327,0.25387626223643933,0.05406872675069733
1328,0.2484744838792466,0.2503328269648293,0.031327958465989625
1329,0.24422073090982022,0.25060037373239985,0.046804212675892416
1330,0.2430045919887016,0.24571928834904158,0.0682869081053273
1331,0.24066501384854277,0.24358450292596565,0.053224300417878026
1332,0.23979244519808807,0.2407781504170868,0.06550642023842083
1333,0.23638399962738177,0.24175548523725623,0.04859096984388688
1334,0.23161214263328428,0.23485974045954125,0.03447314060417167
1335,0.2359477202195333,0.23218439837299246,0.05898842799407936
1336,0.23708748870031965,0.2359462331887139,0.026555113976141385
1337,0.23654758845684576,0.2357605914830667,0.02457254780343519
1338,0.2360022085994697,0.23475596195276485,0.07131950006580011
1339,0.24275368174652961,0.23982813123857596,0.032620297897086994
1340,0.2436099355815426,0.2436500186028939,0.03213077538530769
1341,0.24375169309469535,0.24427788066204328,0.048392713226616264
1342,0.2417557270823652,0.24201208481663725,0.0704016453562139
1343,0.23706566469401702,0.24208850581870264,0.06332070222332623
1344,0.23520600820460869,0.2371309994332789,0.03801973120201275
1345,0.23562048629817917,0.23745313562111423,0.040998475686189834
1346,0.23542964005404088,0.23538388680649272,0.043920925081512296
1347,0.23813455109096004,0.23638299041388436,0.041767026029683345
1348,0.23372266877280334,0.2396916576879141,0.054342859357293744
1349,0.23432253952610316,0.2345812674353072,0.05356696617612354
1350,0.23315001599942659,0.2356076866843573,0.0555691132493009
1351,0.2386635715178832,0.23508356126893196,0.05299912006245954
1352,0.2379055393354026,0.2373766936875226,0.037770074721005305
1353,0.23733834898211575,0.23870888067093912,0.038078473903426266
1354,0.23590953033798356,0.23527468703443707,0.05053437421565073
1355,0.23816727684531763,0.23830483942118055,0.04905356861751833
1356,0.23632396783471188,0.2374258199794557,0.038570444027764474
1357,0.23551142539280984,0.23574420209807154,0.04482898934086291
1358,0.22889078453520983,0.23701085247303363,0.0836848387133454
1359,0.22651854687945727,0.2300441707531111,0.07117509092482521
1360,0.22336090392120628,0.22391822471353898,0.05272498745586313
1361,0.2233990915647635,0.2215814291313469,0.05042423165050039
1362,0.22234110769763443,0.22118831413825166,0.04606013845798786
1363,0.21964163546943932,0.21986707434302474,0.05066409768127225
1364,0.21567687952236253,0.22111735626451798,0.08216487131427065
1365,0.21633130059239325,0.21463107400184092,0.07258736337130851
1366,0.21934708486051946,0.21538998834637277,0.11570205859627097
1367,0.2241516926789271,0.22163603948313784,0.06841663157094882
1368,0.22397715909323268,0.22414206645445586,0.07715705601876834
1369,0.22644760381758827,0.224398686965363,0.2524893340627627
1370,0.2539662238500297,0.2536524204955225,0.14795180167229172
1371,0.24613492513384122,0.2500161957683781,0.061218203035234106
1372,0.24905255606785515,0.2476520636130012,0.040354753583200044
1373,0.24593314544934014,0.24569201457043535,0.05009625156760825
1374,0.24863810141602505,0.24823082031174368,0.03952011770061633
1375,0.24442796464876504,0.24622162404571865,0.05236518840970534
1376,0.24783642792283472,0.24468192191180185,0.10120974463504459
1377,0.25697113843840874,0.24431068036355966,0.13613717585049814
1378,0.26386981678543087,0.25935791496881466,0.05953424559471329
1379,0.2654950419086572,0.26426631599383144,0.07397515969220285
1380,0.2670765351919266,0.26932760088603147,0.06372211068298526
1381,0.2604832047578752,0.26776058311045614,0.0836089627240196
1382,0.25452792623876913,0.25710848757687754,0.037246285633401446
1383,0.25423884686436077,0.2551975229631924,0.032182175249044515
1384,0.2549260650969512,0.25372342023230854,0.045688101349035594
1385,0.24909074681155313,0.2540236829752909,0.03294093514230244
1386,0.249063495216583,0.25014176399390264,0.029203430764867432
1387,0.24685477655865623,0.24826355721868162,0.03822533065696006
1388,0.24797821364164163,0.24614516118060084,0.05476140110486505
1389,0.24688208142584483,0.24862939843317058,0.052076370127755546
1390,0.24688754845796695,0.2439667125939237,0.04608706219613573
1391,0.24487516952081428,0.24622162404571865,0.10276887383506168
1392,0.24389352755839205,0.24271638880937815,0.05257568308977044
1393,0.24352814561643532,0.24191381130124492,0.08916993845783254
1394,0.24729650094527234,0.24604140360535073,0.09221721609365872
1395,0.24354450386040133,0.24591039318302052,0.04707589766992993
1396,0.24142849141945838,0.24701873842552016,0.06132834560038446
1397,0.2430864066595867,0.24081092918707706,0.05268582565492079
1398,0.24343543832298692,0.2448184373255161,0.04887244528815998
1399,0.2441497948224447,0.24502588968143788,0.050566193178916384
1400,0.2466857382003368,0.24605235079354035,0.0718848985669052
1401,0.2409104496016234,0.24316411415426428,0.09362459331502422
1402,0.23161213156857774,0.23956608946238941,0.08224074730359644
1403,0.23049414989038475,0.23171486237783182,0.07676788562190379
1404,0.22500243492758543,0.22272799534064228,0.03845785385005523
1405,0.22036146035080328,0.22559984259492313,0.06286299867481258
1406,0.21262832405281223,0.21184655307476272,0.031863985616387966
1407,0.21816913517069036,0.21572851391920325,0.05054905989100411
1408,0.2207050377580439,0.22112826158965523,0.05249491187532686
1409,0.22493700445391995,0.2216415026114695,0.0670826827263502
1410,0.23270283356762994,0.2292524567070627,0.07409264509502989
1411,0.2370929365606017,0.23252290301429676,0.07912493651612115
1412,0.23820002170132604,0.23831032348103834,0.057468460595004614
1413,0.23859265612413055,0.2410893603482587,0.05912059907225978
1414,0.2359749777661495,0.23914567975916187,0.07166950866172231
1415,0.2323211195132917,0.23660687401785355,0.09096403846350369
1416,0.23484604740536696,0.22936165647911846,0.0638298056355767
1417,0.23393537130959768,0.23256660804095045,0.08445338905683891
1418,0.23652033492909752,0.23878534353605688,0.06777046185540013
1419,0.22796917193246574,0.23659592682966393,0.07579863104858077
1420,0.22806730969535904,0.2299403922463347,0.06300740781578747
1421,0.224522502693924,0.2306829172058715,0.058968847093608195
1422,0.22337727310218575,0.22375987771802405,0.04553390175782511
1423,0.22075958887768526,0.2203911997584502,0.07011282707426411
1424,0.22893442049482993,0.2280294485641758,0.05622752102764407
1425,0.22862359843279412,0.23212436675592216,0.055008609973313596
1426,0.23075047217593164,0.2313217683162628,0.08614958456015422
1427,0.2259131957196594,0.22457342334587307,0.06394484342584485
1428,0.22784918290353295,0.2228535635661669,0.055804084054954975
1429,0.22436983282101663,0.23009327611351796,0.07749972177701385
1430,0.22589137149303423,0.2268556085762742,0.07662102886837
1431,0.22174120949022552,0.22313199472734854,0.07632731536130241
1432,0.22470794537254934,0.221510450326087,0.06537424916024043
1433,0.22080864309744463,0.22686653483293764,0.086651345134728
1434,0.22273377451535775,0.22244410105112886,0.09172769358187942
1435,0.23132309109374394,0.2275053231487504,0.20240139065750404
1436,0.20436074341595573,0.2096571572998959,0.13283289889598784
1437,0.2033245735236358,0.20392981031327692,0.07140271889280259
1438,0.1953242196479319,0.20102518428900576,0.06346266375174223
1439,0.19080868979446292,0.1977438326566345,0.05046094583888384
1440,0.18625497672572194,0.18570491885632232,0.06352385406571465
1441,0.18116681861188566,0.1854810980469316,0.07743608385048255
1442,0.17508609782344314,0.18001577190497295,0.10459968802911629
1443,0.17163947322495154,0.17848703789077194,0.0954137980955776
1444,0.18244841224138536,0.1750036760992845,0.10313846333145506
1445,0.18809825732338326,0.185661255692721,0.06028566265029453
1446,0.19673123950007382,0.19246419008337548,0.06476479363307519
1447,0.199708848623396,0.19319576785472262,0.049019302041693774
1448,0.197909193504189,0.19892861983272572,0.06731765353200427
1449,0.19193757165384795,0.1948610800772164,0.058097497022641026
1450,0.18610773803647035,0.19137769735420276,0.06160003059442197
1451,0.19139221411904073,0.1887296709093126,0.10132478242531273
1452,0.20308463892315082,0.1988521778991341,0.05516280956452408
1453,0.20401719176984356,0.2029088332610324,0.06164408762048211
1454,0.19908173293320786,0.20293068577435922,0.05403935539999057
1455,0.2015085346358031,0.2029361279711647,0.08012845766526873
1456,0.19643676596501036,0.20068670057922763,0.0660913996399971
1457,0.19484976845382646,0.19495933266108254,0.05957095978309673
1458,0.19452801076113418,0.19356709312906953,0.051244181857730726
1459,0.18687124006587352,0.19389467151371045,0.058983532768961566
1460,0.19420079430904724,0.19101734019957164,0.07363004632139844
1461,0.19550964600449766,0.1965372138987427,0.051887903960720516
1462,0.19368270078026933,0.1960294360052601,0.06107379389425921
1463,0.18296647790737924,0.18955956405910432,0.0600947488707006
1464,0.19042148786003565,0.19101187707123993,0.0523945597604121
1465,0.1992998551300672,0.19519410065866286,0.0527445683563343
1466,0.20147580541205856,0.19981310240278224,0.05954403604494887
1467,0.19790374321895182,0.19967114479226247,0.06678162638160592
1468,0.19592410777371022,0.1987866622222059,0.050793821146893764
1469,0.18797830041849323,0.1921147591854078,0.08164597745178459
1470,0.193644553670128,0.1883911871995345,0.0742223685606514
1471,0.18761837338636034,0.19016559453645301,0.08160192042572445
1472,0.1789853896717039,0.18772506231053696,0.10001530970630308
1473,0.1792580515850638,0.1764505050515622,0.11369991152309361
1474,0.176716745736765,0.17249216506810858,0.12603832643249105
1475,0.18987615896940113,0.1801141082149438,0.14759445023869283
1476,0.19890719842892562,0.19554897375343608,0.09346305088613706
1477,0.20566962154155888,0.19874297812707845,0.16347211290825464
1478,0.20621493870677005,0.2086962327962478,0.16850195671678703
1479,0.21497882998162798,0.2122669837095165,0.07082752994146191
1480,0.2064276410679895,0.21137155395127036,0.11185685926624452
1481,0.210550529021017,0.20420826240598475,0.12504949095869686
1482,0.210343283575729,0.21753023689778037,0.15197567671911763
1483,0.2114230798717356,0.2025757498850074,0.17711021008642613
1484,0.22209023001045453,0.22060409431117747,0.13874388322572295
1485,0.2286126543247653,0.21977420116138577,0.1139128538157176
1486,0.22848726563260424,0.23268671313814335,0.08726080066189323
1487,0.23488426280210134,0.22789845907337178,0.071960774556231
1488,0.23773103132075019,0.23574420209807154,0.09069724869458397
1489,0.23391900756171313,0.2340626051482135,0.09489000900797373
1490,0.23444253000524556,0.23802096606319326,0.06970407577692839
1491,0.2409813067711697,0.23598987542078906,0.08992135551341376
1492,0.24145578892307784,0.24434343820202378,0.050967601638575416
1493,0.23889807173887506,0.24241066293806415,0.07027192189059239
1494,0.23455158640732865,0.24200113762844763,0.07997915329917604
1495,0.22835636422106315,0.23586432812679062,0.07854240472710378
1496,0.23280100207325172,0.22950909814949608,0.04815039958328551
1497,0.22950705568282226,0.23344016435434353,0.06625538968144318
1498,0.2275165081866259,0.22928521454552683,0.10298915896536237
1499,0.2302487276349089,0.23074845381432582,0.3297310911964195
1500,0.19841091275118933,0.1932503991380398,0.1563764841000136
1501,0.1972547848841969,0.19833895780884594,0.061915772614519624
1502,0.19243387881175256,0.1960185725431752,0.06316405501955685
1503,0.19244479399237086,0.1923441059177087,0.06311755038093782
1504,0.19504609309554755,0.19491564856595503,0.110378501280671
1505,0.1994362060578022,0.20289246480756337,0.08994827925156164
1506,0.1953460346977613,0.19675559251132782,0.0596003311338035
1507,0.19087415658613804,0.19516134282019873,0.08783598961323393
1508,0.18075233995870743,0.1889316810684288,0.08263481292557878
1509,0.17816193115480833,0.18093305417654584,0.053060310376431954
1510,0.17518971275288858,0.17612292666692134,0.05097004925113432
1511,0.16836190528006123,0.1739827199785661,0.06007761558278832
1512,0.1628974696433026,0.16805880502963647,0.07793539681249743
1513,0.16654038807307314,0.1637346029001676,0.08676883053755503
1514,0.16733114067725546,0.16665013424957606,0.11114949923672342
1515,0.1724139182559538,0.17035740057655888,0.05253896890138699
1516,0.17009066889658708,0.17362778408921434,0.06130876469991328
1517,0.1688963592856897,0.1690306557899479,0.06775088095492895
1518,0.1804469523038258,0.16927088691585998,0.12200955616054733
1519,0.1786091116657395,0.1776517025441747,0.061103165244965965
1520,0.17981978623204165,0.17906033146118275,0.044368838179790364
1521,0.18152129459454597,0.1820195678372448,0.05093333506275087
1522,0.1825302087279848,0.18003218222149428,0.053033386638284094
1523,0.18475525465459347,0.18264196676806246,0.053341785820705055
1524,0.1879837728495079,0.18658398016109948,0.03496511072850988
1525,0.1860913653515382,0.18791614621298977,0.03409131304498381
1526,0.1895598133482858,0.18783972521092437,0.040313144169698806
1527,0.18991429694153006,0.18894807045342396,0.04115757050251811
1528,0.18907444209705693,0.19005093163606565,0.03641899258849442
1529,0.19211206110513895,0.19276993688621571,0.04758010585706261
1530,0.19236839994996513,0.1914268236461358,0.06597146662461117
1531,0.19071053338233557,0.19329410416469348,0.05939717929141508
1532,0.18715479425737264,0.1888607022631689,0.03635290704940421
1533,0.1867294253237371,0.18734833670243692,0.04547515905641159
1534,0.1865276430584722,0.18818915610889206,0.025480612062785808
1535,0.18818551853175797,0.1874192945761706,0.040127125615222664
1536,0.18612956390277113,0.1874903152444828,0.049917575850808804
1537,0.19441890380911964,0.19056961485468552,0.050345908048615697
1538,0.1949261397415083,0.1945116491792487,0.05404669823766726
1539,0.1931864452292636,0.19372541919305827,0.04142925549655562
1540,0.18549149323781167,0.1940802922878315,0.07448181549189443
1541,0.19142495932734954,0.18750666276642555,0.06602776171346579
1542,0.19595139933726302,0.19358346158253856,0.045235293025639736
1543,0.19629492665906878,0.19658634019067575,0.029071259686687025
1544,0.19896717327759078,0.19680471880326098,0.05086724952366066
1545,0.19889085715930505,0.2007412899994924,0.04362476396188582
1546,0.19616406609209586,0.19802228474934233,0.04131911293140528
1547,0.19788194724218428,0.19672285560438998,0.04394784881966016
1548,0.1955424010883558,0.1961605092221688,0.04252089069782348
1549,0.1962567853364206,0.19699038144043438,0.045438444868028144
1550,0.1973256828512478,0.19595301500319465,0.044569542409619876
1551,0.2019993360207158,0.19850272606964023,0.04584719616536387
1552,0.19889084187159933,0.20152747812263047,0.09711978404912848
1553,0.19783287255280485,0.19818065267638343,0.0425747381741192
1554,0.1978001216120734,0.19806594791294366,0.04987841404986646
1555,0.19153942452156952,0.19536877424459428,0.07928892655756722
1556,0.190846867704278,0.1911265399716273,0.03353815260667319
1557,0.19206843688194325,0.1911538346817597,0.05408096481349181
1558,0.19120132646003013,0.19149778151986954,0.06851943129842247
1559,0.1934100207723531,0.18920467003280486,0.059318855689530395
1560,0.19148494247394848,0.19210385386027054,0.11697726473945606
1561,0.20177578454078887,0.194211344573214,0.33735785192994117
1562,0.21808186910094257,0.2203147368933324,0.12717157104726015
1563,0.21825640639055455,0.21909721281030334,0.0442733812899934
1564,0.21797824915669212,0.21600148195205318,0.04466989452453463
1565,0.21863266933516873,0.21969231703098854,0.03910402356560391
1566,0.2233717888832807,0.22012361112782727,0.040171182641282804
1567,0.21837636367024593,0.22112826158965523,0.05558379892465428
1568,0.21644035068153722,0.21795062566948178,0.05893213290522474
1569,0.22129402896864564,0.21517158880226142,0.14164185649545646
1570,0.2277946295867242,0.2253213905022153,0.043908687018717814
1571,0.22548236403753907,0.22757085975720473,0.057583498385272755
1572,0.22234109321445156,0.2248190966685906,0.04329433626643478
1573,0.22309368802034957,0.22213289111995702,0.02843488042137392
1574,0.2185236023907039,0.22207279670830823,0.032901773341360095
1575,0.22183392249236555,0.21859491897667863,0.04792032400274923
1576,0.22445709289054122,0.22098630397913546,0.06358504437968705
1577,0.22366627542295248,0.22489005454232433,0.04499053176975008
1578,0.2180818690321107,0.22230758563741468,0.03807602629086737
1579,0.21921621323364854,0.21966502232085625,0.03980648837000722
1580,0.21537146768412624,0.21921731790749624,0.06756241478789392
1581,0.21232839733473535,0.21078737598724853,0.07435943486394961
1582,0.21224112851099514,0.21095114424804276,0.06458611791627573
1583,0.21416621188254265,0.20862523305946176,0.08659505004587338
1584,0.20843456195317717,0.21542820931316856,0.0916640556553481
1585,0.21677847761633645,0.21566297731074893,0.06254970426727383
1586,0.21973429951231194,0.21933198080788366,0.06783409978193145
1587,0.22367176390441107,0.22129205078197564,0.07018625545103101
1588,0.22670394339823147,0.22755447037220963,0.04627063313805297
1589,0.227756457880949,0.22784929091838638,0.04954798635441543
1590,0.23191207363384758,0.22749439689208698,0.07837596707309881
1591,0.23615490142906842,0.2323864085321087,0.06732010114456317
1592,0.23509149707929394,0.237267493915467,0.041235894104402794
1593,0.23150305241914504,0.23247923985069543,0.043228250727344576
1594,0.2413085418986271,0.23246285046570028,0.07496154755343815
1595,0.23706569336116962,0.23936407930327316,0.049464767527412946
1596,0.23808002755962404,0.2375295356916535,0.04092015208430514
1597,0.23782371633898347,0.2368634735972345,0.05999439675578584
1598,0.23724566457110163,0.2382284184191151,0.06434869949806278
1599,0.24253556629096934,0.23762238794176635,0.08271313652746347
1600,0.24579137024501724,0.2484710723691819,0.07238421152892009
1601,0.24320091521086518,0.24583941437776066,0.029817781517150466
1602,0.24558957504164802,0.24527160486720775,0.03484028248800615
1603,0.24651123195693064,0.2452333629688858,0.04482654172830401
1604,0.24434070976131883,0.2474172956154209,0.04570768224950677
1605,0.23913257525500897,0.24542446780286478,0.057013204659049854
1606,0.23919255713398474,0.24102384467133062,0.05075955457106921
1607,0.24081225395941447,0.24105660250979463,0.03871974839385716
1608,0.23975430625048566,0.2420830636218971,0.03510707225692587
1609,0.23715292371612495,0.23985000468342896,0.03766972260609055
1610,0.2371475035533654,0.23804281857652013,0.03158006255955597
1611,0.23678206141052438,0.2375896091717761,0.030216742364250603
1612,0.23761101368532056,0.23859968089888342,0.03671760132067979
1613,0.23406078354775695,0.2380755764149842,0.06081679457557508
1614,0.2335754062693285,0.23224445092158894,0.0622755716606774
1615,0.24201201870483724,0.2325884186912249,0.0971834219756598
1616,0.24136853478113873,0.24121494950530956,0.04304467978542734
1617,0.24269918907106175,0.24105660250979463,0.04350727855905878
1618,0.23608402470414552,0.2429183989684944,0.08288202179402733
1619,0.23574045699505947,0.23809736613373259,0.10619308380495793
1620,0.2531972899049237,0.23850687051182293,0.21156769969057157
1621,0.249177998280331,0.2466638443992207,0.12789361675213462
1622,0.25458249079045414,0.249382870580897,0.07699061836476338
1623,0.2458240814116887,0.2536852201970389,0.08215263325147616
1624,0.241101289618476,0.24524975235388088,0.05152320968944493
1625,0.24086680325021032,0.2411603600850448,0.026273638531868284
1626,0.24216473542698297,0.24125861266891088,0.03358465724529223
1627,0.2412703562551387,0.24078907667375024,0.028850974556386338
1628,0.23968334664193636,0.23980629965677527,0.032275184526282585
1629,0.24028872654470246,0.24102384467133062,0.0450517220837225
1630,0.2374365139199412,0.23941866872353798,0.043989458233161395
1631,0.23165028400578846,0.23699994714789638,0.055603379825125455
1632,0.23467704859910316,0.2332053963567632,0.038279178133255785
1633,0.22969249208096737,0.23442294137131844,0.051513419239209345
1634,0.2298342559840692,0.22875562600176977,0.03129858711528286
1635,0.23052141876098775,0.2314254840284606,0.01784161326646972
1636,0.23270284181109274,0.23259388181955662,0.01856855419646199
1637,0.23273008003463208,0.23145824186692468,0.019684665523318812
1638,0.23310640036770008,0.23334735396728298,0.023192094320217547
1639,0.23452431688620062,0.23435738383133795,0.02081056730041122
1640,0.23379353268577002,0.23504531937060993,0.023177408644864166
1641,0.2308322590540824,0.2337240586438569,0.039625365040648876
1642,0.22869449492710148,0.2293507511539812,0.04192122562089383
1643,0.22670394883202089,0.2270248818284525,0.06918273430188343
1644,0.22771283766879358,0.22752171253374556,0.03270841194920727
1645,0.22844905707743557,0.22675185100102405,0.04667938443538869
1646,0.2300251263979054,0.22926884609205792,0.03384410417653526
1647,0.23004149562453374,0.229110499096543,0.05232847422132189
1648,0.22787097871993456,0.22779470149812167,0.035346938287697735
1649,0.2282745379494493,0.22740702870183196,0.039365918109405845
1650,0.22723294091500162,0.22688292421793274,0.03662459204344173
1651,0.22685120453146257,0.22502659088756474,0.06808375626293889
1652,0.22101587466192357,0.22023281089988292,0.04487059875436415
1653,0.21495151903896131,0.21730635329381107,0.05802406864587413
1654,0.2145207410461452,0.216662143712719,0.05598520738431331
1655,0.2114340014018642,0.21258363583749393,0.08550831006972331
1656,0.217607402686468,0.20786636057798216,0.1678288632630905
1657,0.22570592765368364,0.22228026999575615,0.06361686334295272
1658,0.22640941130805015,0.22658806180870364,0.025713135255880978
1659,0.22469157536947926,0.22930162486204816,0.052277074357585065
1660,0.2245279945881133,0.22277167943576978,0.046554556194884966
1661,0.22477882928979187,0.22725416576617494,0.04714198320902013
1662,0.2299760948114189,0.22704127121344767,0.04985638553683639
1663,0.22561324668754895,0.2301697389786357,0.05701565227160876
1664,0.2234318140234277,0.2230664790504204,0.05340542374723637
1665,0.2276637289165086,0.22315928943748095,0.07457482476913249
1666,0.23329180449522058,0.22957461382642427,0.07877248030764006
1667,0.23924166484794301,0.23384420560410216,0.07666998111954793
1668,0.24235560615099222,0.24143332811789472,0.048977692628192536
1669,0.24365355864016064,0.24453998523280826,0.05473937259183498
1670,0.24797278037822984,0.24559918325184862,0.04838047516382178
1671,0.24471154022041147,0.2466638443992207,0.04505416969628139
1672,0.24425343740712763,0.2457411408623684,0.03683998194862462
1673,0.24504965399032413,0.2452988577142878,0.08102183624926597
1674,0.2411558290252917,0.24306579877581966,0.07636402954968587
1675,0.24179389347768337,0.24056521400130718,0.04251599547270568
1676,0.24019056373275893,0.2402376356166663,0.06918273430188343
1677,0.24092134276924826,0.23952786849559363,0.04938644392552826
1678,0.2425464850472262,0.24219226339395275,0.04708568812016552
1679,0.24021238490944719,0.24104023405632566,0.048495512954089916
1680,0.23875628199782856,0.24220316871909,0.05512854298869953
1681,0.24011420040319303,0.24105660250979463,0.07092788205637666
1682,0.2381127509762071,0.23888908017978086,0.04884307393745323
1683,0.2378891593964645,0.23859423870207794,0.06510501177876181
1684,0.2360513068493859,0.23640484292721117,0.07990327730985025
1685,0.23643852289035772,0.23632295879681395,0.10591650358580262
1686,0.23191207694970545,0.24171724333893427,0.16735892165178234
1687,0.23121403070702545,0.23283957607380038,0.356476153627482
1688,0.20117042905519184,0.19979673394931322,0.15599955176594354
1689,0.202708332174656,0.20109069996593396,0.06841173634583102
1690,0.19895630906642825,0.2000478913318887,0.08549607200692884
1691,0.1980619010771777,0.19865560993682344,0.0579041356304882
1692,0.1949479369963001,0.19729610731174838,0.06360462528015823
1693,0.19682394437648848,0.19383459803358774,0.05226238868223169
1694,0.19848725452709554,0.19620413052271776,0.06123288871058749
1695,0.1925538200245427,0.19832256842385085,0.07946270704924888
1696,0.19068325753173787,0.18965239537769105,0.041118408701575765
1697,0.1934373052829202,0.19143777083432542,0.0480818664316364
1698,0.1929792016638382,0.19153058122138597,0.073025486019351
1699,0.1922647965771785,0.1925679267270994,0.04678952700053903
1700,0.19533511909649892,0.19228399057453374,0.08307538318618016
1701,0.19281012776914608,0.19405301850922532,0.06967959965133942
1702,0.18893267404677672,0.19234952718298812,0.07578639298578628
1703,0.18504428248349702,0.18480951002960241,0.0503434604360568
1704,0.18408993976332866,0.18618542297119875,0.05572086522795249
1705,0.1823557095018437,0.18479860470446516,0.10294020671418444
1706,0.17298651340347682,0.18197042061378563,0.10140310602719742
1707,0.16821464809550507,0.17207175536488098,0.1317069971188954
1708,0.16614230937626595,0.16710878585112557,0.04182821634365576
1709,0.16614231546040575,0.1668794600503508,0.052433721561354445
1710,0.16726573434829367,0.16676481808148955,0.047873819364130196
1711,0.16666041042180962,0.1677694266802652,0.048485722503854335
1712,0.16563509040053614,0.1644225175079134,0.041945701746482794
1713,0.1649861521321126,0.16444437002124027,0.05311415785272768
1714,0.15809284118717593,0.1613868601297859,0.05240924543576548
1715,0.15771655211158603,0.15801271904188033,0.03547421414076035
1716,0.16099959370249634,0.16123399719412893,0.05580163644239607
1717,0.15681127592141708,0.15734659415288285,0.03484517771312395
1718,0.15252477991236657,0.15579054449702326,0.07263876323504534
1719,0.14986892473062652,0.15016149195732276,0.04127260829278624
1720,0.15479891629871512,0.15161926809779,0.023762388046440437
1721,0.15120501526777796,0.15497157760389493,0.050221079808111975
1722,0.15311379279435788,0.15068563830427426,0.03711656216777993
1723,0.14980889578984696,0.1526729820569725,0.05706705213534559
1724,0.15400816394850314,0.15090950097671735,0.06124267916082307
1725,0.15608051501472336,0.15783254046456477,0.06671309322995683
1726,0.1596089675137753,0.15671328989692793,0.08951015660351916
1727,0.1667203683991853,0.15996188369083505,0.0896912799328775
1728,0.1718630416656341,0.16770386914028465,0.05937515077838501
1729,0.17082143552508233,0.17227376552399717,0.03989949764724529
1730,0.16817648367854954,0.16958209684703188,0.02556383088978829
1731,0.1710777640901721,0.1699970434219277,0.040976447173159763
1732,0.16831827071226096,0.17308729022032002,0.04758255346962151
1733,0.17583869763481197,0.17293986948146847,0.04803291418045847
1734,0.17835823166165143,0.17947527803607863,0.04438597146770264
1735,0.1783037297342538,0.18037068686279858,0.039446689323849427
1736,0.18002156492214827,0.17756977655072517,0.07487098588875898
1737,0.18028880554816606,0.18187212616686718,0.05286450137172023
1738,0.1728119672969653,0.1809002754065556,0.0869377158041189
1739,0.17189580511908797,0.17189706084742332,0.03773580814518075
1740,0.1710723007425058,0.17221371297540075,0.039116261628398395
1741,0.16597868381602443,0.16917803466574707,0.04610174787148911
1742,0.16941443641803428,0.16925449753086483,0.05910836100946529
1743,0.1743171647061535,0.16890504570137096,0.05471489646624601
1744,0.17193942857132472,0.17342579486162427,0.053618366039860366
1745,0.17112685024560448,0.17142752485226262,0.04245725277129217
1746,0.16658949188018485,0.172022629072948,0.04904622577984164
1747,0.16793105878283138,0.16915620308394638,0.04618986192360938
1748,0.16835096398145954,0.16516504246745015,0.07389438847775925
1749,0.15582417460753695,0.16739814326897065,0.09286093819664851
1750,0.15581327041466764,0.15898454887066563,0.10499620126365752
1751,0.16023613071393794,0.15539747136698037,0.18514327450472456
1752,0.17256658032669608,0.17418468827462993,0.11253240033249996
1753,0.17155765216508817,0.17272146993735718,0.06993904658258246
1754,0.16739662317580078,0.17155307214626112,0.09094690517559142
1755,0.16200849794522565,0.16425328611878745,0.07523568016003457
1756,0.16178492310738263,0.1596998000515962,0.0996408249847919
1757,0.15174490908500665,0.15373218007601283,0.058946818580578125
1758,0.143433733442708,0.15025976547271497,0.07022541725197336
1759,0.14653680895171306,0.14254507473339775,0.056283816116498686
1760,0.14523883927147774,0.1428070955780581,0.04100826613642542
1761,0.14724028643468778,0.14441229245737686,0.07962180186557716
1762,0.15251386925389454,0.14739336041523957,0.08181486271834845
1763,0.15713849297932098,0.1524764559577141,0.07934032642130405
1764,0.16212852659303845,0.16220588981749282,0.03675676312162214
1765,0.16456624544307225,0.16253346820213363,0.048576284168533504
1766,0.16598414442829829,0.16385470799736054,0.039970478411453285
1767,0.16992706734431406,0.16764930065154607,0.043286993428758094
1768,0.1715685784490833,0.16994241213861064,0.04795214296601489
1769,0.17702212460164962,0.17120364124829343,0.06664700769086662
1770,0.1784454843719392,0.17746603990700124,0.06393994820072706
1771,0.17895815175236324,0.17749337648018595,0.04201913012324969
1772,0.17498796996433397,0.17814309105266216,0.04965568130700688
1773,0.16784929469155796,0.1763522733992223,0.0978809915549453
1774,0.1740662852573429,0.16827169958236374,0.043563573647913405
1775,0.1675329895910831,0.17117090434135548,0.03723159995804807
1776,0.16637137299672528,0.17035740057655888,0.05671949115198227
1777,0.17010700015300462,0.16326502504195464,0.06041783372847494
1778,0.17045056697384708,0.16913981369895129,0.05934333181511936
1779,0.17656401750207829,0.1695438549487099,0.08253690842322292
1780,0.17692397532632725,0.17675083058912303,0.08957624214260936
1781,0.17440986178411927,0.18050718134498658,0.0829774786838243
1782,0.16981253000691204,0.17382981517985677,0.05581142689263166
1783,0.16640406748071335,0.16782399516900373,0.0588954187168413
1784,0.17311737723378157,0.1696039074973064,0.0644759753511254
1785,0.1688690887982633,0.17224102861705928,0.06237837138815107
1786,0.16729846913530427,0.1640567600195291,0.07869170909319646
1787,0.15970707008153429,0.164930295401396,0.06747674834833255
1788,0.16656764825906745,0.16497942169332905,0.09998593835559633
1789,0.16020339870719824,0.16218947950097148,0.23081572485373392
1790,0.1689345356755636,0.16380560263695368,0.11388103485245195
1791,0.1750370169586553,0.17440855094707305,0.0779598729380864
1792,0.18253021008046028,0.17655972575514403,0.0627797798478101
1793,0.18077416068835345,0.18180114736160727,0.06200388666663989
1794,0.18240476393362132,0.18156091623569529,0.09436621992036988
1795,0.18607497049682237,0.18338995485593093,0.07502518547996946
1796,0.18364273933645908,0.18039251844459922,0.08789962753976523
1797,0.18562237728266473,0.182390809385487,0.07494686187808478
1798,0.18469527807425173,0.18927020664125924,0.09465993342743746
1799,0.17706029160175346,0.1737042469543321,0.11818149011843317
1800,0.181848490315612,0.1767235149474645,0.11600556255357414
1801,0.17761111874029661,0.1827784821817767,0.10577698966994552
1802,0.1915394719035305,0.18092759104821418,0.14234676891241865
1803,0.19152856971508664,0.19415673422142307,0.03909423311536833
1804,0.19405354706193684,0.1914814130664005,0.05323164325555471
1805,0.19527515222934821,0.1949210907627605,0.06849250756027461
1806,0.1945825316103461,0.1933868936202278,0.07699061836476338
1807,0.19286467874142776,0.1933159357464941,0.08772584704808357
1808,0.2016012507305372,0.19472454373197598,0.10055378446926032
1809,0.20284469635235808,0.20201342443431244,0.044762903801772704
1810,0.20543510553055067,0.20314360125861267,0.07392131221590713
1811,0.2078673527591049,0.2070964990452608,0.052157141342199134
1812,0.20661852870572334,0.20750054029501933,0.06649770332477394
1813,0.20366267466465382,0.20480336662667,0.08893252003961957
1814,0.21143401425660535,0.20483070319985472,0.293100121639974
1815,0.2273420222299618,0.22948180343936372,0.1591251530036544
1816,0.2261912866414691,0.22604210481147755,0.07690739953776089
1817,0.21663125164537045,0.22482458072844855,0.08938043313789763
1818,0.21380631810050865,0.21715899534953811,0.05120012483167059
1819,0.2138826451648742,0.21360463382126463,0.04396008688245464
1820,0.21160849833732603,0.21429799062581598,0.04128974158069852
1821,0.21377905860126828,0.21214141548399176,0.05679536714130806
1822,0.2149569689100561,0.21469656874724288,0.04404575332201602
1823,0.21574229922620108,0.21621988149616453,0.04016383980360611
1824,0.21598772944960987,0.21501326273827273,0.045088436272105945
1825,0.21255195790286907,0.21409598046669978,0.06780472843122468
1826,0.211341313944936,0.2138721805888352,0.04203381579860307
1827,0.21143399650026112,0.21154624846872802,0.06960861888713142
1828,0.21267195775028325,0.21167730075411054,0.05961501680915687
1829,0.20926344386746848,0.21178101646630834,0.08983568907385239
1830,0.2018957196845384,0.20875082221651262,0.1543131467128638
1831,0.20818370695114913,0.20420282020917915,0.12827299669876358
1832,0.2076764956882397,0.2088436326035731,0.09164447475487693
1833,0.20979792533442299,0.21020859835697983,0.11096592829480617
1834,0.2123720071227923,0.2137029073366569,0.037121457392897725
1835,0.21432435790947008,0.21324425573510733,0.07492238575249581
1836,0.21079594720277378,0.21304772963584898,0.0776123119547231
1837,0.21344089425881635,0.21194482659015493,0.10753192787467433
1838,0.22514420862250972,0.22087710420707976,0.0610150511928457
1839,0.2175747145273309,0.2217507023835252,0.09723726945195552
1840,0.21184847059480377,0.21919004412889,0.13203252958922868
1841,0.20971611849670735,0.21031235593223,0.07137334754209583
1842,0.2124047142367516,0.211562616922197,0.05203231310169541
1843,0.21053414849110047,0.21250715204084994,0.08937798552533874
1844,0.20243562362114753,0.2072548251092495,0.07154957564633638
1845,0.20017789861309848,0.20219362394315413,0.06923902939073805
1846,0.19642582080385262,0.199867691823047,0.10026007096219273
1847,0.1930010111592539,0.19529783730238678,0.048397608451734055
1848,0.19203027827834424,0.1920819804154175,0.04378141116565519
1849,0.1918666577004955,0.19187999118782742,0.07461888179519263
1850,0.19560780407797207,0.19463173334491543,0.050568640791475286
1851,0.20052691555324148,0.19659726644733913,0.06393260536305036
1852,0.2028991973836876,0.20081773193308397,0.04611398593428359
1853,0.19917987911318857,0.19970390263072654,0.056112483237375936
1854,0.19754927594016014,0.20104703680233263,0.050820744885041624
1855,0.1999815575563927,0.1983116421671874,0.04330167910411147
1856,0.1971838856795784,0.19999874410842947,0.08306804034850347
1857,0.19505699920185593,0.19553258436844093,0.049420710501352806
1858,0.19524787102896124,0.19732342295340696,0.05260994966559499
1859,0.19565687607289722,0.19625876180603488,0.05908388488387632
1860,0.1986399870914229,0.19734527546673378,0.0626353707068352
1861,0.1948007003989189,0.19572371013394604,0.05956851217053784
1862,0.19256471705811246,0.19453345982952316,0.07086913935496314
1863,0.19725478750878345,0.19207109602180647,0.07629549639803676
1864,0.19271200123604665,0.1997366814007168,0.06702883525005449
1865,0.19614223941705416,0.19444062851093644,0.09388159263370836
1866,0.19594588791462159,0.19547797401664999,0.04871335047183171
1867,0.1980673610815621,0.19379637706679195,0.09496588499729952
1868,0.20133948164629045,0.19617139361577987,0.07265834413551651
1869,0.19958343223846414,0.20043552226512604,0.09065563928108274
1870,0.19778378621258091,0.20061023771410988,0.10022825199892708
1871,0.2024847250522659,0.19928897698735684,0.10180451448685644
1872,0.21225204917779256,0.20475426126626314,0.16006993145138848
1873,0.2225810865697624,0.22275531098230075,0.14801054437370526
1874,0.2239662400958473,0.22135210333057212,0.07318702844823816
1875,0.221359468989007,0.22528863266375124,0.09927857832607523
1876,0.22798004521698628,0.22112826158965523,0.1266379915094207
1877,0.22283192912351113,0.2265061986098327,0.09740370710596048
1878,0.21879083827562257,0.22499927524590616,0.1526340844974608
1879,0.23033055083521953,0.22685016637946867,0.11241246731711403
1880,0.23404441924699326,0.23265395529967928,0.17016633325683667
1881,0.2272492944098411,0.2331508069364985,0.1092550471161375
1882,0.23673846362671347,0.22882660480702963,0.15061969936148895
1883,0.24571500567251697,0.23655772679439432,0.09100564787700494
1884,0.24643487529153996,0.24514601571015696,0.06716590155335268
1885,0.24630940421873354,0.2466528972110311,0.04150268387332252
1886,0.24510963083927778,0.242956599003764,0.02347846498960844
1887,0.24170121015564788,0.24445810110241115,0.02949469665937612
1888,0.24510419142790402,0.24263994687578658,0.028496070735346334
1889,0.24342449914028513,0.24453448024142424,0.03518050063369277
1890,0.23866355379221993,0.2421376321106357,0.014640136039433052
1891,0.233520848551511,0.2384249445183734,0.04435415250443698
1892,0.23234289929720597,0.23265939749648476,0.03965718400391453
1893,0.23030872404784802,0.23132721051306834,0.05655550111053621
1894,0.22944707743330006,0.23009327611351796,0.08005992451361964
1895,0.22967065983249507,0.22873923661677462,0.05821008720035027
1896,0.23084862173424098,0.23082487481639127,0.062385714225827754
1897,0.22795825586162882,0.2283024584600781,0.049437843789265086
1898,0.22907627172629297,0.22971659236847022,0.0404551056981148
1899,0.22871083475317494,0.22686653483293764,0.03572142300920891
1900,0.22639851393183363,0.22740702870183196,0.0344560073162594
1901,0.22479518211196814,0.2260530101366148,0.03721446667013579
1902,0.22261377140676802,0.22497742273257934,0.0309241023937717
1903,0.22300097319121365,0.22454064457588277,0.033670323684853606
1904,0.22780556874103208,0.2238636562248004,0.0551456762766118
1905,0.2256350346116252,0.22426219248317494,0.0285915276251433
1906,0.2267039555629523,0.22522858011515476,0.03433117907575567
1907,0.2251387632383507,0.2265171039349699,0.0504144412002648
1908,0.22104858426786111,0.22276619537591189,0.03584625124971263
1909,0.21634219158859747,0.22099723023579884,0.027512130486669933
1910,0.22420074944622564,0.22426219248317494,0.02938700170678468
1911,0.22207931005237153,0.22281532166784493,0.03291156379159568
1912,0.21879084844406443,0.2224113222811386,0.05597541693407773
1913,0.21497881588725598,0.21564658792575378,0.04272649015277079
1914,0.21730751107062418,0.21730095296005794,0.04668672727306538
1915,0.21887812230007897,0.2192992439009457,0.03155069120884921
1916,0.21790738563257328,0.2197578745709691,0.04053587691255839
1917,0.21797826981070484,0.21909721281030334,0.0474503823914411
1918,0.2148642808275732,0.21678771193824362,0.03441929312787595
1919,0.215011505398081,0.2144945376566005,0.03979180269465384
1920,0.2155132434491775,0.21597418724192083,0.050399755524911424
1921,0.21128675519463463,0.21389945436744143,0.0482238279600524
1922,0.2073165735330913,0.21157902723871827,0.058481772194387785
1923,0.20310098636920887,0.2053493654869484,0.038333025609551506
1924,0.20079412875474195,0.20401171537520021,0.03884702424691978
1925,0.19932714080624836,0.1994691555646724,0.05071794515756797
1926,0.19344274201724565,0.19780934833356265,0.051880561123043824
1927,0.19729840852862746,0.1960076253549856,0.07199748874461445
1928,0.2043443931474293,0.1971705390862238,0.07851792860151481
1929,0.20053235744909387,0.20532207077681605,0.055365961406912495
1930,0.20318277714269528,0.19945276617967725,0.05647228228353372
1931,0.2048733960629165,0.20381516834441568,0.07234994495309555
1932,0.20748018798145018,0.2070473727533277,0.06632637044565118
1933,0.20720748908331849,0.20676343660076205,0.0521865126929059
1934,0.2043443759416489,0.20698181521334721,0.050810954434806044
1935,0.20429531303026793,0.2053493654869484,0.0834645535830447
1936,0.20523879087917024,0.2056878910597789,0.09259659604028768
1937,0.20581139669198822,0.2058898802873689,0.07238421152892009
1938,0.20288828355528404,0.20466687214448195,0.21003794184126123
1939,0.195482357869591,0.1937799876817968,0.14293664353911273
1940,0.19477886598831667,0.196733739998001,0.07337549461527319
1941,0.19037787880255524,0.1917052966703698,0.06796627086011185
1942,0.18984887626684843,0.19057507798301723,0.07493707142784918
1943,0.18615679394457885,0.18632187559033445,0.06064056647133452
1944,0.1877492402315527,0.18519169876603422,0.09896283630597758
1945,0.1765312863966283,0.1870262005146016,0.11292401834192341
1946,0.1725502113680713,0.17676173591426028,0.06049860494291852
1947,0.17034150033884227,0.17118178873496656,0.04611398593428359
1948,0.1682092166630107,0.1690306557899479,0.05727999442796958
1949,0.17325917048706957,0.17046111628875668,0.062478723503065825
1950,0.17707666723657417,0.17518385467660005,0.07051913075904094
1951,0.17682033710216016,0.17664709394539904,0.045002769832544566
1952,0.1742626154609649,0.17664709394539904,0.03864142479197247
1953,0.1739627101629958,0.17334388979970097,0.04378875400333188
1954,0.17733293827925878,0.1756861275786986,0.05548834203485732
1955,0.1775020356053128,0.17660887297860325,0.059810825813868596
1956,0.1775784097398106,0.1769364722947703,0.06805928013734992
1957,0.17039060145284224,0.17581171673574944,0.045423759192674766
1958,0.1753151615700529,0.17278698561428532,0.07398984536755622
1959,0.17193399676405952,0.1729289432248051,0.10335140562407906
1960,0.1660604673740122,0.17105619957791576,0.05690061448134062
1961,0.16348641671386815,0.16518689498077702,0.052318683771086304
1962,0.1609941697981484,0.1638656551855501,0.04197996832230734
1963,0.16093418695052608,0.1622386267244307,0.040198106379430665
1964,0.15888907941799257,0.1615834280920966,0.05565967491398008
1965,0.15474983967147898,0.15777793011277383,0.04735737311420303
1966,0.15760203446214682,0.1548569356350337,0.05864820984839275
1967,0.15393727915976968,0.15632017490383274,0.03031709447916536
1968,0.15298288337334132,0.15425632642296438,0.03391508494074326
1969,0.15298289341474192,0.15179398354677387,0.037796998459153165
1970,0.15508796919828355,0.15329542285084247,0.05713558528699468
1971,0.15514795951676746,0.15652218506294893,0.04154429328682376
1972,0.1603124463959395,0.15820378201280696,0.036984391089599514
1973,0.15994159632772326,0.15891903319373749,0.04254781443597134
1974,0.16222121275550727,0.1599782730758302,0.042276129441933825
1975,0.16024154821597641,0.16181819608967693,0.05092109699995639
1976,0.15927084507476952,0.16037685119725711,0.053672213516156086
1977,0.15828372378007377,0.15847132878037754,0.08076973215569963
1978,0.15089965629650742,0.1558342913867293,0.09150006561390203
1979,0.14434991145951748,0.14685826688009845,0.048816150199305366
1980,0.147136699851455,0.147573518061029,0.051168305868404935
1981,0.15062694660471077,0.14736058164524932,0.05775483126439551
1982,0.15677857511785565,0.15561040778276006,0.03462244497026436
1983,0.15643498659148092,0.15685524750744775,0.04245725277129217
1984,0.15275933970406302,0.1548351249847593,0.05093088745019197
1985,0.15181037808724374,0.15230176144025645,0.03553785206729167
1986,0.15261204814642537,0.1537595166491976,0.03625989777216614
1987,0.15290108848499723,0.15402704248524196,0.05586772198148628
1988,0.1521539378627852,0.15034711273144377,0.04528914050193546
1989,0.15308103939683232,0.15077298556300314,0.05094557312554535
1990,0.14946533010104385,0.15218707760834288,0.052115531928697896
1991,0.14912177379351055,0.1513572053900773,0.05702299510928545
1992,0.1497980269020206,0.14635597304647374,0.06363399663086498
1993,0.1457787566416444,0.14777008602333966,0.07191182230505307
1994,0.1428447724809469,0.14263786418893212,0.04225654854146265
1995,0.14490072880567034,0.14460886041968757,0.055608275050243246
1996,0.14764928547255746,0.14731143442179012,0.05492049592119332
1997,0.14207033044988548,0.14835974804721944,0.08239494689480692
1998,0.13818198041850482,0.1432384315379491,0.07875534701972778
1999,0.1378110984919949,0.13796969428982733,0.05693488105716517
2000,0.1394144278713053,0.13808433625868857,0.06627252296935546
2001,0.13883641856046203,0.13932375471809683,0.07080794904099073
2002,0.14053791936602694,0.13936743881322433,0.1613842993955159
2003,0.14254481230029553,0.14611029972375622,0.1540512521690619
2004,0.1387164075900647,0.1436915990796408,0.08606881334571062
2005,0.13547154874256928,0.13633178143509683,0.06450045147671436
2006,0.13135958322242058,0.136118824087791,0.09264554829146561
2007,0.12776569797264897,0.13071359235748115,0.0652543161448545
2008,0.12587875645502283,0.1285241965826144,0.07379648397540339
2009,0.12254118327316994,0.12421094164133514,0.07784973037293606
2010,0.1270348929999337,0.12101149507088724,0.07339752312830326
2011,0.1260860232024592,0.12809836561410742,0.0490021687537815
2012,0.13094510572380802,0.12748683014537462,0.05524358077896767
2013,0.13573880197242016,0.13321968212337773,0.05018191800716963
2014,0.13562970683145326,0.13463919543399688,0.057111109161405715
2015,0.13672040852923467,0.13603145589753599,0.04671854623633104
2016,0.1300016449459765,0.13667574920473283,0.07333388520177195
2017,0.12635868649942383,0.13146162230840197,0.0681400513517935
2018,0.12730759479363496,0.12792360830207122,0.053779908468747535
2019,0.12616778711559012,0.12595263300284198,0.06459346075395243
2020,0.13178493249471807,0.12686441028303086,0.09457181937531718
2021,0.13247209624317247,0.13382022854086859,0.09786875349215082
2022,0.13109233878388904,0.13052797158336002,0.0691362296632644
2023,0.13137047692996118,0.131128538932377,0.07904661291423647
2024,0.1330719962306876,0.13158716960240047,0.06826732720485612
2025,0.13426631150865248,0.132007579305628,0.08508732070959311
2026,0.1371894252471662,0.13641366556549395,0.06505361191502497
2027,0.13986710059364815,0.13868494547075788,0.06375148203369202
2028,0.14229938032684603,0.1406504576416554,0.07583534523696421
2029,0.14358096242899093,0.1422993176845755,0.07328982817571182
2030,0.14408269699279558,0.14401919839580782,0.06946665735871543
2031,0.14712034018163073,0.14704939264560357,0.08371421006405216
2032,0.14179220529191178,0.14484362841726792,0.08266907950140334
2033,0.13672040517201267,0.14013177442303557,0.08009174347688529
2034,0.13685675270558517,0.138357367086117,0.05783805009139799
2035,0.1327556810370164,0.13735273755581523,0.07494196665296697
2036,0.1291454636264951,0.1322587576197296,0.05844016278088654
2037,0.12727489619846294,0.12852970157399843,0.05894437096801923
2038,0.12561698462162474,0.12588711732591376,0.06789039487078606
2039,0.1181511130942809,0.12523193962510584,0.06960861888713142
2040,0.12071968569967241,0.1193025615478445,0.035687156433384354
2041,0.12052335686443467,0.12094051626562738,0.06019265337305646
2042,0.12368098262906023,0.12131177874539573,0.04952595784138536
2043,0.12041429523944029,0.1222399663421059,0.06307349335487768
2044,0.11966717072497991,0.12112615797127463,0.07565911713272366
2045,0.11768754391033066,0.11739165972873788,0.06726380605570854
2046,0.1164332360767563,0.11602669397533114,0.06550886785097973
2047,0.11931812313624059,0.11714046048311005,0.0632032168204992
2048,0.12800022117069043,0.12231094514736579,0.08640658387883834
2049,0.12406819796978723,0.12720841991571916,0.056264235216027525
2050,0.12409545086180894,0.12685350495789358,0.08822516001009847
2051,0.1247771484769264,0.1210005688142238,0.06704596853796675
2052,0.12624414901760417,0.12474601424495013,0.058065678059375375
2053,0.12253029768219571,0.12448395153723743,0.052384769310176514
2054,0.1215432172723409,0.12393253141167965,0.07201951725764451
2055,0.11983079868290099,0.11940631912309463,0.05304317708851968
2056,0.1202288868013477,0.12065113791625609,0.10023314722404487
2057,0.11488984218083557,0.11819421630534488,0.0819813003723534
2058,0.11367916036340774,0.11395740329765733,0.0656704102798669
2059,0.11400094952605787,0.11518041144054425,0.04968750027027253
2060,0.11493349120133654,0.11711318670450388,0.0764839625650718
2061,0.11572970440840467,0.11449247590127226,0.057480698657799104
2062,0.11258846652191555,0.1140393083595806,0.07933298358362736
2063,0.1095453852891559,0.11273439515477032,0.08407156149765105
2064,0.11498802373463436,0.11154962891020531,0.10202479961715713
2065,0.11491713920324288,0.11861464694009863,0.25627089546625786
2066,0.11245209832800492,0.11670366139488736,0.2429142737323595
2067,0.10459904785149036,0.11165882868226104,0.11430691943769995
2068,0.10996530558012944,0.10587687134385107,0.0775413311905151
2069,0.10690589091136195,0.1108998934062029,0.06827711765509172
2070,0.10590786637456036,0.10783694131794308,0.07641542941342269
2071,0.10263576476170354,0.10210415213451854,0.06130386947479549
2072,0.10214491447553393,0.10027509258275671,0.08369707677613988
2073,0.10454448338736576,0.10551105106088823,0.07391152176567153
2074,0.10318110743630542,0.10635187046734346,0.08638210775324938
2075,0.10253212525595824,0.1023771410988947,0.10347133863946499
2076,0.09188134989793258,0.09778541313338143,0.07442307279048091
2077,0.09468989291376466,0.09449309338129444,0.08309006886153354
2078,0.09121055594997883,0.09156121450994326,0.06935406718100619
2079,0.0952734476614752,0.09429658821356227,0.07495175710320257
2080,0.09698041350323049,0.09734863497668489,0.1405600117444242
2081,0.09549162909383078,0.09231468665766959,0.09975831038761894
2082,0.09336471317522953,0.09400720986419103,0.08712128674603613
2083,0.0863078156930062,0.09478797672204975,0.09817225744945399
2084,0.0845299549486609,0.0847200382209668,0.10958792242414743
2085,0.08528255504270747,0.08459995405530005,0.09424873451754284
2086,0.0869894968257786,0.08632523510028556,0.11630172367320062
2087,0.07901101932539041,0.08754828510622487,0.1089662288341877
2088,0.08217949226941039,0.07900360702524811,0.11470098505968229
2089,0.08223950205779944,0.08158614919049939,0.08923602399692274
2090,0.07757122747222127,0.08110018194729127,0.1165929895677093
2091,0.07351380318676125,0.07803178766222588,0.13860926453498365
2092,0.06705136891862869,0.07271392412217104,0.1583517074350431
2093,0.06799482202310074,0.06327935267162149,0.15201483852005998
2094,0.0719431803072257,0.07293230273475623,0.17068767473188165
2095,0.07699317118601585,0.07133258991529534,0.15344913947957334
2096,0.08063612966478866,0.07858321825354672,0.1849866273009552
2097,0.08440452817121565,0.08216486402618953,0.15332431123906962
2098,0.08618239098491969,0.08308210443471012,0.13530253996791444
2099,0.08597516966017686,0.08899511405850258,0.1262830876883807
2100,0.09307020339319404,0.08855283091042196,0.13082585659769266
2101,0.0909923931559428,0.09098792093953248,0.1512267072760953
2102,0.08492262395722648,0.09306811694234357,0.14282650097396238
2103,0.0936374129099443,0.08466546973222822,0.12141478630873549
2104,0.08875646193488064,0.09361409487109582,0.14579300739534498
2105,0.09934726507241927,0.09153394073133705,0.11572653472185994
2106,0.09376827892739693,0.09725036146129262,0.14107890560691025
2107,0.09337016829432872,0.09154484605647431,0.13265667079174728
2108,0.10192133819373624,0.09974548310747344,0.09511763697595112
2109,0.09699678638198629,0.10267740384187701,0.1294723268526229
2110,0.10015436803704601,0.09994203013825795,0.1216717856274196
2111,0.10944176669135115,0.10019865064916511,0.16749354034252167
2112,0.10687860828156585,0.11126027149236026,0.11544750689014573
2113,0.09879642301496973,0.10717083736047175,0.16588790650388555
2114,0.0903161977132181,0.09758342390579139,0.1714268537246684
2115,0.0898580615477896,0.09173046683059541,0.16048602558640088
2116,0.09122145818019171,0.09033820636705628,0.15410020442023983
2117,0.08670590698280521,0.0904037011124583,0.12106722532537219
2118,0.09237766246853889,0.08928995553620553,0.10797494574783462
2119,0.0922958050596598,0.09190518227957925,0.1719016905610943
2120,0.08871828979172129,0.09482617675731936,0.1818781593511566
2121,0.08243038002933996,0.08544077346175522,0.11422370061069746
2122,0.08155778264688031,0.08128582365293854,0.10647455924923103
2123,0.07306116709379191,0.08173901212615639,0.25631984771743577
2124,0.06693682945348765,0.07180212591045598,0.19596661724016504
2125,0.061652349135513304,0.06993487678918761,0.11415516745904836
2126,0.06753672949444982,0.058835055910722855,0.11718286419440338
2127,0.07074340275951325,0.06807305939896166,0.12149555752317907
2128,0.06668052901193515,0.06770179691919331,0.13887605430390337
2129,0.07345926819378477,0.06878283698579743,0.12745549410409215
2130,0.07442454602457942,0.07607170722237078,0.10211291366927741
2131,0.07690046660448586,0.07518175105821948,0.0744989487798067
2132,0.08300298673172203,0.07648120113469803,0.09986111011509259
2133,0.07797479239130874,0.08200651703067463,0.08175367240437603
2134,0.0834501634245051,0.0802702887974995,0.10363043345579326
2135,0.08599150943650034,0.08684938144723711,0.15088648913040867
2136,0.0794581953670624,0.08356805074639206,0.1132862650006401
2137,0.07269579973581584,0.07989360505245177,0.0819935384351479
2138,0.0702962364249017,0.07243000890113149,0.06428016634641368
2139,0.06844201927532141,0.06995123477689347,0.08769647569737682
2140,0.06812569176378895,0.06684459859350608,0.08423065631397933
2141,0.07022530653475241,0.06844980593858793,0.04157366463753052
2142,0.06881285702156874,0.06986386658663846,0.040653362315385425
2143,0.06824022317159804,0.06717219790967313,0.0860859466336229
2144,0.07267396118049828,0.06667533580709087,0.08951015660351916
2145,0.07399918996286663,0.07380587997967547,0.13099718947681543
2146,0.07711314769280288,0.07386594299403504,0.11021451123922495
2147,0.0781711476736457,0.07657401152175858,0.13533191131862118
2148,0.07592428712054262,0.08205566425413385,0.1664141432040483
2149,0.07564612940823394,0.0740788689440516,0.15854017360207814
2150,0.06566613900061453,0.07685791627703503,0.13367732522880713
2151,0.07027986344936456,0.06837335353923327,0.1448653622355232
2152,0.07304480743904025,0.07306879721694429,0.12180395670560003
2153,0.0667459620799344,0.07151275802684781,0.16226054469160087
2154,0.06254673272069707,0.06940525684814122,0.192963396630399
2155,0.05220133083566818,0.05951205472756832,0.15323619718694934
2156,0.055206233966044696,0.05424331747944655,0.11322752229922657
2157,0.0515632803368052,0.057022385743956155,0.13814911337391111
2158,0.05149783922630845,0.0546637481142003,0.13655571759806945
2159,0.06074158915770479,0.049684368283923586,0.1334105354598874
2160,0.0628684845954303,0.06440950856439556,0.05641598719467911
2161,0.05725133127276129,0.06393453037242941,0.14920742691500566
2162,0.05092522358248015,0.058452856708527984,0.25725973094005206
2163,0.051241509374862174,0.045016219316344946,0.2397225869555584
2164,0.047560353782862066,0.04774066676330055,0.244368155592344
2165,0.054311874411057656,0.046173711782303756,0.23298430958091623
2166,0.06549163612973576,0.05743187965628341,0.18538314053549643
2167,0.06886192335175954,0.06684459859350608,0.19790267877425222
2168,0.06964179653577258,0.0683187641189685,0.1782654832142253
2169,0.0697781259236077,0.07372396445198909,0.22656422183893063
2170,0.06351746074366392,0.07484870954524689,0.3175566663284682
2171,0.06912370798614743,0.06333939475445488,0.23963447290343812
2172,0.0727448590649347,0.07451018397241643,0.24197194289718432
2173,0.08327564385690621,0.07850676585419203,0.19139202936758742
2174,0.08606786990940805,0.08525513175610794,0.10820257371581199
2175,0.08980355178000678,0.08529879491970926,0.20350036869644858
2176,0.10189948596599226,0.09131549932417335,0.16364589339993632
2177,0.09714946855422045,0.10480128393981558,0.17351956246252492
2178,0.09940725020426118,0.09363596831594884,0.13936557681568268
2179,0.09863284701904902,0.10066274444752021,0.17531611008075498
2180,0.10534072519146208,0.10084292302483577,0.18915980671387378
2181,0.1038846312883396,0.09992021948798346,0.23242625391748784
2182,0.08930181419046417,0.10578950315359606,0.19201127534498824
2183,0.08698952329162056,0.08435423886953014,0.14539159893568596
2184,0.0824412856974991,0.08970490211110141,0.1737422952053845
2185,0.0972640216248117,0.09681906736445398,0.15220085707453612
2186,0.09908549170508744,0.09864806412163729,0.1541858708598012
2187,0.10748392621528709,0.10251361464955652,0.13514344515158616
2188,0.11149773750867113,0.11156051330381642,0.1589195535487071
2189,0.11106691709494608,0.10785877289974369,0.34238769573847355
2190,0.08587153068186167,0.09720121423783343,0.39110742372330903
2191,0.09780936025618923,0.08963936550264706,0.1581363175298602
2192,0.11901273679525952,0.10249178306775586,0.18416422948116595
2193,0.09843107459816268,0.11248872183205275,0.21159462342871943
2194,0.0751826046814729,0.08572466775126858,0.25301557076292547
2195,0.09228492997031044,0.0840758077083485,0.1912672011270837
2196,0.08445361298043084,0.08906060880390457,0.2830869386615283
2197,0.10799660363438275,0.09337388467670996,0.26419136970684703
2198,0.10835105787674658,0.10713263732520212,0.26825930177973306
2199,0.1210960020008789,0.11570453685596965,0.18925771121622964
2200,0.12788020309315018,0.1176591646332561,0.14010965103358722
2201,0.12862188288001697,0.12925035308868216,0.14622623481826966
2202,0.12034886149497777,0.12313537516882583,0.06916315340141226
2203,0.13318105943836867,0.11247781650691552,0.2570565790976636
2204,0.13781109987583184,0.13979873291006298,0.12316238167578762
2205,0.1437227767124175,0.14447236593749946,0.11649998029047125
2206,0.13908724225266322,0.14202090745492002,0.0974502117445795
2207,0.14067422732695584,0.13883234527808316,0.12100113978628198
2208,0.15206126502456546,0.13930736533310167,0.10149611530443549
2209,0.15580784401171988,0.14968649283383037,0.23853059963937578
2210,0.13488803171468744,0.14418845071645997,0.20385772013004747
2211,0.14352643936377457,0.13076276051246655,0.21701363763411635
2212,0.13669861629431646,0.14629047830107175,0.16472773815096858
2213,0.13562971655996897,0.14133841411245357,0.15436699418915956
2214,0.13901637058748084,0.14341314698693297,0.14116457204647165
2215,0.12709489250940242,0.14127834063233094,0.15201728613261886
2216,0.13588599373229354,0.13058254007209863,0.14603042581355793
2217,0.13517709170824832,0.13303952447758838,0.1705750845541724
2218,0.1509105598221781,0.1337438075388031,0.21434573994491912
2219,0.14734938874154768,0.1470111716788078,0.10460458325423408
2220,0.1552624955881134,0.15029254424270522,0.112294981914287
2221,0.16002341576628476,0.1580181612386858,0.09922717846233839
2222,0.16440808166444804,0.15847681284023543,0.14320832853315024
2223,0.1605797061017189,0.1574067094960578,0.08781151348764496
2224,0.16207397020888537,0.1631340355511506,0.06777780469307682
2225,0.162750170837913,0.16029488334075528,0.10100169756753838
2226,0.1680565028481898,0.16334148790707245,0.07459440566960367
2227,0.1695016668398674,0.1681734051354453,0.042924746770041405
2228,0.1724411440633487,0.17231198649079302,0.049849042699159705
2229,0.16776199185428042,0.17009527507426767,0.07963403992837163
2230,0.17419715799870683,0.16925993972767037,0.09108886670400741
2231,0.17185762307829588,0.17226286019885997,0.06818900360297143
2232,0.18244294403204286,0.17652150478834824,0.07522344209724008
2233,0.18088867476041492,0.1829913976660302,0.08040748549698294
2234,0.17582234156296683,0.18044712879639016,0.06505850714014277
2235,0.17794923206062685,0.17746603990700124,0.08236068031898237
2236,0.17816738140622895,0.17887471068706165,0.061071346281700314
2237,0.1729701596146948,0.17790834398660801,0.09738412620548931
2238,0.16625138331794254,0.17472524493810285,0.08514606341100663
2239,0.16726029075692556,0.1660495878320852,0.061514364154860585
2240,0.16528065283742904,0.16999160122512222,0.07624899175941773
2241,0.15940172581651918,0.166448145021986,0.0813571591698348
2242,0.15969077521335556,0.1572483625005429,0.054494611335945325
2243,0.16208487912885722,0.15990181021071245,0.06724422515523737
2244,0.1632028792385965,0.16311768802920787,0.06374903442113312
2245,0.1691690279977937,0.16800421560937165,0.07906129858958985
2246,0.1657878103080826,0.1682280364187624,0.06222417179694058
2247,0.1727629211982985,0.16495763197458077,0.070967043857319
2248,0.1697089183402472,0.17307092176685104,0.07154223280865969
2249,0.17527700651804762,0.16413864414992627,0.0802900000941559
2250,0.16704757846951346,0.17156397747139832,0.11341109324114382
2251,0.15892726180567573,0.16495214791472287,0.10845223019681943
2252,0.166649474806703,0.16041505123252672,0.13806834215946753
2253,0.1761768119223931,0.16725072253011916,0.2700166875970208
2254,0.19570598603692502,0.19570734168047713,0.20870399299666262
2255,0.18473346134857843,0.19688666572823652,0.10969316976417998
2256,0.18595503372382904,0.18623452833160567,0.14221704544679714
2257,0.19834548654322903,0.1892538172562642,0.10192444750224237
2258,0.19698212048243907,0.19590388871126166,0.11554785900506048
2259,0.20161762717766857,0.19960016598700256,0.09964572020990971
2260,0.20475885392131282,0.20013523859061752,0.09529631269275056
2261,0.20215749964557672,0.20722206727078538,0.11434852885120118
2262,0.20014515350515621,0.2014237414789065,0.09777329660235386
2263,0.19391718553277454,0.19765100133804778,0.05237742647249982
2264,0.19698755489544945,0.1922130327008,0.09698516535838916
2265,0.18775472190899356,0.19641164567321803,0.11502162230489774
2266,0.1947843261540741,0.1918745280594958,0.08578244267631972
2267,0.19217207286267657,0.19277540001454738,0.12695618114207724
2268,0.20112679715295628,0.19318490439263777,0.1321451197669379
2269,0.20160126345757445,0.20529477606668364,0.09451797189902146
2270,0.201693975814425,0.20054472203718174,0.10798963142318799
2271,0.2018139390075503,0.20213352953150535,0.08261523202510761
2272,0.20815097310173714,0.20279963348897664,0.14006559400752708
2273,0.20726205248393287,0.2103178190605617,0.1327227563308375
2274,0.21225747553172364,0.2115080484334584,0.07638116283759815
2275,0.21871448282175932,0.21537359896137762,0.07838086229821661
2276,0.21334274708087808,0.2172026585131395,0.08033650473277494
2277,0.21061050436440037,0.2164928495290145,0.1449926380885858
2278,0.20366817898522438,0.20635947907710814,0.12803557828055062
2279,0.20774742476652297,0.202128108266226,0.08694750625435448
2280,0.20410446969274781,0.2070255621030532,0.08314146872527037
2281,0.21419350953902033,0.20904566369421548,0.12305958194831394
2282,0.22056868859213968,0.21403048572129776,0.10950470359714494
2283,0.21911258565009023,0.22456793928601518,0.08948812809048909
2284,0.212704666607278,0.21688052232530416,0.07594059257699676
2285,0.21879628621579478,0.21419429584514435,0.09899955049436102
2286,0.22206840799207234,0.2183983300828418,0.08355266763516499
2287,0.2225974041035521,0.22429497125316525,0.07256288724571955
2288,0.21786372024198886,0.22276619537591189,0.11220931547472561
2289,0.21412804853006973,0.21470747407238014,0.09276058608173375
2290,0.2015958329029755,0.21070002872851964,0.08823495046033406
2291,0.20268652067302317,0.2018114142751962,0.10208843754368845
2292,0.2054078477820966,0.20445395666022845,0.1178706433234533
2293,0.21989792477515957,0.2047433559411259,0.15193651491817528
2294,0.21777646703933556,0.2203638631852655,0.07472657674778409
2295,0.2199142518779188,0.21977420116138577,0.1307989328595448
2296,0.2214848915523983,0.22116648255645102,0.0982358953759853
2297,0.22015966397124864,0.22167426044993363,0.09991495759138833
2298,0.22424437768766192,0.2191081181354406,0.10072511734838308
2299,0.2241025580615239,0.22276619537591189,0.12000496147481109
2300,0.21784192875173575,0.22382541432647848,0.11267191424835706
2301,0.2201596385761721,0.21741555306586682,0.1033954626501392
2302,0.22408625559615397,0.22277167943576978,0.11901123077589908
2303,0.2263058341642588,0.22058226272937684,0.15548310551601635
2304,0.22670393668965538,0.22460069712447925,0.1069298151851858
2305,0.23099043564171273,0.22926340389525238,0.14735703182047988
2306,0.23078863202100908,0.22183256558239614,0.1649259947682392
2307,0.21978338548525456,0.22826970062161397,0.1552334490350089
2308,0.21100317270163543,0.21801072008113057,0.18705730752578167
2309,0.2047970507323545,0.20937326301038253,0.09999572880583191
2310,0.20209754092742205,0.20590629060389024,0.091737484032115
2311,0.20380994468010882,0.20150566747235596,0.0955508643988758
2312,0.2050478822046472,0.20094874235541418,0.09483371391911911
2313,0.20867450025539763,0.20283239132744077,0.11408173908228146
2314,0.19756564904091728,0.2074787087132187,0.18792620998418993
2315,0.1985581688589011,0.1980823372979388,0.175717518540414
2316,0.19627861349914727,0.1989668407995215,0.439959322786325
2317,0.15287927379840788,0.14989942924961,0.3204521919856428
2318,0.1467549454213336,0.1528968656609417,0.1803924585279064
2319,0.15424266069949993,0.14842526372414755,0.10566439949223629
2320,0.15371365514938395,0.1510569007840426,0.08767444718434675
2321,0.1574820332867976,0.1542181054561686,0.09568058786449732
2322,0.15796744488367404,0.16056791416818375,0.11777518643365634
2323,0.16024156462824246,0.1578980561414929,0.14165654217080983
2324,0.16237390966749454,0.15987451550058004,0.10491543004921394
2325,0.16454988168724805,0.16479382185073418,0.13909633943420407
2326,0.15363188593649146,0.1616653331540199,0.13796309481943497
2327,0.1562059160645473,0.15294597102134855,0.15953145668843124
2328,0.1606614861902701,0.158722486162953,0.14045476440439164
2329,0.148576429991909,0.1587279283597585,0.1427579678223133
2330,0.14197764475752128,0.14494736506099185,0.10245313181496403
2331,0.1484237106791486,0.14364245185618157,0.10073490779861866
2332,0.14762751296469606,0.14691836129174726,0.13637214665615222
2333,0.151221389532519,0.15462216763745343,0.12152737648644472
2334,0.15387728543934298,0.15057643853221858,0.13635746098079884
2335,0.14349915212497177,0.15591613365407406,0.15916676241715566
2336,0.13744028551825688,0.14116916179180147,0.2362641104098376
2337,0.14496070714283638,0.14032287925701453,0.1448604670104054
2338,0.1383455566278472,0.1442321138800613,0.17076110310864853
2339,0.13780564652935956,0.1337001234436756,0.18669506086706497
2340,0.1459805437644301,0.14355510459745274,0.1545383270682823
2341,0.1403579217534952,0.14633414146467308,0.18273971897188818
2342,0.14436080383729832,0.14478901806547698,0.15643522680142713
2343,0.13631684870338767,0.14460337635982967,0.20967079995742674
2344,0.13826376914291655,0.13028776138897424,0.18912798775060813
2345,0.1382910245658729,0.14105996201974574,0.191188877525199
2346,0.1485491429438654,0.14070506799344634,0.17646159275831858
2347,0.14721845074447715,0.14889477878778204,0.17564164255108822
2348,0.15032697998234157,0.14720223464973445,0.3270289269313978
2349,0.16153950059600986,0.15398335839011446,0.17852737775802724
2350,0.1617358390865805,0.16171445944595295,0.2243197611224225
2351,0.16098868825752372,0.16401307592440154,0.15484427863814437
2352,0.15533337374637723,0.16263172078599972,0.24136738259513688
2353,0.15591690788807222,0.1578980561414929,0.5636053664241012
2354,0.18032153083770652,0.17004616971386086,0.1985561913274776
2355,0.17820007084069645,0.18170833697454672,0.1286303481323625
2356,0.18408446215263152,0.17901118423772353,0.13259303286521598
2357,0.17899087212912274,0.18236353560688082,0.15668733089499345
2358,0.19613132369113678,0.1823361990336961,0.14905567493635408
2359,0.19251564631536772,0.19363258787447155,0.12187983269492582
2360,0.19799103393480322,0.19505762710800092,0.15214700959824037
2361,0.18934713930417613,0.19635157219309543,0.15576947618540726
2362,0.18983250365598398,0.18732648418911005,0.15668977850755236
2363,0.1882673336804005,0.18900265987368872,0.13622039467750063
2364,0.18220844838665917,0.18656210671624648,0.16076750103067397
2365,0.17536425717300735,0.18015228731868718,0.18769123917853586
2366,0.1831519180176438,0.17838330124704802,0.1805319724437635
2367,0.17131225910295278,0.1811623590457945,0.26783586480704397
2368,0.18202302830478806,0.17495454980735145,0.31565731898276445
2369,0.192711993661566,0.18613079168788163,0.4244145354247731
2370,0.19835094602045877,0.21255634112736158,0.3576142934673689
2371,0.2039026482967708,0.2038042420877523,0.1879531337223378
2372,0.21005426064996657,0.20503271335897097,0.1474059840716578
2373,0.21578049332497728,0.20801376038530753,0.13599276670952326
2374,0.22714566649719725,0.2137029073366569,0.16412317784892114
2375,0.20914353115858642,0.21811991985318627,0.22372009604549287
2376,0.21018514592133453,0.20399532599020506,0.4088770909008979
2377,0.21090500998070483,0.2235032781386431,0.22618239427974277
2378,0.23617130187346946,0.23218439837299246,0.202638809075717
2379,0.24293371085949544,0.23247923985069543,0.19473791573559898
2380,0.24741104963950072,0.24075629790376,0.2520903732156626
2381,0.2566438961736184,0.25260410687009316,0.12991044950066538
2382,0.25950152613380834,0.261432647843294,0.10248005555311189
2383,0.25489878055077,0.25293172711778633,0.11544016405246904
2384,0.2561585435167001,0.2575616551185692,0.14865916170181281
2385,0.2479945742211756,0.26109414320198976,0.15858423062813828
2386,0.26051592605418,0.24934462868257498,0.1243029691282334
2387,0.26102850401312067,0.25893748433406083,0.15035290959256922
2388,0.2750714267519937,0.2631688760764691,0.12480962492792498
2389,0.2781091242432907,0.2786366041110564,0.0732310854742983
2390,0.28225920710890934,0.27856012031441246,0.09903871229530337
2391,0.2853677356518717,0.2819943558139668,0.05178265662068796
2392,0.28883615257626094,0.2880274496034261,0.05634745404303
2393,0.29000323225450725,0.2870501147832567,0.06564348654171905
2394,0.2855967751408218,0.2925645672171484,0.05554708473627083
2395,0.28341533521331735,0.28704467258645117,0.03347940990525968
2396,0.28499142148684403,0.28483890835811543,0.12535299491600002
2397,0.2784199117156571,0.2810170628568498,0.10186080957571107
2398,0.2720829100814568,0.2742905494682607,0.1018338858375632
2399,0.27205558318029527,0.27209566963353604,0.16903553625462647
2400,0.27960335594466407,0.2698462841046514,0.1278985119772524
2401,0.27933606500428343,0.2811644208011228,0.08353553434725271
2402,0.28413523192004536,0.28339756346569556,0.11700174086504503
2403,0.29378255925428415,0.286291221370251,0.144373392111185
2404,0.2970219898011586,0.28620933723985387,0.1438838695994057
2405,0.2948678227138953,0.2967031067094438,0.08800732249235668
2406,0.2943224953323309,0.29476493111173085,0.08790697037744193
2407,0.2849477985303838,0.294977804732932,0.1137757875124194
2408,0.282182886849333,0.2858326116317538,0.09665718527549703
2409,0.27431889685848915,0.27799777393219127,0.09720055526357206
2410,0.2812448688296037,0.2765618293735247,0.09948417778102253
2411,0.29214650711485235,0.2828242489637586,0.1868737365838644
2412,0.2811030481634036,0.28500816067876755,0.1455702746524854
2413,0.2763911764347042,0.2824201867824738,0.1873877352212327
2414,0.2724046604247262,0.27221581659378136,0.21157014730313045
2415,0.27534958263552956,0.2680827611613439,0.15981782735782213
2416,0.2697869315343059,0.2739247082537717,0.060655252146687905
2417,0.25548225513515604,0.2650907250837653,0.16528579381439698
2418,0.2515066848689534,0.258549916195402,0.23448224846696092
2419,0.24774915963507027,0.24616152963406981,0.12891182357663558
2420,0.2501214377804087,0.25040928982994703,0.21495519547208436
2421,0.25264645511518136,0.24823626250854916,0.16416478726242237
2422,0.2715757008918054,0.25480442890162336,0.1917493808011863
2423,0.2561476513290287,0.26510713540028663,0.20033315804523646
2424,0.2631009358466082,0.2495575650983546,0.24394716623221382
2425,0.2729390738033997,0.26697435312426576,0.2723590528158848
2426,0.30501688534663446,0.28328290056530814,0.3977771679463021
2427,0.3085779918764845,0.3046307547960667,0.19612571205649332
2428,0.3066311498337969,0.3094627557505444,0.20011042530237688
2429,0.2899596057506959,0.30065054136776015,0.21106104389087998
2430,0.29187925970692724,0.29278840895806524,0.1365997746241296
2431,0.2876690799628579,0.2883986911516683,0.15338305394048313
2432,0.2865238404916043,0.2904679818293421,0.16193990744638542
2433,0.2738825775140998,0.2837906575272646,0.1625224392354028
2434,0.2740242954827994,0.2753060215291212,0.06867363088963295
2435,0.27198478777544133,0.2727782048390549,0.07571296460901938
2436,0.27452065241722184,0.26945314818002997,0.13547387284703719
2437,0.27126484664377265,0.2734442460019477,0.17484861608200575
2438,0.26501508087700154,0.2734169512918153,0.1599059414099424
2439,0.25270096460751357,0.25975645122718916,0.15674117837128917
2440,0.26136667813045844,0.25645877300440134,0.3800760339203624
2441,0.2509231157258641,0.2536797361371811,0.29441448958410144
2442,0.2482181784046405,0.25032738476802374,0.14122576236044404
2443,0.24169572722347338,0.24078359261389234,0.14109848650738144
2444,0.25259193384611484,0.24302759874055005,0.1635798078608461
2445,0.2446897256510679,0.2524621701910996,0.16064022517761137
2446,0.24995784847001123,0.24405950204945806,0.2824162928203906
2447,0.24326092218857104,0.24591039318302052,0.1254411089681203
2448,0.23985243042102516,0.24033590913205857,0.2082242609351189
2449,0.22888535821124678,0.23730027268545725,0.11668844645750627
2450,0.22458248800738112,0.2287992891653711,0.11768462476897716
2451,0.22348090126703768,0.22059865211437193,0.06672533129275131
2452,0.2241135016524216,0.22332309956132748,0.08857761621857957
2453,0.2225483237783057,0.2235251097204438,0.1666075045962011
2454,0.2152351207805212,0.22252050112166813,0.10893685748348095
2455,0.21361542487858687,0.2141779064601493,0.05822722048826254
2456,0.21619496822000328,0.21430349561720005,0.04395274404477795
2457,0.21546961087993993,0.2146638109087788,0.07552205082942545
2458,0.2119793722660528,0.21512246251032838,0.06045699552941729
2459,0.210343279651947,0.21458738990671342,0.12327252424093794
2460,0.20780193540241193,0.21026320870877077,0.1897178623773022
2461,0.20270832896531749,0.20629392153712753,0.12885308087522207
2462,0.19849273020907804,0.20302893835822525,0.1288995855138411
2463,0.1915394713889606,0.196706487150921,0.09680648964158972
2464,0.1915448817752573,0.19126301352228917,0.047408772977939856
2465,0.1897288931859913,0.19314668342584193,0.06129652663711879
2466,0.19019791908877842,0.19097914016430198,0.03990928809748087
2467,0.1882727805676715,0.18981616363848527,0.06670819800483903
2468,0.18634225357785678,0.18909549119227545,0.059796140138515225
2469,0.18868178467421637,0.18535548795835463,0.07257757292107292
2470,0.18681668936786266,0.18801444065990822,0.08329322070392195
2471,0.19308828871108868,0.19029120462503,0.08237047076921795
2472,0.1898379279660593,0.19262795834416976,0.07470944345987181
2473,0.18526787679429035,0.19118115032341823,0.08402995208414982
2474,0.1842207815658805,0.18577589766158223,0.06650259854989173
2475,0.18381723560830943,0.18367387007697047,0.058525829220447925
2476,0.18135223717239174,0.18448193164496154,0.056019473960137865
2477,0.1833646028896182,0.18094398043320928,0.07375487456190216
2478,0.18494613742722205,0.18468940493240946,0.05053192660309184
2479,0.18395361614576106,0.18563944504244648,0.05414460274002312
2480,0.18580236131883965,0.18410522696838763,0.0689281825957582
2481,0.18250839961037768,0.18441097377122787,0.07323598069941609
2482,0.1764985979766313,0.18105864333359675,0.08199598604770679
2483,0.17841823665692413,0.17631403150090033,0.059641940547304734
2484,0.1756805490567201,0.17747152396685908,0.12773696954836525
2485,0.17272473578861913,0.17281974345274945,0.20523327838814734
2486,0.18198486343338788,0.17611204227331026,0.12602608836969656
2487,0.18564963639955362,0.18214513606276947,0.08256138454881189
2488,0.18773291540164477,0.18591241307529646,0.07143943308118604
2489,0.18262836450075698,0.18604890755748452,0.13742462005647774
2490,0.18842004844230115,0.18549200337206886,0.11224602966310906
2491,0.18762382940297878,0.19152511809305425,0.0932109467925707
2492,0.18239387666675394,0.18619630736480983,0.09799602934521344
2493,0.17871274470686904,0.18290951353563298,0.08299705958429547
2494,0.18255748358421175,0.17908764710284128,0.07136355709186025
2495,0.184558933069146,0.18346095459271697,0.07084221561681528
2496,0.18280288640846754,0.18451468948342561,0.10200766632924486
2497,0.1881092010239297,0.18290951353563298,0.09814778132386502
2498,0.18412263541886054,0.18624543365674287,0.09062871554293486
2499,0.1817285335871165,0.18394139591301487,0.1284639104783575
2500,0.18184303587552153,0.18181753674660242,0.16210144987527259
2501,0.18633678883986476,0.1827784821817767,0.12934260338700138
2502,0.18214845227574317,0.18509342525064196,0.13000590639046233
2503,0.18744385225226962,0.18427992148584535,0.14920987452756454
2504,0.18356636880696914,0.18843482943160964,0.42861953380095735
2505,0.20623132368238106,0.20397895753673614,0.2659732316497237
2506,0.20646582382647316,0.20447580917355532,0.14243733057709784
2507,0.20709297454747122,0.2074787087132187,0.09956984422058392
2508,0.2045079975365448,0.20638128972738254,0.15515267782056533
2509,0.20320456431569017,0.2059280803226385,0.12180640431815894
2510,0.2020866258574439,0.20219906613995967,0.07785952082317164
2511,0.2008595548328368,0.2017294673502205,0.07462132940775153
2512,0.20095771692750686,0.20111253154773465,0.08800242726723889
2513,0.20052693033276092,0.20068670057922763,0.08491354021791146
2514,0.19957253408562187,0.19896135673966361,0.06085840398907631
2515,0.1964694681064038,0.20017892268574503,0.11460552816988533
2516,0.19401540259077277,0.19619873018896453,0.039436898873613846
2517,0.19097775378403098,0.19403662912423017,0.07898542260026405
2518,0.19126677146094462,0.18984345834861774,0.08860453995672743
2519,0.1906450609055803,0.1911046665267743,0.09564876890123167
2520,0.19071053186922915,0.1918035492542359,0.14349225158998224
2521,0.19492612136156223,0.19397109251577585,0.13287940353460687
2522,0.19288104411470613,0.19242052691977415,0.1875957822887389
2523,0.18603136327186454,0.1910883190048315,0.1699411529014182
2524,0.18306462599770013,0.18515347779923838,0.101554858005849
2525,0.1863258742235443,0.18289310321911176,0.09980481502623798
2526,0.1847170744120311,0.18526267757129408,0.10022335677380928
2527,0.18044697692239303,0.18574864481450218,0.11198658273186603
2528,0.18154309638503585,0.18066550740897533,0.14474053399501946
2529,0.18001065117560966,0.1790002579810601,0.10673155856791518
2530,0.18094322759722775,0.18031063431420205,0.16578755438897078
2531,0.18182667355776672,0.18005399287176874,0.15074697521455158
2532,0.18472254853679654,0.18364113317003247,0.10738017589602275
2533,0.18591141351840573,0.18590694994696474,0.14924658871594798
2534,0.18784741122897786,0.18567216101785824,0.2538159400696846
2535,0.18621134629408498,0.18741385237936506,0.18665834667868153
2536,0.1823938592335726,0.1877359676356742,0.24932701863666842
2537,0.17593687879265824,0.18130977978464594,0.16742745480343146
2538,0.1776220041111765,0.17766807099764362,0.11108341369763321
2539,0.17738205519751649,0.17630854744104243,0.21205477458979197
2540,0.16862367246099796,0.1766852939806687,0.17097159778871363
2541,0.16889637552673264,0.17041201092834982,0.1213389103194097
2542,0.16600597043062887,0.1684518781596793,0.12453304470876968
2543,0.1635246123444315,0.16343431922565912,0.09577604475429428
2544,0.16661675765937245,0.1632377512633484,0.11747657770147096
2545,0.1623520524384846,0.16426963364073024,0.08758633313222648
2546,0.16045971696997496,0.1613978282495017,0.14437828733630279
2547,0.1618230951207783,0.1612449234507923,0.08408379956044554
2548,0.16205759024407101,0.16159435434876004,0.1076959179161204
2549,0.15635318484832222,0.16249522630381166,0.1540439093313852
2550,0.15633137259858376,0.15451841006220327,0.09443964829713677
2551,0.15825100579375173,0.15658221668001923,0.0884111785645746
2552,0.1562604668822818,0.15929029567350586,0.06568264834266138
2553,0.15910178249074747,0.15641298529089329,0.08384882875479147
2554,0.15861638021204766,0.16066072455524424,0.08883216792470482
2555,0.15860547529379337,0.1593285166403016,0.06472807944469174
2556,0.1618830927315868,0.1595796949544033,0.06754283388742276
2557,0.1607814630411068,0.161681722539015,0.09030318307260163
2558,0.15865455043951365,0.16283373094511597,0.08159457758804776
2559,0.15997977845814865,0.15876614932655428,0.06858551683751267
2560,0.16191037290659982,0.16052425100458242,0.08316104962574154
2561,0.16570600908606653,0.16182365921800865,0.08274495549072913
2562,0.1662077608359948,0.16598951435196255,0.06523228763182443
2563,0.1651334023475634,0.1671743224595799,0.09458405743811167
2564,0.16616957121407605,0.16543263109807307,0.09071438198249625
2565,0.16541151821185873,0.16518145278397148,0.08405442820973878
2566,0.16622411590214775,0.1660277353187584,0.13251470926333128
2567,0.1719066992979057,0.1678840686491264,0.29128888834639055
2568,0.16317011446760077,0.16197107995686008,0.2630948392804614
2569,0.16140313911349263,0.1643515387026536,0.1324143571484165
2570,0.16278837348053327,0.16259896294753565,0.07219329774932617
2571,0.15987615842399555,0.16340156138719505,0.11790980512439564
2572,0.15987072666139007,0.15904462235078828,0.062028362792228856
2573,0.15744389684893945,0.15964518969980526,0.05990138747854777
2574,0.15856734587895666,0.1580837187786663,0.0869254777413244
2575,0.1591290468567269,0.1591592852511757,0.06654420796339297
2576,0.16234116768841944,0.16009289411316527,0.0685708311621593
2577,0.16142498270351152,0.16189465895479468,0.0600947488707006
2578,0.16188306393199664,0.16162709125569794,0.08611287037177076
2579,0.15747114389972516,0.16248976317547995,0.15276136035052343
2580,0.15404085403075723,0.15480778841157453,0.0780284060897355
2581,0.15640772957103755,0.15460577825245828,0.07635668671200918
2582,0.1577438319150375,0.15611272254791095,0.0912455139077768
2583,0.1562822624090799,0.15663684796333635,0.1060070652504818
2584,0.15719847736472886,0.157586846210321,0.08519256804962566
2585,0.15556240929075454,0.1583402974265212,0.10891238135789198
2586,0.15605323927247183,0.15660953232167776,0.09425118213010174
2587,0.15286839273506686,0.15672421615359136,0.13266401362942398
2588,0.1472457688999123,0.15372673787920735,0.1355424059986863
2589,0.14751297291327664,0.147573518061029,0.07736755069883344
2590,0.14612775721620364,0.14863817920840103,0.1208420449699537
2591,0.14743661653531126,0.14515481741691366,0.13213532931670233
2592,0.14864190383761822,0.14807041156090053,0.09016122154418563
2593,0.14611685566395854,0.14905858891162863,0.1898451382303648
2594,0.1498689144905243,0.14634506772133649,0.14971408271469724
2595,0.15121049646126877,0.15274398179375848,0.07844205261218902
2596,0.15417173671530882,0.15176664697358913,0.11545729734038132
2597,0.15483708510292638,0.15272759240876344,0.12488305330469186
2598,0.15672948479686083,0.1532299071739143,0.153551939207047
2599,0.14842917309100817,0.1542727158079595,0.17801827434577677
2600,0.1427302136021848,0.14520944870023075,0.1491707127266222
2601,0.1471421347921042,0.14397003024082244,0.1547635074237008
2602,0.14581149303919844,0.14918417806867948,0.20620253296147037
2603,0.15003252351633029,0.14985026109462463,0.19022207056443488
2604,0.15253568236845183,0.14947899861485625,0.221563749381105
2605,0.1622594062131978,0.15830209739125153,0.09079025797182204
2606,0.16385180920665726,0.16140871264311277,0.08865349220790536
2607,0.16545516636571256,0.16426423330697706,0.13421090476664657
2608,0.1606287406828057,0.16426963364073024,0.13168252099330646
2609,0.15988159374466815,0.16221675327957766,0.09318157544186395
2610,0.15678946460487891,0.1610374292318182,0.14481151475922746
2611,0.15853461914034594,0.15641298529089329,0.09256477707702203
2612,0.15526248160680028,0.1588480753200038,0.13310703150258424
2613,0.15479891110318333,0.15511899834274642,0.09305919481391912
2614,0.1556333267841178,0.15467675705771813,0.13447035169788962
2615,0.16161585406732304,0.15664231109166807,0.11254219078273554
2616,0.15965260056469333,0.161632596247082,0.09340430818472353
2617,0.16279923289981857,0.16107562926708782,0.09445922919760795
2618,0.1596798342874497,0.1618782486382734,0.12388197976810318
2619,0.16480615090193718,0.15951962147428064,0.17001947650330287
2620,0.16759294731620034,0.16734903790856379,0.14749165051121918
2621,0.180348803883966,0.16748551145922566,0.3768867947561202
2622,0.17516248290717945,0.17826865927818672,0.2923805235476584
2623,0.17380452875043673,0.17434849839847658,0.09594493002085815
2624,0.17598592692703147,0.17333840573984308,0.11051311997141032
2625,0.17213028058485136,0.17517837061674216,0.12815551129593655
2626,0.17762200965178337,0.1709470207373863,0.14949869280951433
2627,0.1685963749565424,0.17694189356004972,0.14193067477740626
2628,0.16660041623155586,0.16601136686528936,0.10781585093150634
2629,0.17298652224646643,0.1669886807539326,0.12589881251663396
2630,0.17052150915259157,0.1718533767522958,0.11547198301573469
2631,0.17408810492667598,0.17080508405839265,0.13881486398993095
2632,0.17892539710441097,0.1759645796714064,0.15759049992922627
2633,0.18119409358049354,0.1797865088987767,0.17887983396650833
2634,0.17816189224237616,0.18017958202881953,0.10312133004354278
2635,0.1755496783829102,0.17729682944940142,0.17005129546656855
2636,0.16858549808103718,0.1716950297567809,0.1397082425739282
2637,0.16914174027877493,0.16953292869204648,0.12533830924064665
2638,0.1703633475188508,0.16848465692966955,0.10999177849636535
2639,0.16753294968839444,0.17045563222889878,0.16182486965611728
2640,0.1601706791420432,0.16830994148068565,0.1866803751917116
2641,0.15853460628661586,0.15975438947186102,0.18224774884754996
2642,0.15640770729191017,0.15587247049047273,0.05626178760346863
2643,0.1591454165857749,0.1570081313746309,0.06989498955652232
2644,0.15526249213838234,0.15999464152929918,0.09719321242589538
2645,0.15336463428295571,0.15426183141434846,0.04439331430537933
2646,0.15389906331947395,0.15319712840392402,0.09124061868265901
2647,0.1575420646381177,0.1535356749082807,0.16381233105394127
2648,0.16071601989060302,0.15719373121722582,0.10052930834367135
2649,0.1562005013536365,0.16032221991394005,0.15484672625070325
2650,0.1675384270508657,0.1571391627284872,0.18983779539268814
2651,0.16760928800127323,0.16669381834470356,0.12067315970338983
2652,0.16630586645760226,0.16768750068681568,0.10985715980562605
2653,0.1687272810961793,0.1659786090268253,0.10773263210450386
2654,0.16826917453515283,0.16750187991269458,0.09595716808365262
2655,0.16885270097917687,0.1686757408321223,0.07349787524321802
2656,0.16722754966448394,0.16877401434751463,0.09091263859976687
2657,0.17174852144482788,0.16797141590785528,0.10778647958079958
2658,0.1699652216148016,0.17128554631021672,0.102548588704761
2659,0.17020519039405108,0.17035191651670098,0.09404803028771333
2660,0.16780561893137136,0.16917803466574707,0.11355305476955982
2661,0.16943078248689242,0.16696680730907956,0.13145734063788797
2662,0.1684545989458165,0.16915620308394638,0.13013807746864275
2663,0.1739354034822938,0.16906883489369137,0.14819656292818137
2664,0.16678581456222835,0.1717168822701077,0.18447752388870473
2665,0.17782377945021144,0.1691234452454823,0.17290276409768301
2666,0.1795307322198385,0.18017958202881953,0.03603226980418876
2667,0.1830592173140323,0.18182302080646032,0.10378218543444484
2668,0.1751897284147796,0.18271838777012786,0.199895035397194
2669,0.17620409748543292,0.17474709745142966,0.11905039257684143
2670,0.17339552823663773,0.1767890515559188,0.12851041511697656
2671,0.17434987363395027,0.17521114938673246,0.11826960417055343
2672,0.17349366169754005,0.1730436061251925,0.19850479146374075
2673,0.16655131604700485,0.17160768249805206,0.1704233325755208
2674,0.1633882587237857,0.16709241739765665,0.09989537669091715
2675,0.16277746953843464,0.16300848825715217,0.06207486743084789
2676,0.16426080338919374,0.16250613162894892,0.11304639896986823
2677,0.1609068867851634,0.1638000976455696,0.18857482731229752
2678,0.16450624065074232,0.16247337379048485,0.11348452161791071
2679,0.16277202178343664,0.16486482158752022,0.11579506787350904
2680,0.16193215344096085,0.1620529640872573,0.11374396854915374
2681,0.159352596191555,0.1610210607783493,0.12179661386792333
2682,0.16549336099973505,0.1597052841114541,0.1264372872795912
2683,0.16511155264875543,0.16455903292162763,0.14746472677307132
2684,0.163344641711956,0.16465732736854602,0.154261746849127
2685,0.1682964341510163,0.16390931834915148,0.15526282038571568
2686,0.1703578770756441,0.1693145500794613,0.16573125930011615
2687,0.16480072899187398,0.17013353790411587,0.21849689084480764
2688,0.16414085316488264,0.16287743597176965,0.20559062982174622
2689,0.15650591885185472,0.16695594384699472,0.3633221259547156
2690,0.15471164752142508,0.15543020827391832,0.27871795024389795
2691,0.1335736884314911,0.1370797276599129,0.27518359770885137
2692,0.13507886466326302,0.1333943557093092,0.14090267750266972
2693,0.13361186884642512,0.1341205331469032,0.12116757744028693
2694,0.13764751209098847,0.1347265636242519,0.09934466386516543
2695,0.13768022880026926,0.13775675787404765,0.08228725194221548
2696,0.13811652078477354,0.1378332207391654,0.11218483934913664
2697,0.13618596135844657,0.13731997971735113,0.13155524514024383
2698,0.13975261625096452,0.1374019057108006,0.23320948993633472
2699,0.1360660048045188,0.13868494547075788,0.17923229017498943
2700,0.12811470964473276,0.13404407028178544,0.17319158237963278
2701,0.13055790885755247,0.1292995212436676,0.1353343589311801
2702,0.12525160696056664,0.13142338041007998,0.15667754044475787
2703,0.12324467105554247,0.12505720324459588,0.12737717050220745
2704,0.12357736809599422,0.12363766900245055,0.08300685003453107
2705,0.12533881539422093,0.12388880545349981,0.07466049120869388
2706,0.12476622413574588,0.12480606679354658,0.11863185082927012
2707,0.12597694342759375,0.12444573057044164,0.13746133424486118
2708,0.12554064794758146,0.1266023685068444,0.1230865056864618
2709,0.1255842689493502,0.12502446633765796,0.1340493623377594
2710,0.1252570581274774,0.12491526656560231,0.10742668053464179
2711,0.1227048077098258,0.12659142131865475,0.2553236694059649
2712,0.1264131929240131,0.12121348429847728,0.21752518865892573
2713,0.13097237011097518,0.12493163501907123,0.3434573024267113
2714,0.127994732441784,0.13087196028452222,0.16756696871928856
2715,0.12662043776383491,0.12824576542143276,0.1854712545876167
2716,0.1248862153831884,0.12502446633765796,0.12496382451913547
2717,0.11989624143708404,0.12643855838299772,0.23271017697431984
2718,0.11436088295564033,0.1184290052344514,0.12682645767645573
2719,0.11068517506324262,0.11416487658510521,0.10447975501373036
2720,0.10984533759551209,0.11075795672720937,0.06909217263720425
2721,0.11130140553684105,0.1111073666936509,0.08765976150899338
2722,0.11277933712452477,0.11200823864870252,0.08477402630205436
2723,0.11156321266258819,0.11431231825548288,0.09334556548331002
2724,0.11217397676530715,0.11116741924224732,0.059044723082933986
2725,0.11244666936559243,0.11112921920697774,0.06606937112696704
2726,0.1112032804789184,0.11234130109320128,0.09261372932819996
2727,0.11205950032003965,0.11135856593927868,0.10278600712297396
2728,0.10923999514296294,0.11245050086525696,0.09554107394864021
2729,0.10786024439523727,0.10825190882436514,0.05399774598648933
2730,0.10860191116343944,0.10850850840374612,0.07886059435976032
2731,0.11034702526081845,0.10834467734837333,0.082771879228877
2732,0.11039616213503882,0.11099818785312138,0.09554352156119911
2733,0.11059792454321092,0.11045767305270088,0.09209728307827279
2734,0.11507527274311126,0.11376631939520448,0.1148331561378627
2735,0.11511888960233728,0.11509850637862096,0.11796610021325027
2736,0.11353194131351611,0.11614682000405024,0.1368861452935205
2737,0.10842196496352362,0.11246142712192037,0.1575684714161962
2738,0.10699860629127174,0.10616080749641679,0.11522722175984504
2739,0.10858006444154157,0.10565298773988183,0.08581181402702649
2740,0.10829649748150467,0.10876508705160093,0.09793728664379991
2741,0.1131611053683741,0.11026110509039017,0.09913906441021812
2742,0.11317199843201022,0.11247781650691552,0.1341937714787343
2743,0.10699858176624415,0.1108125461474741,0.09022730708327584
2744,0.11139414178555558,0.10857404501220047,0.11833324209708475
2745,0.10344285914977254,0.10941482255560328,0.14848293359757228
2746,0.10923450172077238,0.10495961000380427,0.16734913120154676
2747,0.11442086274597134,0.10948035916405763,0.127340456313824
2748,0.1159969254571065,0.1155352845353175,0.10609762691516096
2749,0.11272481064985802,0.11636519861663547,0.0935731934512874
2750,0.11565336408959707,0.11324217304825288,0.13169475905610095
2751,0.11610599195641634,0.11493469625477434,0.12902196614178593
2752,0.11437178671205285,0.1170422288307702,0.13463189412677679
2753,0.11862555159794093,0.11788302730569919,0.19153888612112122
2754,0.11498253873883167,0.117451670414282,0.28132955284424055
2755,0.12487531511733467,0.1158192206878832,0.3005212829185483
2756,0.11981983943748344,0.1223054610875079,0.20212236282578983
2757,0.12785839905084068,0.12451670937570153,0.2025702759240679
2758,0.125066187590068,0.12715923082920763,0.1358752813066962
2759,0.12817474296518316,0.12476242456147144,0.17846863505661373
2760,0.1301761452054893,0.12767247185102196,0.16310741863697906
2761,0.13458807317279597,0.1322696629448669,0.11371949242356477
2762,0.13263568361485684,0.13626078169831077,0.1397767757255773
2763,0.13532431758740937,0.13278832523196055,0.10220837055907438
2764,0.13674769158869376,0.1340168174347054,0.14150479019215825
2765,0.1352915764881365,0.13551277267891615,0.08386840965526264
2766,0.1342772367764768,0.13456823756026318,0.11565065873253415
2767,0.13347009838752583,0.13551825673877402,0.04641014705391007
2768,0.13104872429466713,0.13340530289749883,0.14679408093193366
2769,0.12689854443742138,0.13257536788465474,0.1565894263926376
2770,0.12472804166923797,0.12618740100042225,0.08444115099404442
2771,0.1256551657708655,0.1241181312542746,0.09414838240262809
2772,0.12622233372980113,0.12515549769151427,0.08054210418772224
2773,0.12404637442640869,0.12550494952100819,0.12370819927642153
2774,0.12340287373958843,0.12282416523765394,0.13832289386559277
2775,0.11766571284604525,0.12401437367902446,0.2076515195963371
2776,0.11601326429359364,0.1158464944664894,0.09250358676304961
2777,0.11755118816795727,0.11637610394177267,0.1804512012293199
2778,0.1165968299016688,0.11777382753364349,0.12345854279541409
2779,0.1152443651849631,0.11793765858901628,0.1597101324052307
2780,0.11699494349951857,0.11432866577742565,0.1838509350736272
2781,0.11212492884617738,0.11549164230324235,0.18108758049463303
2782,0.11618235926655064,0.11277263705309229,0.11647060893976448
2783,0.11828196197414727,0.1155189160818485,0.14433423031024264
2784,0.11586057210855367,0.11919336177578876,0.24718291003507506
2785,0.11885458286600457,0.11548613731185825,0.21173658495713543
2786,0.10976900481121828,0.11738619660040617,0.2447426403138552
2787,0.1095508565720109,0.10889616026850962,0.1296730310824524
2788,0.11536433617624188,0.11162604991227076,0.14993681545755683
2789,0.10811109820075267,0.11336227814544583,0.14728360344371297
2790,0.10825288867735615,0.1074656788381747,0.18897378815939764
2791,0.11069607133785213,0.10753119451510287,0.09926144503816295
2792,0.11411545024788843,0.11266887947784215,0.08337643953092444
2793,0.11113237809272518,0.1135643092360882,0.19419454574752396
2794,0.11018891677029378,0.11261429005757742,0.22746249564804566
2795,0.10847651605723428,0.10951858013085344,0.21349152316186423
2796,0.10500802243833492,0.10699067971468232,0.20422486201388196
2797,0.10796929470165721,0.10648290182119977,0.27260626168433333
2798,0.1109687923160937,0.10701253222800916,0.13644067980780133
2799,0.10651322578812485,0.1089289181069737,0.25414147254001784
2800,0.10944722920132129,0.10718178454866134,0.1524994658067215
2801,0.10941450713796817,0.10985708477215772,0.20387485341795974
2802,0.11356463298468807,0.10872688701633129,0.24052785148743536
2803,0.12440631299372075,0.11575368407942885,0.21128377663373957
2804,0.12707307911480242,0.12447848840890574,0.14506117124023493
2805,0.12019615544162827,0.12765610339755298,0.21734896055468517
2806,0.11987441163866201,0.12000142334377992,0.11890598343586654
2807,0.12123233874220161,0.11973933970454104,0.14207018869326335
2808,0.11983081585818127,0.11998507582183715,0.1074854232360553
2809,0.12055065525892701,0.11966838183080733,0.1911986679754346
2810,0.12313016874977888,0.12001234960044332,0.3143649795516671
2811,0.13261387833837274,0.12225085073571698,0.2472245194485763
2812,0.13270111574157195,0.1326463466899146,0.17526715782957705
2813,0.13503525485584844,0.13378747070240446,0.1977019745444227
2814,0.13766929572543035,0.1370306013679799,0.17175483380756051
2815,0.1441535819251923,0.13768031594045607,0.22783453275699794
2816,0.14402817606166846,0.14496375444598697,0.20990332315052193
2817,0.14920906759493935,0.14310742111561894,0.5455909379906227
2818,0.12854554983153882,0.13104117074212202,0.29398126216117676
2819,0.12939633750535323,0.12858429099426313,0.15961222790287483
2820,0.12686581386518564,0.12516638208512537,0.19279940658895292
2821,0.12442266028360667,0.12657507379671193,0.1957830462982478
2822,0.1272475865001112,0.12403076306401958,0.15401209036811955
2823,0.12744937138992524,0.12773798752795013,0.14089533466499302
2824,0.13149591366701652,0.12812563939271363,0.2654837091379444
2825,0.12640229781110995,0.13179464288984832,0.22174242509790446
2826,0.12930907198992708,0.12621471664208084,0.16558929777170014
2827,0.1260805284400548,0.12895553254250539,0.20408045287290708
2828,0.1270130737829222,0.1272138411809986,0.3218595692070083
2829,0.11703309903734961,0.12522101336844246,0.3782819339146912
2830,0.11683135509555852,0.11722784960489124,0.19243471231767734
2831,0.11640050492003738,0.11739165972873788,0.8875248600810275
2832,0.11664586595664016,0.11653989313409308,0.35370790382337
2833,0.11160139727717751,0.12011064404736177,0.45934196664022664
2834,0.1071130883365879,0.11040304176938376,0.21258101128995474
2835,0.10459356905011936,0.10630276510693654,0.16553545029540442
2836,0.1054279675853176,0.10417886407747176,0.36518475911203585
2837,0.09110148462893357,0.09112443635324671,0.1755951379124692
2838,0.08968355033991234,0.09021263814153166,0.1795431369699693
2839,0.09527893344762962,0.0900488698807374,0.23424972527386576
2840,0.09109603012101238,0.09456409311808048,0.24836021167590425
2841,0.0891654912656339,0.08997787014395134,0.20293497019534348
2842,0.09451541532603301,0.08942096595853569,0.23879249418317772
2843,0.09569337323905915,0.09254945465524991,0.30615323941656925
2844,0.08826018540133189,0.09618567938239439,0.4452241374005114
2845,0.09032710439206022,0.08848733616501997,0.32753558273108935
2846,0.09172865310111865,0.08872756729093198,0.46663829967829723
2847,0.0982129235071527,0.09173046683059541,0.33409518438893204
2848,0.09741669268401533,0.09767075023299404,0.2811092677139399
2849,0.10346469312600927,0.10344178131474055,0.24765529925894206
2850,0.11213034100313592,0.10543460912729663,0.21243170692386204
2851,0.11397911707132853,0.11093813530452493,0.286405901291392
2852,0.10306109597622955,0.1099935792543458,0.4422772118796
2853,0.10539524664370763,0.10363290708024572,0.28883393294981735
2854,0.11883275392667501,0.10244263584429666,0.9589021375235683
2855,0.11232668545404252,0.11759909115313352,0.24357757673582045
2856,0.11016164385917947,0.1105122415414394,0.15233302815271652
2857,0.10378642513654608,0.11087806182440224,0.30083702493864595
2858,0.10462628038011028,0.10400959082529343,0.1521347715354459
2859,0.10423909829154297,0.10461022096888895,0.20622211386194153
2860,0.10610420917682693,0.10578950315359606,0.3441255006552901
2861,0.09291207630339442,0.10453924216362906,0.5153433419877793
2862,0.09051249201289836,0.09139194125776492,0.31051488499652286
2863,0.09272665381002872,0.09190518227957925,0.3522956313768867
2864,0.0934410490900482,0.09320459049300547,0.47623783613428944
2865,0.10179045269111951,0.10243717271596495,0.3662347848998025
2866,0.10683499133701864,0.10034060825968488,0.2851918854621793
2867,0.10535161368629366,0.10596968173091159,0.5028262513615824
2868,0.1132647283107792,0.10533635654343051,0.4006653507658
2869,0.11452991461104638,0.11471631764218915,0.21244884021177432
2870,0.11906183133643748,0.11277807924989783,0.4410901197885352
2871,0.12462447480100096,0.12068937981457806,0.28262923511301463
2872,0.11655865791412794,0.123823331639624,0.6574762032829011
2873,0.1392126816173757,0.1406832154801195,0.5337126742422978
2874,0.13848192478041488,0.13749471609786115,0.203845482067253
2875,0.14162859867346012,0.1411363830218112,0.20049959569924145
2876,0.14410449868133596,0.14156225585337046,0.3100033339717135
2877,0.15049605488408568,0.14086885718576678,0.4523001853082813
2878,0.14219032537954024,0.14634506772133649,0.372135978779302
2879,0.12656591250200022,0.13786595764610335,0.5502438494650851
2880,0.14364643620567968,0.12255663940160949,1.0
2881,0.15044698112569765,0.14275248522626718,0.34943926752065446
2882,0.14833647422575985,0.14737152883343896,0.49503305297405586
2883,0.15693125091263338,0.1594923058326221,0.19604738845460865
2884,0.15761293739381793,0.15902279076898765,0.1810263901806606
2885,0.16274473977424964,0.15759230933865273,0.24145060142213937
2886,0.16140862187713667,0.16196017463172288,0.21408874062623498
2887,0.15767293928075565,0.1609391975794783,0.21628424909156518
2888,0.15875818916678935,0.15937766386376093,0.30671863791767434
2889,0.15355550005392138,0.15870065458115232,0.42824260146688725
2890,0.1476275144991,0.15082757498326785,0.25816779519940264
2891,0.14648226415978582,0.14755168647922834,0.3677743331993484
2892,0.13482260115928058,0.1420864231318482,0.3147786260741206
2893,0.1319594637004502,0.1309647497400566,0.1793252994522275
2894,0.1378001971687806,0.13385298637933266,0.16362876011202404
2895,0.13581508608979453,0.13742369542954894,0.16784110132588498
2896,0.13991618836726283,0.13630446579343827,0.15768106159390546
2897,0.140074345231878,0.13973868036146653,0.10609273169004317
2898,0.13986711245787636,0.14034475270186755,0.17833401636587443
2899,0.14083783102324554,0.1372271483987644,0.2682911207429987
2900,0.13773477770226766,0.1390889867205165,0.24045687072322736
2901,0.14010162849744595,0.13628263421163764,0.5305503588162035
2902,0.13636047466113066,0.1393128284614334,0.3933298559267871
2903,0.13296292067143411,0.13516334178094846,0.14160024708195523
2904,0.1318340473540005,0.13320329273838258,0.15590899010126436
2905,0.12935814838716625,0.1324007152302494,0.19344068107938384
2906,0.1305197338717849,0.1297362994003641,0.16373400745205657
2907,0.13072150523800546,0.1278745029416643,0.18070330532288625
2908,0.12543158646843827,0.12866619605618654,0.21170476599386978
2909,0.12590055324571126,0.12515549769151427,0.27915852050449935
2910,0.12728577138139113,0.12533021314049816,0.36383122936696605
2911,0.13181222840728812,0.12604546432142869,0.24546713363128855
2912,0.13177951108160346,0.13251535719911056,0.1782581403765486
2913,0.12755846213388566,0.1305443609683552,0.23213988324809692
2914,0.12486440348314899,0.12553222329961433,0.3753668273570454
2915,0.13588058485561638,0.12478427707479828,0.5197563874314698
2916,0.13880365303503783,0.13567111967443105,0.2630654679297546
2917,0.13660044662599496,0.13847747218330989,0.11208938245933968
2918,0.13183402859325577,0.13533261503312674,0.24046421356090406
2919,0.1272584894324566,0.13184376918178145,0.2284953881479
2920,0.12208854790827685,0.1279618502003932,0.2465856925707043
2921,0.12444448142300825,0.12296612284817368,0.16558195493402347
2922,0.12352282221403961,0.12473508798828672,0.2191014511468551
2923,0.12046886680511028,0.12184140915220515,0.20644729421736002
2924,0.1194762804723472,0.11892039374293886,0.20472662258845575
2925,0.11824378278384419,0.12119711584500836,0.18472962798227105
2926,0.11987987384018571,0.11761003834132311,0.16651939054408085
2927,0.11073972118195032,0.11799222707775486,0.2170576946601765
2928,0.11527163813728365,0.11146776571133438,0.2498116459233299
2929,0.11940541847932971,0.1173370703084731,0.18692268883504234
2930,0.11986896905327567,0.1201379596890203,0.22838524558274964
2931,0.1170767421135883,0.11762642772631815,0.2096218477062488
2932,0.11294842402845674,0.11518041144054425,0.175930460833038
2933,0.11256120173157998,0.11175712312917943,0.252222544293843
2934,0.10719493152810426,0.11159331300533282,0.39395644474186464
2935,0.10085786206265714,0.10764037335563242,0.3446811087061596
2936,0.09814752299768663,0.10001305080657019,0.13811729441064546
2937,0.0988728149167847,0.09722304581963409,0.1192927062201722
2938,0.09324472837855462,0.09852247496458647,0.21164357567989736
2939,0.09297206999685646,0.09386525225367126,0.16197662163476886
2940,0.09165778873443715,0.09481529236370828,0.224473960713633
2941,0.09298296807339544,0.09003792269254779,0.5539397444290188
2942,0.07345382028809345,0.07000038200035269,0.3341270033521977
2943,0.07018715270904678,0.07300328154001609,0.1652172606627479
2944,0.07071068505186111,0.0700440660954802,0.16685960868976746
2945,0.06664234421421834,0.07098316948309072,0.1788259864902126
2946,0.06795118389978284,0.06614574726333378,0.20213704850114322
2947,0.06909643938302969,0.06685550391864331,0.2522788393826976
2948,0.07084156747610608,0.06878283698579743,0.22140220695221785
2949,0.07379193954604253,0.07158372636634461,0.2027122374524839
2950,0.07526440876709824,0.07406795315315126,0.13000835400302124
2951,0.07607152138688207,0.07534555071630297,0.1593332000711606
2952,0.07571703831810021,0.07521452982820973,0.1892797397292597
2953,0.07492628023629001,0.07410072145737842,0.1974694513513275
2954,0.07888554054514564,0.07425903705560408,0.21743952221936436
2955,0.07543891544012819,0.07845218689969036,0.2178311402287878
2956,0.07576064830326752,0.07724008408194064,0.2176108550984871
2957,0.07164869301953357,0.07350557537364083,0.13102656082752218
2958,0.07576065210697495,0.07152913694607987,0.18936785378138
2959,0.07615876991935498,0.07586421300339666,0.16184934578170626
2960,0.07864012918228534,0.076049865174807,0.23579906402364725
2961,0.07509533650248733,0.07663952719868675,0.20127304126785273
2962,0.07427728951621919,0.0744610472147203,0.3119687668565074
2963,0.0725921537852114,0.07475041509832844,0.24131353511884115
2964,0.07135964527507947,0.07257194558012509,0.22249873737860348
2965,0.06855109541444994,0.07032250772242493,0.13465147502724795
2966,0.07019804922937604,0.06836244821409601,0.17914662373542806
2967,0.06774394178195166,0.06968370894084908,0.37217514058024437
2968,0.07276666122087967,0.06989118222829702,0.26961038391224396
2969,0.07291392565483314,0.07463032046689863,0.24572413294997272
2970,0.0689600969906954,0.07357111198209518,0.2478437654259771
2971,0.06652235395202431,0.06775640727098425,0.10108491639454087
2972,0.0651862298314662,0.06573624288524343,0.15549044835369305
2973,0.060310768948391505,0.06545234859573007,0.17718119085063413
2974,0.062006825674314356,0.061215535588042436,0.09672327081458724
2975,0.06064888864069294,0.06194713429091578,0.07768574033148999
2976,0.06032167009403404,0.06074596819559258,0.06073847097369038
2977,0.0615868950629528,0.0606094737134045,0.11683530321104006
2978,0.0611288141956272,0.06130289331253436,0.11091208081851045
2979,0.05832022493785076,0.06194713429091578,0.13810505634785097
2980,0.05899645990815562,0.059288223452414524,0.08553768142043007
2981,0.05848927840837294,0.058747687720467845,0.10074469824885425
2982,0.05577342776070045,0.0587367719295675,0.20394828179472665
2983,0.05500446869061697,0.05710426987435327,0.13611514733746807
2984,0.05777486418060611,0.05406315983365717,0.16037833063380943
2985,0.05763852981928681,0.05733358520936496,0.12929120352326454
2986,0.05486814655878426,0.057328143012559424,0.2842226308888563
2987,0.06010353569620096,0.060118106136443195,0.08867062549581764
2988,0.059759944320595434,0.060418368879425505,0.16762815903326098
2989,0.062443108897004454,0.05951752832166313,0.19370747084830356
2990,0.05893103557040684,0.06264054342428255,0.1548198025125554
2991,0.06031076623873681,0.05954481256603242,0.1775581231847042
2992,0.06326113741172727,0.06043475826442063,0.16199375492268114
2993,0.06362106315576378,0.06365061515138987,0.13507735961249595
2994,0.06451545097912549,0.06347591016816911,0.1033195866608134
2995,0.06664232505148766,0.06407645658565991,0.139003330156966
2996,0.06557889154726111,0.06701387184568441,0.12179171864280554
2997,0.06691501389633962,0.06677909338234098,0.13878059741410642
2998,0.06342474913028641,0.06781099669124899,0.1720583377648637
2999,0.06152689742115362,0.06367244673319053,0.1322161005311459
3000,0.06371925132049182,0.061570419148578776,0.1983236681343824
3001,0.06659327596847049,0.0647043605078616,0.13865821678616158
3002,0.06677323601474706,0.06657709368898787,0.1702887138847815
3003,0.06528441850830415,0.0661184525532014,0.23390216429050245
3004,0.06930911586072443,0.06598742119934506,0.23003248883488703
3005,0.07147962532637352,0.06956359337789306,0.5660407409202033
3006,0.07566794194285055,0.07586421300339666,0.47799032672645936
3007,0.07104334785568016,0.07480502545011938,0.3438856346245182
3008,0.0691509774701994,0.0736584697065871,0.3025454585047557
3009,0.06800573642187134,0.06800209105946489,0.1455653794273676
3010,0.06868197043542827,0.06890295254875342,0.20016182516611372
3011,0.07091791305078589,0.06873916335643301,0.25472645194159416
3012,0.06392101980185068,0.06763082857969652,0.27357796387021527
3013,0.06440092519525172,0.06376526758601417,0.13717251596291138
3014,0.06604243809596692,0.06462245544593831,0.19898452352528448
3015,0.06596064802380049,0.06619488402102991,0.1761556411884565
3016,0.0622195119038136,0.06581815841292982,0.2548341468941856
3017,0.06653327075791308,0.06362329950973133,0.189438834545588
3018,0.06369743253998354,0.06591096879999034,0.17704657215989483
3019,0.06530076129031105,0.06347591016816911,0.21947838348092516
3020,0.0649190255390187,0.06505924406839794,0.36307491708626705
3021,0.06936911308518494,0.06427848767630229,0.4415037663109887
3022,0.07143055552313578,0.0693452042995448,0.45956225177052734
3023,0.06740583685275718,0.07049176004307708,0.4293685032439797
3024,0.06304301062087898,0.06675180913797171,0.42859261006280946
3025,0.06146146827799208,0.06263508029595086,0.337668698724921
3026,0.06237221041260742,0.062411228089270854,0.24998542641501156
3027,0.06149964560066799,0.06161409277794322,0.36400256224608885
3028,0.05496628724324805,0.06099167291559937,0.5082256846665082
3029,0.05655329090015128,0.057497405798974666,0.24901617184168853
3030,0.053968283290584576,0.05593588254902032,0.29865375453611026
3031,0.05437186517998081,0.054494485327785086,0.5047598652831108
3032,0.05632968737942444,0.056432723720076405,0.24063309882746792
3033,0.05700048049595284,0.058835055910722855,0.3069952181368296
3034,0.060910663183806904,0.0586985614285348,0.3043860631490459
3035,0.05967269289358983,0.06077873649981971,0.39603691541692665
3036,0.06410643956245578,0.05709335408345295,0.622680943145628
3037,0.06642420876093356,0.0644968767546506,0.5889552896965926
3038,0.05840202670498469,0.06330663691599078,0.544969244400663
3039,0.06080158602952691,0.05747555328564785,0.45334042064581237
3040,0.06185956026904697,0.06164686108217035,0.43355881594481055
3041,0.058843767277257195,0.06170145050243511,0.8549789558853803
3042,0.051334234595737535,0.05584308262772286,0.5378931964928931
3043,0.04644239330382906,0.04968985234378148,0.29184204878470116
3044,0.046715089561394654,0.04597715428575613,0.3251907698996665
3045,0.042226817139732684,0.04685619465900712,0.43560991526916587
3046,0.044533649382660564,0.04423001026168069,0.704485050089068
3047,0.03700775121695245,0.0439297265871722,0.5171252039306561
3048,0.03594431280444983,0.036373330514554464,0.19343333824170714
3049,0.035469879601164114,0.03504659619370662,0.23144476128137031
3050,0.03179962969903653,0.035035680402806274,0.29497254524752986
3051,0.030136311396133972,0.03174341297953473,0.18475410410786003
3052,0.029656386382896013,0.030607762561139673,0.13268114691733623
3053,0.029383712657371455,0.029619543347359223,0.17512519630116105
3054,0.03027263902514897,0.029335638592082755,0.21263975399136825
3055,0.029269172089188583,0.03073878344923292,0.27457903740680395
3056,0.027360436622806808,0.02883333429269494,0.14894308475864482
3057,0.028740188407668746,0.027861462600857242,0.12914189915717186
3058,0.028958343227463518,0.028953439389887897,0.15917655286739124
3059,0.02907829758420187,0.02838560894780881,0.1774283997190827
3060,0.028320260277568995,0.029215502097600557,0.2893797505504513
3061,0.02538626825100515,0.02795428345368088,0.42881289519311017
3062,0.025495334584779747,0.025824961158936732,0.23269059607384865
3063,0.025418973709697326,0.024574679237443567,0.21807345387211854
3064,0.024104677249045053,0.024274385097171988,0.20614379026005683
3065,0.023281181019075517,0.024454542742961397,0.24486502094180004
3066,0.02449733744843209,0.023892185894977117,0.416374128168798
3067,0.023188492170451713,0.026501991373071507,0.479228818681261
3068,0.02595887046422833,0.022286999481421432,0.8063546847903418
3069,0.013699328578503256,0.015959085145785465,0.42812022083894247
3070,0.012695842655654196,0.012617639101765415,0.3718153415340866
3071,0.007651318383548919,0.008959572327057186,0.1999562257111664
3072,0.005060873974315636,0.006540850751415625,0.15394845244158822
3073,0.008071231190238018,0.005465284278906302,0.2769923833898759
3074,0.009800030268713025,0.008986867037189566,0.14421674490741562
3075,0.009909099027895149,0.00979491813941756,0.15408307113232755
3076,0.009652766361912188,0.01035727498740184,0.17277793585717927
3077,0.009701861772007006,0.009958738729027264,0.12605056449528554
3078,0.0100290644972056,0.009314455887593512,0.11885703118468861
3079,0.00735137408992409,0.010248085681109242,0.23084999142955848
3080,0.007602239018313875,0.007769322022634306,0.12218578426478789
3081,0.00677875730248588,0.00741443846209798,0.20746305342930207
3082,0.0025358891163923813,0.0056236208086581085,0.19130146770290826
3083,0.003522984033513435,0.0027572052854196727,0.1449338953871723
3084,0.0014451904583229619,0.0030138257963268217,0.15929159065765938
3085,0.0029122111123001254,0.002981078423625827,0.14625805378153534
3086,0.0031357893330301034,0.002500605706038689,0.1520564479335612
3087,0.0034793690060918314,0.0035106669673829194,0.20749487239256773
3088,0.002944908211607547,0.002325890257054833,0.08431142752842291
3089,0.0014560942955688105,0.0021784695182033575,0.11220931547472561
3090,0.0032066849601393027,0.0019709962307554174,0.13146468347556467
3091,0.002165042865766631,0.0032158359554430582,0.17679446806632848
3092,0.0019141753289411145,0.0027572052854196727,0.16715821742195283
3093,0.0009979888126172842,0.0023477113730924204,0.19580997003639566
3094,0.0007634907847688388,0.00033303104720948384,0.16755717826905298
3095,0.0,0.001976459359087135,0.24871511549694428
3096,0.0016524260016199804,0.0,0.26644806848614966
3097,0.002803131281415086,0.0015342076082957845,0.19012416606207902
3098,0.0031139806430620087,0.002724457912718678,0.2618930615140432
3099,0.004859110727627791,0.0034724460005871316,0.27168106413707044
3100,0.007525874927090656,0.0055744735851989,0.1905598410975626
3101,0.006806025326311277,0.007545480281717407,0.20576685792598678
3102,0.006217045735830762,0.005956672787393771,0.15942620934839868
3103,0.005906199963729292,0.006562724196268632,0.17985153615239027
3104,0.005808016091299328,0.005563557794298568,0.17194329997459556
3105,0.007629520097770348,0.006044030511885706,0.22152458758016266
3106,0.005835295238360322,0.007097754936831263,0.1849866273009552
3107,0.007553138191180378,0.005940272936635557,0.2377351255577344
3108,0.004401016081110237,0.007589153911081822,0.6254565357874167
3109,0.00981637784029557,0.010351832790596302,0.3751073804258024
3110,0.011561509649043178,0.008943193407825137,0.32365122160012055
3111,0.012657686186511252,0.012535754971368288,0.20132444113158957
3112,0.012286841043439273,0.012508439329709728,0.24852664932990923
3113,0.01057988060582249,0.012786912353943733,0.3982691380706403
3114,0.009979985178872192,0.011050684120768622,0.6246855378313643
3115,0.004117432140433405,0.009827686443644734,0.937475737182988
3116,0.006195226943320253,0.0067756501462852,0.314651350221058
3117,0.009091037589438411,0.0070922918084995595,0.458245436213841
3118,0.013884725010718274,0.009057835376686363,0.41391427754710697
3119,0.011812374673239423,0.012912480579468366,0.2746084087575107
3120,0.016338837017752836,0.011487472743228255,0.310842865079415
3121,0.016998693758314073,0.016035485216324696,0.35634153493674264
3122,0.016736930702454605,0.019584383616266507,0.3115208537582293
3123,0.021950531100406415,0.01690907292700705,0.7964222730263396
3124,0.010405359032539224,0.009232550825670205,0.4547282169667067
3125,0.010029053575164065,0.011263589139259012,0.22851252143581227
3126,0.008027626301631965,0.00838083655984087,0.29243192341139523
3127,0.007340461887350075,0.007146902160290486,0.15583556172449747
3128,0.0021650591024594545,0.007780258745060817,0.2948721931326151
3129,0.0036211457248190027,0.0011629346627643339,0.25451840487408794
3130,0.007302297189803145,0.003128488696714213,0.3368438532925729
3131,0.010492609391381857,0.0072561019323461595,0.2202322481490653
3132,0.009380090298188815,0.010335443405601163,0.213946779097819
3133,0.016006138350485075,0.012180850479305783,0.2691673660390837
3134,0.013999254872632233,0.01578435923103852,0.31603669892939346
3135,0.011288825425234697,0.013638616154009978,0.22957968051149116
3136,0.010950712356330064,0.01110527354103337,0.16126926160524777
3137,0.010378100209677735,0.01113257871692884,0.19378334683762935
3138,0.01108159177136224,0.010127959652390148,0.1639445021321217
3139,0.01047079036609301,0.010957852802181894,0.17816268348675166
3140,0.008365743886709798,0.010297222438805376,0.23013284094980177
3141,0.010787117504154342,0.007403512205434559,0.2478584511013305
3142,0.009898193014544185,0.010111612130447367,0.1952225430222605
3143,0.014233758115436076,0.010652105999341702,0.3303136229854369
3144,0.01205232699516573,0.015134623727036153,0.38142711605287327
