Date,Close,High,Low,Open,Volume
,GOOGL,GOOGL,GOOGL,GOOGL,GOOGL
2005-01-03,5.042580604553223,5.065714850087565,4.862229994648758,4.910489736265309,633134232
2005-01-04,4.83834981918335,5.0480535078735365,4.812977368804077,5.009993647318434,549685764
2005-01-05,4.813724040985107,4.898051926752742,4.781882987107414,4.812230958340789,329134536
2005-01-06,4.690338611602783,4.873175808792353,4.669692361346305,4.852778405622165,415068516
2005-01-07,4.82218074798584,4.832131313695254,4.696060301934249,4.742329745191059,386129484
2005-01-10,4.852280139923096,4.927902634951789,4.771931920322117,4.838349443315327,301282416
2005-01-11,4.814468860626221,4.918202074367766,4.805513683279195,4.866210569956585,278069652
2005-01-12,4.860240936279297,4.873922787308234,4.7388471547681625,4.8341214697645025,326784888
2005-01-13,4.858996868133545,4.9102418314786505,4.827155816107694,4.860240629603651,273702024
2005-01-14,4.974420070648193,4.9754154588975705,4.829145525623627,4.87566333647785,385226388
2005-01-18,5.072183609008789,5.100044530340883,4.941833232003207,4.999297004368401,526377096
2005-01-19,4.908001899719238,5.107009410384198,4.89332608408609,5.090839090303944,449857692
2005-01-20,4.823922157287598,4.8818826733559435,4.776160579927985,4.788598194452183,359703936
2005-01-21,4.683622360229492,4.8597430476378936,4.679642229022554,4.839344697454425,369965664
2005-01-24,4.495561599731445,4.709742158953893,4.4856115080018775,4.693821632991016,560347092
2005-01-25,4.406007766723633,4.533372917689977,4.385361516748596,4.525909401180796,425941632
2005-01-26,4.707503795623779,4.7117327744873725,4.4565061739592595,4.45949139127409,491823684
2005-01-27,4.678647041320801,4.698049528078494,4.607004683782367,4.69556247946322,264830904
2005-01-28,4.734867095947266,4.843325569425949,4.635363800555239,4.726906832315904,487839672
2005-01-31,4.866209983825684,4.884618978475098,4.769195179256216,4.818200038667593,383484132
2005-02-01,4.773672580718994,4.89208160969769,4.742081324239491,4.835364855109206,752806440
2005-02-02,5.123427391052246,5.393081439318443,5.0662138850995495,5.361986926216229,1310660028
2005-02-03,5.24531888961792,5.307757705534317,5.119695664503188,5.124173490144939,519004476
2005-02-04,5.083625316619873,5.167954613306355,5.039843873282491,5.136113563606441,592179228
2005-02-07,4.876410484313965,5.134372491147833,4.863475175406892,5.106014824384056,517897584
2005-02-08,4.941336154937744,4.97566520259712,4.839096027204508,4.899544538740582,458740800
2005-02-09,4.765712261199951,5.014968404708137,4.71297563868283,4.994072833370327,686173140
2005-02-10,4.676158905029297,4.781383762643818,4.608248307428416,4.775413329363433,758548692
2005-02-11,4.661732196807861,4.784120884358647,4.628646435506193,4.6433236739621995,524115360
2005-02-14,4.800787925720215,4.803026601543068,4.502526913327645,4.54854703520797,1540945512
2005-02-15,4.856509685516357,4.971186954674929,4.803026521790496,4.815961830321348,1030280688
2005-02-16,4.935615062713623,4.958500464787851,4.8333749247324125,4.8433254911079615,660630708
2005-02-17,4.922927379608154,4.9689479718753296,4.8958130027858795,4.921186872096592,416159424
2005-02-18,4.9241719245910645,4.94631125736935,4.892081552326023,4.938102621481401,339096564
2005-02-22,4.760488986968994,4.947803541429333,4.736110977665836,4.888101568654563,538808652
2005-02-23,4.824668884277344,4.83785304057718,4.69307522038899,4.80849903678453,622816560
2005-02-24,4.69879674911499,4.722677538416385,4.533123358591399,4.5614824476292,1031539428
2005-02-25,4.623671054840088,4.724418570032133,4.614715878154493,4.705263507298936,398541060
2005-02-28,4.676407814025879,4.723175423424714,4.623173972478311,4.626905730703422,312423264
2005-03-01,4.628398418426514,4.720189822651602,4.527402989067848,4.708747595505422,372075552
2005-03-02,4.606507301330566,4.668447952060035,4.586109896849007,4.62566141828964,291128580
2005-03-03,4.652030944824219,4.670438521527345,4.58486544910104,4.63013998248465,304039656
2005-03-04,4.624418258666992,4.658000768542852,4.603771058523132,4.644318917483336,270693036
2005-03-07,4.696806907653809,4.716458718256051,4.65252729253465,4.671184662745105,346349304
2005-03-08,4.607004642486572,4.722676812771536,4.60128305613897,4.70401991937182,321522156
2005-03-09,4.511232852935791,4.593323480556452,4.481631424522104,4.5823780003411025,453961584
2005-03-10,4.477153301239014,4.507502220122006,4.412973025992032,4.502775547117989,437981580
2005-03-11,4.422923564910889,4.501282436702736,4.406754665139762,4.488596448385592,320810868
2005-03-14,4.353022575378418,4.437849100410684,4.292823855217752,4.436108118708282,445418136
2005-03-15,4.443073272705078,4.477651168055468,4.333619895588889,4.3607342742814685,416467116
2005-03-16,4.3681960105896,4.443072908195866,4.353520195538101,4.395560182113986,283967748
2005-03-17,4.459988117218018,4.46869397217481,4.3731708307944785,4.406256587188776,330093576
2005-03-18,4.478645324707031,4.487600500393554,4.435609479617204,4.448047565955532,283316400
2005-03-21,4.499541282653809,4.531630704478174,4.409242028835576,4.459490650652751,299048652
2005-03-22,4.442824363708496,4.52590991110211,4.424168414300293,4.507004166593976,225042732
2005-03-23,4.452277183532715,4.483621013931142,4.427152634194335,4.427152634194335,193606200
2005-03-24,4.458993911743164,4.4990436000777,4.457749676272265,4.495063468554218,148059792
2005-03-28,4.512974262237549,4.597055191758256,4.501282240857933,4.519442390657958,349170480
2005-03-29,4.466954231262207,4.559243798751576,4.429639964514055,4.503770329821236,258661080
2005-03-30,4.488845348358154,4.513721053062739,4.467699980271109,4.493572021388663,249194556
2005-03-31,4.490337371826172,4.51222785870575,4.4189433758801355,4.426655266002707,270473256
2005-04-01,4.478645324707031,4.551033271336471,4.47740061548389,4.521431848756732,247032720
2005-04-04,4.609243869781494,4.609990411043712,4.47367102857392,4.476406450557575,322732944
2005-04-05,4.690836429595947,4.732876420466376,4.6659607262048,4.669940857707163,349118532
2005-04-06,4.707005500793457,4.717702133144632,4.666208800015078,4.707503194947254,209893896
2005-04-07,4.819941997528076,4.841334789182923,4.692577791983928,4.696060229231356,387300312
2005-04-08,4.777404308319092,4.853275178375011,4.7624786969988895,4.818200536866156,204459336
2005-04-11,4.806758880615234,4.8458136581730855,4.7841213768663975,4.803275494969593,216203580
2005-04-12,4.824916839599609,4.836359064091929,4.711731720025417,4.801036054414355,292491216
2005-04-13,4.799294948577881,4.833872845013122,4.719692791628765,4.812728425793387,261969768
2005-04-14,4.762478828430176,4.8348677372344975,4.728896320531549,4.807753357815542,245861892
2005-04-15,4.602029800415039,4.7348662616109385,4.593571370054749,4.728895827942225,462632904
2005-04-18,4.651034355163574,4.673671853006183,4.564466864617563,4.591581239428354,261749988
2005-04-19,4.761235237121582,4.776160373906818,4.677402685280116,4.709741903631435,336862800
2005-04-20,4.927902698516846,4.987605617035331,4.873425568772834,4.939843092622764,617441940
2005-04-21,5.08014440536499,5.099546897300708,4.958252447000376,4.98561615099825,709365924
2005-04-22,5.368454456329346,5.572187696978627,5.329896904147613,5.544823523632629,1326875796
2005-04-25,5.5604963302612305,5.590595929095159,5.410991828566722,5.418455345987261,792806400
2005-04-26,5.44158935546875,5.522436224048221,5.430146654713161,5.478157081656239,690189120
2005-04-27,5.4672112464904785,5.493828404820761,5.391588749981028,5.422683259884417,410181408
2005-04-28,5.45900297164917,5.524426533908502,5.415718269622306,5.460246259173305,346964688
2005-04-29,5.472684860229492,5.52865507694359,5.418455151262334,5.5201966453683875,366441192
2005-05-02,5.52964973449707,5.564724376728873,5.47790802498241,5.52367977424261,390305304
2005-05-03,5.626665115356445,5.67542160852881,5.505520660713093,5.518704816897428,710496792
2005-05-04,5.684128284454346,5.718457333171404,5.646815440615797,5.652536079745465,482856660
2005-05-05,5.646317005157471,5.6871132323464595,5.618954254304481,5.6871132323464595,300083616
2005-05-06,5.6721882820129395,5.70278604846064,5.63363072605962,5.681641628163125,270285444
2005-05-09,5.622436046600342,5.684127842670841,5.607758809307901,5.671690703019094,221250528
2005-05-10,5.6667160987854,5.6667160987854,5.590098212384992,5.608754634306882,253578168
2005-05-11,5.753531455993652,5.7706957418061045,5.6699491765552175,5.695819791811035,458692848
2005-05-12,5.689601898193359,5.776916423680944,5.676666588489455,5.741591984117607,357570072
2005-05-13,5.7025370597839355,5.748557183878202,5.654775953963454,5.701044451165409,296323380
2005-05-16,5.747561931610107,5.761741001660924,5.685870131639396,5.71348220447286,227028744
2005-05-17,5.799304008483887,5.807264271824201,5.726417876898787,5.735373528652502,312043644
2005-05-18,5.949305057525635,5.969454562326439,5.809005539200323,5.811244215068923,491987520
2005-05-19,5.949802398681641,5.999305433853797,5.92716584445122,5.978659182431626,388271340
2005-05-20,6.010250568389893,6.011743650906002,5.961494077324963,6.000300002910312,326213460
2005-05-23,6.354532241821289,6.420453015712463,6.037613885014346,6.0488077372251245,854676468
2005-05-24,6.368213653564453,6.603042357678738,6.306024632749592,6.392094442322965,1160562276
2005-05-25,6.4878668785095215,6.49209585703344,6.234630601196291,6.286870478026384,721593684
2005-05-26,6.447816371917725,6.561251305075341,6.425428665390815,6.491598766569321,541322136
2005-05-27,6.616972923278809,6.618216210716161,6.4490608640357365,6.479159985484193,486876636
2005-05-31,6.897324085235596,6.925433380068214,6.70080455054952,6.70229668518239,888582528
2005-06-01,7.164240837097168,7.28588392974929,7.015483839705303,7.044836894244717,1406260332
2005-06-02,7.1617536544799805,7.208519842394839,7.079662556562055,7.182399430517922,718245036
2005-06-03,6.9717020988464355,7.196579278034506,6.900805329412173,7.134140939269913,750540708
2005-06-06,7.237375736236572,7.307276645599437,7.010757094256922,7.0246873171145845,900134964
2005-06-07,7.291604995727539,7.452552191905077,7.221455708438319,7.390611541047076,971947080
2005-06-08,6.954288482666016,7.2933461805691,6.915482084431626,7.284888697898848,1027007964
2005-06-09,7.1222004890441895,7.176678564857192,6.979164137904074,7.082647549841762,656986356
2005-06-10,7.027424335479736,7.146330111878485,6.965732060451124,7.139116390182183,507356136
2005-06-13,7.0336432456970215,7.069464429594103,6.878666488577336,6.960757116419974,511615872
2005-06-14,6.92418909072876,6.996079828503889,6.909263953581906,6.9301595247830585,403272324
2005-06-15,6.835879802703857,6.898068823442544,6.652544434695176,6.840855322518296,834488676
2005-06-16,6.901552200317383,6.922944992116192,6.792844889712852,6.822446317506871,497997504
2005-06-17,6.972697734832764,6.972697734832764,6.86324340286495,6.940358987250987,416958624
2005-06-20,7.13190221786499,7.156031378353161,6.759510389379372,6.867969321013022,840147012
2005-06-21,7.1602606773376465,7.2214552570567045,7.0888666850024435,7.165982264366621,604686708
2005-06-22,7.196579456329346,7.2717037839791265,7.180907777979116,7.20578348047128,418541040
2005-06-23,7.206778526306152,7.333645511920434,7.1269275245892985,7.164240842011136,561693744
2005-06-24,7.394343376159668,7.412999325151555,7.203545427543034,7.236381395591332,710137152
2005-06-27,7.564741611480713,7.573945635916462,7.3100136703980745,7.435387575196604,711403884
2005-06-28,7.512502670288086,7.692851862949675,7.512502670288086,7.618971299142731,760698540
2005-06-29,7.2816548347473145,7.571707223080366,7.267475763960699,7.524940558001761,731216052
2005-06-30,7.317227363586426,7.436134087501405,7.239863410013606,7.321954036329021,603172224
2005-07-01,7.24508810043335,7.369217774831658,7.19459015052739,7.3393665504760115,368734896
2005-07-05,7.3560333251953125,7.362750300702381,7.219713940190275,7.266232230588921,299460240
2005-07-06,7.251803398132324,7.403048395407138,7.248321434805883,7.395586300573465,319691988
2005-07-07,7.351804733276367,7.358271913625656,7.1769277969228265,7.198818282855926,426457116
2005-07-08,7.368968963623047,7.40056116782517,7.314740206389749,7.3694666577973615,298005696
2005-07-11,7.297326564788818,7.3781724800885,7.239366049502617,7.373197434345956,335276388
2005-07-12,7.25827169418335,7.323445456123524,7.237127276068387,7.298321380663783,234361404
2005-07-13,7.434392929077148,7.443845326951315,7.266232486242331,7.276430951424389,457058484
2005-07-14,7.484890460968018,7.630662240507005,7.464492109759031,7.595587599104366,426281292
2005-07-15,7.4923529624938965,7.547329208428162,7.4572778474109995,7.493597197917248,337198464
2005-07-18,7.451308250427246,7.510015309514368,7.406780261918313,7.462751424924091,248063688
2005-07-19,7.709022045135498,7.7202168467585235,7.507528413771985,7.514990508866884,504351144
2005-07-20,7.761260986328125,7.776434970700778,7.507527964538346,7.601309188731096,571843584
2005-07-21,7.809519290924072,7.905540132844414,7.7416082141768685,7.81225566071944,790784424
2005-07-22,7.5224528312683105,7.69285193443999,7.371456690266816,7.621209571665476,934536528
2005-07-25,7.359516620635986,7.544592495624975,7.337376339632207,7.522203841526655,385965648
2005-07-26,7.3654866218566895,7.41299887832485,7.265983335287939,7.338621089978971,392283324
2005-07-27,7.386383056640625,7.418720856238004,7.273694660300919,7.406532088111734,288427284
2005-07-28,7.301058292388916,7.398323381326805,7.2955850781475755,7.398323381326805,236786976
2005-07-29,7.158270835876465,7.28464013486984,7.139116718840691,7.267227473562586,334197468
2005-08-01,7.254042625427246,7.276181957602704,7.166728584134345,7.167225330304592,226269504
2005-08-02,7.442601680755615,7.450810317247496,7.241853640474542,7.253794035547124,291316392
2005-08-03,7.3955864906311035,7.455786632967445,7.353297177534825,7.412999151677573,236986776
2005-08-04,7.406283378601074,7.437874635453068,7.344591103483452,7.35205319828789,209250540
2005-08-05,7.272449970245361,7.425685257065988,7.246579354674982,7.400560708716346,237350412
2005-08-08,7.24508810043335,7.354541957744746,7.226182356607739,7.303545365645924,179092728
2005-08-09,7.253047943115234,7.280659541952082,7.1769277520176775,7.262748713578471,230940828
2005-08-10,7.106528282165527,7.271953284929,7.086627626177813,7.246331042221559,274884840
2005-08-11,7.065980911254883,7.128917421478729,6.980657642749439,7.1117526601479755,300295404
2005-08-12,7.207027435302734,7.218967830484037,7.006031020081377,7.048817554646336,263172564
2005-08-15,7.064737796783447,7.282899439648411,7.059015735538622,7.209017447576493,326661012
2005-08-16,7.105781555175781,7.159016341794916,7.048319212379103,7.086627440910222,284083632
2005-08-17,7.092101097106934,7.128667872443948,7.0647373978846035,7.102300035547378,155176668
2005-08-18,6.9649858474731445,6.977672783804325,6.840855698278426,6.8634927267961165,474437088
2005-08-19,6.96523380279541,7.001303356347893,6.9557804580373945,6.989861130993977,221494284
2005-08-22,6.816227912902832,7.001801954564028,6.799810167089767,6.996079893546754,272247480
2005-08-23,6.9547858238220215,6.958766903135101,6.8189641386303546,6.869710931512466,232635132
2005-08-24,7.029165267944336,7.08339497746217,6.8769253479068775,6.904786269991911,343380276
2005-08-25,7.029662609100342,7.064737249191044,6.964487426504168,7.028667220789976,174888936
2005-08-26,7.054290294647217,7.090111477782321,7.03140442025673,7.051801823745449,150061788
2005-08-29,7.175434589385986,7.192101656130376,7.020956007111142,7.020956007111142,235883880
2005-08-30,7.146081924438477,7.201803766688686,7.1115040276373,7.149067141629071,191488320
2005-08-31,7.11448860168457,7.17667856689064,7.073692375080799,7.169962065816206,201158640
2005-09-01,7.1207075119018555,7.151802968950398,7.089613002842188,7.112250029163,109574316
2005-09-02,7.175434589385986,7.213743768591828,7.125434337141713,7.127175792740465,137242620
2005-09-06,7.142101764678955,7.198818521104165,7.134389874634593,7.189116802270238,168323508
2005-09-07,7.335137844085693,7.350809997138561,7.096578798878126,7.111752783746304,299680020
2005-09-08,7.348072528839111,7.444839439020542,7.2975745846112865,7.334142306635449,264267468
2005-09-09,7.440114498138428,7.44036287124413,7.377177985539363,7.395088340829494,175444380
2005-09-12,7.705041885375977,7.746833030515178,7.487627728219476,7.506283676880371,415044540
2005-09-13,7.75330114364624,7.849072675730074,7.616235212718824,7.686633820444336,411584004
2005-09-14,7.537378311157227,7.793101622011437,7.470213300975631,7.679916492997584,450580968
2005-09-15,7.527925491333008,7.630662368376882,7.410760222951696,7.450809910785646,618029352
2005-09-16,7.467726707458496,7.574692088133435,7.459516649503134,7.562751693817083,302888808
2005-09-19,7.557030200958252,7.612006448508829,7.480412788305148,7.487627457994912,230245524
2005-09-20,7.659518241882324,7.743847544531338,7.592851394855248,7.61573679544936,373665960
2005-09-21,7.758772850036621,7.80504229157303,7.61101124439579,7.671956501872724,404383212
2005-09-22,7.745588779449463,7.940864064178225,7.715738031093086,7.748822369574226,519735744
2005-09-23,7.844843864440918,7.890863986422667,7.775938342010896,7.786136806781308,339012648
2005-09-26,7.8179779052734375,7.983900140479447,7.775191847226636,7.947829161967237,395380224
2005-09-27,7.809519290924072,7.920714116260164,7.795588594875938,7.834644313224971,274649076
2005-09-28,7.612006187438965,7.838375506335575,7.602055622062007,7.816484546902935,319576104
2005-09-29,7.702055931091309,7.729419629689527,7.6139958234059995,7.628921434096443,224327448
2005-09-30,7.872206211090088,7.8980773013003605,7.768474425154371,7.816484373400429,365685948
2005-10-03,7.927431583404541,7.963004392952969,7.780913262697366,7.8018088340725065,366045588
2005-10-04,7.736384868621826,7.992108179398588,7.729916740684914,7.95902336846524,365406228
2005-10-05,7.7291717529296875,7.833400765395328,7.661757890413824,7.778425465580406,332802864
2005-10-06,7.779918670654297,7.822953576626705,7.713748094573144,7.814495145299301,319432248
2005-10-07,7.785888195037842,7.877431216008401,7.724941989424064,7.830664554187874,270541188
2005-10-10,7.7276787757873535,7.83141056947624,7.6903645091589015,7.7938488777346695,222665112
2005-10-11,7.614493370056152,7.7774299112627086,7.58364723303848,7.726683591130418,341362296
2005-10-12,7.486880302429199,7.641607249603242,7.4378740191349015,7.592105168143494,371875752
2005-10-13,7.3990678787231445,7.5125028057602785,7.230907449795217,7.5125028057602785,422285292
2005-10-14,7.366730213165283,7.468472173208636,7.277177020324583,7.460263063382359,340423236
2005-10-17,7.587131023406982,7.592106069451292,7.327426130781286,7.4005615828061275,302365332
2005-10-18,7.544343948364258,7.660762671814531,7.530910471818713,7.586135090528174,282828888
2005-10-19,7.679170608520508,7.70827623874577,7.561259744994145,7.562254659379664,280147572
2005-10-20,7.542353630065918,7.739618741502889,7.4928505983960125,7.711260601948828,555911532
2005-10-21,8.455296516418457,8.617735354881306,8.283652706163938,8.602064151102926,914780304
2005-10-24,8.672961235046387,8.689131084202128,8.5122628719324,8.541617352738372,376890732
2005-10-25,8.62967586517334,8.64186605470687,8.528929290596277,8.601567045680477,274856868
2005-10-26,8.841866493225098,8.855797189509728,8.611764949408625,8.614004099093844,355943700
2005-10-27,8.782662391662598,8.8829122208948,8.748334764557848,8.870723927235808,205170624
2005-10-28,8.90977954864502,8.929182988919877,8.831420668136955,8.83764042442205,235903860
2005-10-31,9.257292747497559,9.322218605144863,8.943111243940548,8.961269969603936,573142284
2005-11-01,9.437395095825195,9.549834170976029,9.179432130647934,9.250329381367155,653589756
2005-11-02,9.44485855102539,9.577197809660138,9.382420206249467,9.495106705781371,422193384
2005-11-03,9.600829124450684,9.6165012776646,9.487146290346358,9.512769483500175,297638064
2005-11-04,9.712273597717285,9.746104478590267,9.588391352597203,9.701078796466717,352643004
2005-11-07,9.826703071594238,9.887399962233886,9.755060700152347,9.828443579367747,383276340
2005-11-08,9.699090003967285,9.840633297938345,9.66625355997148,9.807299159702174,315584100
2005-11-09,9.43167495727539,9.659039706132349,9.403813558716749,9.618740691068455,418257324
2005-11-10,9.7289400100708,9.735159765917652,9.388887822893755,9.412021598527156,364782852
2005-11-11,9.711526870727539,9.873219659040114,9.67296931591505,9.828940990877408,282273444
2005-11-14,9.874959945678711,9.906053979758473,9.739635486201516,9.754312249482702,312003684
2005-11-15,9.771228790283203,9.875706647482328,9.725208668899196,9.810531462287727,344651004
2005-11-16,9.904314994812012,9.921727656573493,9.803816786043603,9.855807346201754,347460192
2005-11-17,10.036155700683594,10.045111351898642,9.938642717627223,9.995110624928545,368119512
2005-11-18,9.955558776855469,10.062276733765668,9.946603125509847,10.037151235378417,280742976
2005-11-21,10.183172225952148,10.19859600625891,9.78839360128174,9.929687563150315,412990596
2005-11-22,10.360038757324219,10.380935276427056,10.105311298607628,10.165509541113153,383456160
2005-11-23,10.518996238708496,10.56526568309331,10.342876008702271,10.374218419172905,402996600
2005-11-25,10.662281036376953,10.665514626683775,10.579693187083475,10.591634055891664,193410396
2005-11-28,10.534419059753418,10.727455186904175,10.508548443823585,10.692131226084188,439895664
2005-11-29,10.038396835327148,10.607058468479744,10.00357056321223,10.558798244160224,858972168
2005-11-30,10.072474479675293,10.160534112338588,9.839885414276711,10.056305581776625,623240136
2005-12-01,10.300835609436035,10.334417170009287,10.156555483165524,10.17919251130827,389406204
2005-12-02,10.390637397766113,10.436159826030902,10.295114241546345,10.371731654599003,301438260
2005-12-05,10.095858573913574,10.385662587362104,10.056803325221857,10.37322402437157,411164424
2005-12-06,10.063270568847656,10.35854729652791,9.992623594666847,10.166753981331738,604406988
2005-12-07,10.055310249328613,10.117002520341503,9.925706900384188,10.103568570212829,466169364
2005-12-08,10.215263366699219,10.215263366699219,10.016006519659472,10.082177095570778,356043600
2005-12-09,10.179192543029785,10.342876107643868,10.163272016549865,10.323471721760964,305430264
2005-12-12,10.264019012451172,10.328696503431347,10.197849386935735,10.314268112308927,277725996
2005-12-13,10.385414123535156,10.398100112688361,10.239890224048507,10.261283492410515,326225448
2005-12-14,10.421980857849121,10.441135924034166,10.335662665410581,10.374219274926476,264950784
2005-12-15,10.511283874511719,10.52596158667152,10.36078589647585,10.425711760352392,241590168
2005-12-16,10.70034122467041,10.75879895985535,10.516258845140989,10.580687962372954,652566780
2005-12-19,10.562280654907227,11.099847275181382,10.450587647522962,10.751337145427902,876594528
2005-12-20,10.690142631530762,10.751337215344822,10.56402123133857,10.643375491809312,402984612
2005-12-21,10.605314254760742,10.867256844272191,10.465512443920785,10.784918325215587,448427124
2005-12-22,10.747357368469238,10.767754298729578,10.595365352036326,10.74063991876554,301562136
2005-12-23,10.719743728637695,10.758798975172649,10.666261039095426,10.750092645152332,183620196
2005-12-27,10.563275337219238,10.742878469814466,10.516509148916944,10.742878469814466,267843888
2005-12-28,10.614269256591797,10.64138363185785,10.479193178396763,10.55581058009517,284431284
2005-12-29,10.451581954956055,10.665016907525109,10.42720442134299,10.646359538711625,277554168
2005-12-30,10.319989204406738,10.40332406484203,10.292128758556775,10.37994002258877,303180516
2006-01-03,10.82671070098877,10.837656181433653,10.403572988099851,10.510539321548537,524323152
2006-01-04,11.075716972351074,11.168254905264517,10.939148748682136,11.042383787931646,610844544
2006-01-05,11.224971771240234,11.232683661049192,10.982681920835466,11.094623295673957,431899668
2006-01-06,11.5836820602417,11.704080442263962,11.27472394643037,11.365022732947068,709565724
2006-01-09,11.614527702331543,11.776220480469899,11.466267926856238,11.602338461100668,511164324
2006-01-10,11.685673713684082,11.69786200733561,11.49363201256101,11.552835817113024,363520116
2006-01-11,11.73219108581543,11.818758587503263,11.671244879922652,11.72323543474887,359935704
2006-01-12,11.533184051513672,11.81577386421482,11.48019905412529,11.78418118506637,404606988
2006-01-13,11.598359107971191,11.614279633916233,11.482934820875183,11.550098887963442,305957736
2006-01-17,11.6197509765625,11.689155138787603,11.505820724412917,11.519004405832144,330481188
2006-01-18,11.067508697509766,11.377211929374857,11.02621430126849,11.126961821023805,818608572
2006-01-19,10.857057571411133,11.280943204640312,10.771237088229942,11.223230591051431,580910508
2006-01-20,9.936902046203613,10.946115001626186,9.819487922732904,10.913030186121667,1643023332
2006-01-23,10.634419441223145,10.656558772760503,10.09287228036417,10.13391830146996,908746344
2006-01-24,11.02074146270752,11.068503038758951,10.808053520224666,10.846611072182506,617965416
2006-01-25,10.771236419677734,11.299349602933775,10.677205410847591,11.225469043984603,748842408
2006-01-26,10.802828788757324,10.94511907176637,10.536408845214057,10.933924271390255,516526956
2006-01-27,10.783425331115723,10.901087811450756,10.6712355904234,10.820988441388167,337749912
2006-01-30,10.617505073547363,10.778203426368059,10.572231963582711,10.677455896969366,343212444
2006-01-31,10.762778282165527,10.935417482373701,10.54660838126185,10.710788676826933,881757360
2006-02-01,9.994614601135254,10.000086393508438,9.639884709987175,9.677446877208709,1083815100
2006-02-02,9.851826667785645,10.112028787761906,9.85033358513799,10.045361462557954,471835692
2006-02-03,9.491374969482422,9.798591632684298,9.267990861886302,9.791626758136221,730540728
2006-02-06,9.579684257507324,9.69908819339923,9.441871326092533,9.584907676083517,357258384
2006-02-07,9.152318000793457,9.544859386152979,9.038636108997881,9.527197403264168,664542792
2006-02-08,9.181173324584961,9.221224909221696,8.822713111469039,9.166248186746888,831331836
2006-02-09,8.924703598022461,9.313512735473266,8.85853491704463,9.233911051021805,476019504
2006-02-10,9.02022647857666,9.067242937272336,8.784652178846502,9.003809206383504,608331060
2006-02-13,8.59957504272461,8.721467440789947,8.504798915885441,8.622959082101477,787923288
2006-02-14,8.540371894836426,8.748582479586936,8.517486495825061,8.590372619141775,585573840
2006-02-15,8.516987800598145,8.607039157598148,8.403802671650281,8.489375729314888,517362120
2006-02-16,9.116000175476074,9.12943223094677,8.569476960337353,8.598830490268517,851767380
2006-02-17,9.172964096069336,9.25729339458272,9.045351521424786,9.200577116069086,572235192
2006-02-21,9.119234085083008,9.292120732416638,9.082417036838232,9.115501852445583,347092560
2006-02-22,9.09186840057373,9.177939154776247,9.051321968271726,9.133162796100496,258788952
2006-02-23,9.404807090759277,9.48366364941253,9.089381804135144,9.094853595926093,501561936
2006-02-24,9.388139724731445,9.454558670568325,9.290876064270662,9.38565314986411,259112628
2006-02-27,9.711028099060059,9.743864536879038,9.459782613894525,9.484409468264333,408079512
2006-02-28,9.020475387573242,9.889138363803927,8.420717961110673,9.781177609412943,1575926496
2006-03-01,9.074706077575684,9.190377797440476,8.987640873295804,9.168238462705252,481965552
2006-03-02,9.364508628845215,9.480180330513665,9.010027163775442,9.061768394389482,732478788
2006-03-03,9.407544136047363,9.632919016198136,9.347343997180474,9.559783568844423,478001520
2006-03-06,9.156794548034668,9.537394991212459,9.132913761936932,9.475453402405895,357230412
2006-03-07,9.065998077392578,9.165501837215821,8.909281290951839,9.080178095488822,414736848
2006-03-08,8.803060531616211,8.95604697304497,8.71997499640378,8.804304292994043,469354176
2006-03-09,8.532411575317383,8.9187331480162,8.495097786142948,8.840623606616653,555859584
2006-03-10,8.395594596862793,8.569725940714925,8.247583191585711,8.544849763596359,772250976
2006-03-13,8.384649276733398,8.609527419482601,8.344599588277621,8.480919448865409,545150304
2006-03-14,8.735398292541504,8.76549693702688,8.274199844055696,8.386638899965034,737289972
2006-03-15,8.56972599029541,8.763756570584919,8.470969244503722,8.725696711405224,510241248
2006-03-16,8.427186965942383,8.675447241874254,8.405545327796627,8.671965278717332,400267332
2006-03-17,8.452560424804688,8.502063459281056,8.331664343230228,8.427933568112161,341725932
2006-03-20,8.661516189575195,8.70878101722245,8.49609213677633,8.51599326652078,415887696
2006-03-21,8.455795288085938,8.747836564232518,8.434898767070502,8.706792433493314,392850756
2006-03-22,8.4632568359375,8.559774425983607,8.3955941308847,8.451564341308831,303536160
2006-03-23,8.504799842834473,8.600819741425811,8.46275937957298,8.516242068724978,297090612
2006-03-24,9.099580764770508,9.206298722303284,9.017739932672562,9.169730997414819,606616776
2006-03-27,9.196349143981934,9.246597299888323,9.07968108815242,9.131670699815814,280667052
2006-03-28,9.383164405822754,9.399583572978042,9.23316412759059,9.246596181829808,357474168
2006-03-29,9.825458526611328,9.925459990166173,9.440629028281236,9.451326136148984,760338900
2006-03-30,9.662769317626953,9.788640427283665,9.542618372423938,9.681424789334661,587879532
2006-03-31,9.701577186584473,9.748095006617568,9.553068074440093,9.67023287842115,1459395144
2006-04-03,9.694113731384277,9.763021155966483,9.650084382183303,9.689885700435061,324583092
2006-04-04,10.058295249938965,10.072225945930457,9.655306142399885,9.69908805894776,627999372
2006-04-05,10.149091720581055,10.312775265435299,10.020483762760628,10.154315139082577,535883580
2006-04-06,10.228446006774902,10.29585938931665,10.085409658318536,10.11177796796246,343596060
2006-04-07,10.103569984436035,10.269990400013077,10.050336610565688,10.259044919108653,280754964
2006-04-10,10.357800483703613,10.377452293257525,10.080931798392196,10.12645517256433,372431196
2006-04-11,10.190634727478027,10.425462944233486,10.1050616689662,10.358795627578147,443843712
2006-04-12,10.172972679138184,10.23217742708413,10.07943935878389,10.17421644051562,240439320
2006-04-13,10.00406551361084,10.193121979158807,9.962772067909343,10.1650122141977,261853884
2006-04-17,10.119988441467285,10.261282398859718,9.97123001927534,10.03615588480607,330049620
2006-04-18,10.055806159973145,10.194862842271037,9.987647662612428,10.147598017638773,325178496
2006-04-19,10.211531639099121,10.2896411915663,10.117748984733284,10.26302545280705,270996732
2006-04-20,10.323471069335938,10.34834724588454,10.154315723174344,10.224217580198248,490369140
2006-04-21,10.873229026794434,11.212037450256396,10.850094303318395,11.166764339739876,901149948
2006-04-24,10.957806587219238,11.062284444347352,10.85880052204597,10.930442887500492,353102544
2006-04-25,10.625961303710938,10.971237795753868,10.597105471682783,10.936163156994063,382377240
2006-04-26,10.596359252929688,10.697603510648444,10.535662372912471,10.640388593557855,290820888
2006-04-27,10.448596954345703,10.619742127277812,10.43267642905021,10.520239318175422,333182484
2006-04-28,10.396605491638184,10.59038862215633,10.35580974162611,10.413769776847985,296555148
2006-05-01,9.922969818115234,10.433919685324476,9.914264436627167,10.409790525462148,414033552
2006-05-02,9.820980072021484,10.012274750708315,9.661774817357397,9.977200109662009,523647828
2006-05-03,9.80530834197998,9.98764927342771,9.72346750934688,9.859538048930862,322565112
2006-05-04,9.819737434387207,9.922226421299344,9.756553019459346,9.826703257569003,185893920
2006-05-05,9.808541297912598,9.967249802969032,9.745854585738362,9.890632394315343,242357400
2006-05-08,9.82048225402832,9.878691615281621,9.70281977010999,9.82869183773683,204539256
2006-05-09,10.169241905212402,10.174216950971756,9.794861179920877,9.84336787607458,365258376
2006-05-10,10.02446460723877,10.241629895605078,9.996603214602635,10.15705222536994,247240512
2006-05-11,9.626948356628418,10.067499642066581,9.576699258380573,10.035410218686405,355356288
2006-05-12,9.306796073913574,9.573962080993711,9.29236768375603,9.540877270448489,403100496
2006-05-15,9.35828971862793,9.456548770242474,9.160525957957246,9.351573217125864,343260396
2006-05-16,9.236398696899414,9.374708391103058,9.201324053135684,9.353065803002679,259384356
2006-05-17,9.316000938415527,9.448837886727492,9.20953230209141,9.219234020764201,425326248
2006-05-18,9.228687286376953,9.49784411963271,9.221722411079584,9.422470460994019,233166600
2006-05-19,9.204556465148926,9.316000137781119,8.96947987931644,9.285651222899553,455472072
2006-05-22,9.227691650390625,9.279432884156833,9.085899055724461,9.150575597932221,343831824
2006-05-23,9.342866897583008,9.549336988736519,9.292616848814085,9.308787643839276,358960680
2006-05-24,9.483912467956543,9.538391495228222,9.244110138666912,9.386897177831099,381769848
2006-05-25,9.527196884155273,9.527446205246287,9.261522983941061,9.429932271003166,327456216
2006-05-26,9.48639965057373,9.59908803747594,9.453563211530408,9.566002277355524,146533320
2006-05-30,9.252318382263184,9.477694206603736,9.240129141243036,9.41003055229871,172467360
2006-05-31,9.249333381652832,9.409285653153825,9.123959953350777,9.298587093058796,318932748
2006-06-01,9.51799201965332,9.527196043451946,9.243860186313528,9.292119454983485,250868880
2006-06-02,9.438886642456055,9.628939458303115,9.389384557769793,9.622969024174001,255200544
2006-06-05,9.314508438110352,9.488889116044605,9.307295189918461,9.357792667206619,222117660
2006-06-06,9.70132827758789,9.70157665069112,9.360777469425662,9.3677432921834,409981608
2006-06-07,9.614758491516113,9.822471372194462,9.614509170458474,9.782173315771605,356095548
2006-06-08,9.783665657043457,9.807795764782464,9.41774196775075,9.645604355453218,413965620
2006-06-09,9.616251945495605,9.83665176896611,9.585902082496414,9.756053757028228,246053700
2006-06-12,9.491127014160156,9.713766012270154,9.477694958652393,9.660282371389565,200563236
2006-06-13,9.615009307861328,9.626949228809332,9.406051685376156,9.47520653200068,306057636
2006-06-14,9.56202220916748,9.728939361697591,9.416001576831725,9.697347630287306,310569120
2006-06-15,9.72645378112793,9.757547821523964,9.527447182648123,9.617496661221884,271156572
2006-06-16,9.718989372253418,9.724711433552828,9.651825303167609,9.67918805620707,211971816
2006-06-19,9.655306816101074,9.820980201159504,9.62645098181239,9.722720203135372,305018676
2006-06-20,9.631176948547363,9.748093359658215,9.61475872989975,9.652569264616538,161434404
2006-06-21,10.003318786621094,10.04983754812617,9.69535702050635,9.727944137678143,349426224
2006-06-22,9.949090957641602,10.099589891611268,9.65182532220396,9.98963928906016,236239524
2006-06-23,10.071231842041016,10.192873993440088,9.968743807579958,10.018991962407943,212379408
2006-06-26,10.055310249328613,10.15680383260968,10.031180140897645,10.118246281725233,141905952
2006-06-27,10.00804615020752,10.14934105605507,9.975459030785395,10.092375453343944,164119716
2006-06-28,10.102325439453125,10.111528515012514,9.978443207167844,10.050085566999918,148271580
2006-06-29,10.39337158203125,10.403072351121457,10.095110615061035,10.149090991640195,266061672
2006-06-30,10.431184768676758,10.431184768676758,10.257054370838397,10.338397508601721,250069680
2006-07-03,10.527454376220703,10.541632497834922,10.434169426955933,10.44884619071839,86181732
2006-07-05,10.484169960021973,10.517504095236086,10.339392140608542,10.485663042607708,199224576
2006-07-06,10.527204513549805,10.581683540320329,10.497104917618314,10.531931186262929,147336516
2006-07-07,10.459046363830566,10.644122245355826,10.345362581684428,10.598350495175607,241434324
2006-07-10,10.403074264526367,10.577951681192985,10.357801156478818,10.533424640445169,177278544
2006-07-11,10.561285018920898,10.57347331161385,10.274466251267798,10.410785152462559,238613148
2006-07-12,10.379443168640137,10.516010448488894,10.366507860202429,10.499841549938981,196071732
2006-07-13,10.169987678527832,10.406557354274131,10.12023627438339,10.298595641254375,276703020
2006-07-14,10.03740119934082,10.236159413412809,9.915758097052505,10.207303576769542,301781916
2006-07-17,10.14660358428955,10.223968007981014,10.042871798168035,10.065509772383527,232243524
2006-07-18,10.026206016540527,10.213272675382516,9.894115132692532,10.192873849228551,341130528
2006-07-19,9.925457954406738,9.978692265742051,9.817496249368503,9.826202578552074,340399260
2006-07-20,9.629934310913086,10.060783911204382,9.593614958396936,10.056803305618265,501046452
2006-07-21,9.70431137084961,9.74510711812075,9.395353309842257,9.605553696273263,469713816
2006-07-24,9.72396469116211,9.798343906230293,9.48291858620924,9.771726271758148,323120556
2006-07-25,9.685656547546387,9.734165143910932,9.547346850606884,9.577694821985,230213556
2006-07-26,9.58963394165039,9.749088503809388,9.527444927588856,9.656798948986555,221054724
2006-07-27,9.512519836425781,9.639137975325097,9.401822223298002,9.63615275824432,225418356
2006-07-28,9.654809951782227,9.690630660119925,9.495853070062841,9.502569571374773,163180656
2006-07-31,9.616997718811035,9.680928188852844,9.535155948004524,9.651823984090639,183628188
2006-08-01,9.34112548828125,9.596351598929534,9.34112548828125,9.579933378714335,218309472
2006-08-02,9.135152816772461,9.382418631343183,9.084654401407905,9.343362440789496,283628088
2006-08-03,9.338139533996582,9.400826244790911,9.038883153299128,9.079182159376419,252826920
2006-08-04,9.299832344055176,9.469734716968436,9.24759246456494,9.441872373519491,203604192
2006-08-07,9.401822090148926,9.446101703566294,9.232666743219177,9.241373073254612,157718124
2006-08-08,9.477694511413574,9.564758760949616,9.430181307215598,9.522967617815864,229498272
2006-08-09,9.376697540283203,9.569236929347397,9.36226914926211,9.522470741052224,172267560
2006-08-10,9.308536529541016,9.394856600951163,9.26525325528732,9.300576267288873,170305524
2006-08-11,9.166744232177734,9.335401861770594,9.154306619549743,9.313510905154319,150509340
2006-08-14,9.189881324768066,9.331673937322142,9.170975579894924,9.24137419194048,198533268
2006-08-15,9.476947784423828,9.494360445262917,9.268736233716451,9.306299347451644,267660072
2006-08-16,9.64486026763916,9.663018995664972,9.505555189803763,9.539386070882184,233893872
2006-08-17,9.597097396850586,9.70157524316939,9.550330265079916,9.611773211557614,203004792
2006-08-18,9.53640079498291,9.629188055268033,9.471474929288807,9.609783669902821,197889912
2006-08-21,9.385653495788574,9.42794138590306,9.333911312091956,9.405553679371861,160771068
2006-08-22,9.410280227661133,9.434409389534402,9.324457843126936,9.396350478532707,166397436
2006-08-23,9.289381980895996,9.40978129732751,9.270227867368979,9.39410914663072,145546308
2006-08-24,9.296846389770508,9.363264386842992,9.260278666624238,9.314507422647965,139160700
2006-08-25,9.285155296325684,9.336398837861493,9.26624955312249,9.280676996626948,98569332
2006-08-28,9.476449966430664,9.476449966430664,9.328438559276274,9.343613018031174,166393440
2006-08-29,9.4266996383667,9.510531256766418,9.38316608587773,9.47222207185218,178221600
2006-08-30,9.471474647521973,9.568490883528327,9.415752807986532,9.433166416085113,161614224
2006-08-31,9.416250228881836,9.506299691850895,9.408040645248695,9.489882420562358,118277604
2006-09-01,9.417990684509277,9.484658949567025,9.382916044420666,9.477443806300602,106809084
2006-09-05,9.561277389526367,9.587148008497334,9.389135864555248,9.449584381179786,162809028
2006-09-06,9.456299781799316,9.532171122129112,9.444359862122006,9.505056744788071,148815036
2006-09-07,9.415254592895508,9.496349350844671,9.388139267897614,9.437642297512166,153526320
2006-09-08,9.399334907531738,9.472469409661269,9.371225139722947,9.371225139722947,123212664
2006-09-11,9.554559707641602,9.56948484413022,9.39734428840832,9.409533529069565,180986832
2006-09-12,9.74884033203125,9.769487530792517,9.574212240359332,9.577197457480509,217470312
2006-09-13,10.113768577575684,10.118495250307573,9.828442873836334,9.829687583282178,390337272
2006-09-14,10.04934024810791,10.106554222211308,9.998344133201968,10.057300510904229,214429356
2006-09-15,10.196107864379883,10.2003368428539,10.117998319128436,10.136405419561076,313214472
2006-09-18,10.31576156616211,10.415264381109905,10.185908885352823,10.199092567518552,283983732
2006-09-19,10.045110702514648,10.33566075217139,9.769735110329268,10.334914684948929,571144284
2006-09-20,9.87570571899414,10.134166337690685,9.81650097348831,10.12695214280334,365546088
2006-09-21,10.120733261108398,10.160534574967745,9.946852189549624,9.957797669359556,427256316
2006-09-22,10.044364929199219,10.13565910178777,9.984164791696848,10.074216150870827,185798016
2006-09-25,10.04934024810791,10.185410782909916,10.012524151173547,10.089141562089505,229262508
2006-09-26,10.121232032775879,10.141380589060047,9.994364572984885,10.087151831476552,211364424
2006-09-27,10.022972106933594,10.229441248968966,10.009289782902517,10.10705303588893,234832932
2006-09-28,10.039389610290527,10.123967279400292,9.963767591835113,10.05182722398642,204091704
2006-09-29,9.997597694396973,10.090135618691983,9.985407506736166,10.077945431031178,132303564
2006-10-02,9.98615550994873,10.099589014050995,9.970234984882136,9.997598683586867,145929924
2006-10-03,10.05083179473877,10.111031930357045,9.90530887112328,9.982423023712425,218369412
2006-10-04,10.340885162353516,10.342627566021095,10.026205922402092,10.07396750106365,266205528
2006-10-05,10.244118690490723,10.404069064177778,10.2204862754175,10.316009428068558,231360408
2006-10-06,10.460288047790527,10.49536268693983,10.192872719438158,10.2045652138101,293166540
2006-10-09,10.671733856201172,10.745117677166848,10.532926477086624,10.567255999223688,303028668
2006-10-10,10.613276481628418,10.891885714581935,10.507305529057911,10.735417282908458,391152456
2006-10-11,10.609543800354004,10.694370794663008,10.541384346796006,10.572727703629733,225190584
2006-10-12,10.632927894592285,10.68864973412192,10.547354832603121,10.660788340362652,193566240
2006-10-13,10.629444122314453,10.684170569066275,10.58615990065391,10.640887295394554,144755100
2006-10-16,10.49138355255127,10.676708744391048,10.481184140096582,10.63939495373867,172603224
2006-10-17,10.46377182006836,10.541134344821366,10.365760202539366,10.455312915705118,208231560
2006-10-18,10.430685997009277,10.566010454192954,10.385661267631567,10.522228538168527,240451308
2006-10-19,10.598597526550293,10.684170581708686,10.437154081846415,10.453571352299212,459679860
2006-10-20,11.434675216674805,11.445372323352489,11.283430224590639,11.417759302853767,465450084
2006-10-23,11.959806442260742,12.05582635185186,11.452090078826437,11.499603287387242,603575820
2006-10-24,11.773983001708984,11.887167194965196,11.72671816840607,11.847863572903766,346061592
2006-10-25,12.104582786560059,12.151846671923883,11.818759376474816,11.877963182735552,367132500
2006-10-26,12.067268371582031,12.237915854704164,12.044879717568946,12.1314472205758,280986732
2006-10-27,11.82099723815918,12.070749641262902,11.753582906899894,12.037416457235523,263895840
2006-10-30,11.855077743530273,11.95184561185146,11.691891873207469,11.811545142834943,262261476
2006-10-31,11.85059928894043,11.994132386928955,11.787165562064676,11.892141108969458,251164584
2006-11-01,11.629454612731934,11.91876096028158,11.573732764889781,11.909556934682309,216834948
2006-11-02,11.689403533935547,11.784428984219808,11.601591330503437,11.62945177362841,209258532
2006-11-03,11.736418724060059,11.784927314063378,11.568755518174441,11.747115830364484,196111692
2006-11-06,11.864531517028809,11.93194490986067,11.74960491617674,11.785425628033314,199460340
2006-11-07,11.755573272705078,11.916022289280235,11.735673089806527,11.864530376432453,195688116
2006-11-08,11.816020965576172,11.98368511401436,11.656815721467968,11.700349264518682,318281400
2006-11-09,11.757065773010254,11.92771419366381,11.737910710332274,11.853334988590353,194972832
2006-11-10,11.779953956604004,11.809058166787803,11.698858237892134,11.785674122209327,111756132
2006-11-13,11.966024398803711,11.969506362144264,11.794628948216022,11.813534691450611,173502324
2006-11-14,12.171747207641602,12.187916106477553,11.952839504698353,11.95781455049403,288647064
2006-11-15,12.237170219421387,12.434186005680044,12.237170219421387,12.274483061221655,334493172
2006-11-16,12.33592700958252,12.380205673755903,12.25284147299752,12.313538356422828,203500296
2006-11-17,12.407818794250488,12.429460434009115,12.263787040994218,12.270006796500653,220219560
2006-11-20,12.314784049987793,12.398117018327884,12.255081602116542,12.398117018327884,204775020
2006-11-21,12.677968978881836,12.686676256659931,12.334185554838557,12.351847535490021,336762900
2006-11-22,12.637174606323242,12.761305230612022,12.581701135511912,12.710806805938017,179847972
2006-11-24,12.562296867370605,12.62448588327522,12.537420692215456,12.54985830579861,69238692
2006-11-27,12.058561325073242,12.482196686620922,12.058561325073242,12.471997274578056,292695012
2006-11-28,12.176722526550293,12.185677229987794,11.866520640723216,11.96851097779997,311592096
2006-11-29,12.056073188781738,12.307071255710838,11.996371693285688,12.294632693657967,252359388
2006-11-30,12.060053825378418,12.199109574136989,11.978959064688482,12.044630994301258,222876900
2006-12-01,11.960301399230957,12.149109495674553,11.90308647982786,12.08915868043361,225030744
2006-12-04,12.06104850769043,12.125229252083725,11.924231905919825,12.015028386622035,195800004
2006-12-05,12.114532470703125,12.175229357525211,12.062044219971945,12.124482562446993,163955880
2006-12-06,12.15707015991211,12.24886107988676,12.052839729760468,12.11353661423708,177833988
2006-12-07,12.006072998046875,12.233935388590996,12.000600258449385,12.194880144188188,186385428
2006-12-08,12.042640686035156,12.154332731344807,11.94040008947561,11.988660305420472,158837004
2006-12-11,12.038163185119629,12.161796106076599,12.034929594966702,12.06279004087828,130405464
2006-12-12,11.98468017578125,12.098611375254961,11.947366385509124,12.036173035718788,167072760
2006-12-13,11.915277481079102,12.077218636403872,11.866271193836447,12.057069131899711,186297516
2006-12-14,11.99313735961914,12.033684737344815,11.872240345653108,11.946618600328565,189766044
2006-12-15,11.947863578796387,12.04264065899371,11.936420405515914,12.00607293750245,207424368
2006-12-18,11.512537956237793,12.008561795756655,11.460795771639619,12.002840682474561,320343336
2006-12-19,11.657563209533691,11.674479124277758,11.4055716319993,11.485671957951999,263216520
2006-12-20,11.515024185180664,11.728956843932844,11.500846062947767,11.691643052196483,174537288
2006-12-21,11.348357200622559,11.573483729218333,11.252337292132472,11.546866094448324,277853868
2006-12-22,11.332932472229004,11.409052183177273,11.262037127712885,11.380694045370827,159372468
2006-12-26,11.381442070007324,11.429700393575231,11.308306621403684,11.356316571876578,82889028
2006-12-27,11.642638206481934,11.643881967992883,11.420496902290427,11.442885557476473,169090740
2006-12-28,11.50656795501709,11.656319878292443,11.498856064660531,11.620001472459604,124523352
2006-12-29,11.454825401306152,11.554078888182481,11.43940162236387,11.49512346025252,102265632
2007-01-03,11.631691932678223,11.85731518491892,11.470496849495074,11.592139940132,307951740
2007-01-04,12.021496772766113,12.038661060127106,11.650598004323937,11.666767851309272,315188496
2007-01-05,12.119257926940918,12.126969816061647,11.893385368692545,12.002590837781744,274609116
2007-01-08,12.029457092285156,12.18592645599906,11.995128517401737,12.131696749652932,189985824
2007-01-09,12.077218055725098,12.145625880924598,11.97025173102913,12.075974294321268,215040744
2007-01-10,12.175726890563965,12.277468852471872,11.991147761615728,12.050601834171879,238501260
2007-01-11,12.430953979492188,12.481451456805653,12.342893386592088,12.368266311806005,288039672
2007-01-12,12.562296867370605,12.562296867370605,12.437917887572535,12.487419968829029,178769052
2007-01-16,12.544387817382812,12.761304750349348,12.520008385847268,12.625730956253559,302453244
2007-01-17,12.370254516601562,12.63120267061036,12.298115408194727,12.522246518782676,267696036
2007-01-18,12.13517951965332,12.350354990902725,12.125229428032286,12.301598025177402,237042720
2007-01-19,12.182941436767578,12.208065987604684,12.108065478448971,12.138911142529935,198932868
2007-01-22,11.961297988891602,12.255081660789354,11.903087675343416,12.251350376278156,215955828
2007-01-23,11.916769981384277,12.058562584545644,11.872988059738484,11.960054208831558,186433380
2007-01-24,12.414782524108887,12.426475018750144,12.022242139516054,12.051097972529288,242129628
2007-01-25,12.141646385192871,12.549858932043758,12.081198821771299,12.46279373663939,254485260
2007-01-26,12.334433555603027,12.385678040454968,12.115277495071886,12.21229372518996,219640140
2007-01-29,12.250601768493652,12.406821795413032,12.201596434030177,12.38816537528224,190836972
2007-01-30,12.296623229980469,12.388166729128647,12.21950907035691,12.288662966923624,167052780
2007-01-31,12.475232124328613,12.562298273120115,12.32622627376627,12.350604757508334,487755756
2007-02-01,11.98393440246582,12.587422241755265,11.978460714543367,12.587173868662836,625721652
2007-02-02,11.977716445922852,12.064781648880352,11.88592362197333,12.005327572655068,251208540
2007-02-05,11.62099552154541,11.890649059999262,11.596865412816207,11.878210498019383,287987724
2007-02-06,11.728458404541016,11.773732456331294,11.623482858559262,11.644378428925721,212663124
2007-02-07,11.691889762878418,11.799851465266114,11.661292476964864,11.78666683729221,164627208
2007-02-08,11.717266082763672,11.784928796207621,11.570996123102246,11.6431361884985,162904932
2007-02-09,11.489900588989258,11.758310378950064,11.480198870414231,11.732688134505484,194149656
2007-02-12,11.400346755981445,11.502337090122321,11.319002672163606,11.459800828035236,229949820
2007-02-13,11.420495986938477,11.512039481176224,11.374724239819603,11.421739748349738,162341496
2007-02-14,11.590398788452148,11.670001417788994,11.423481639940954,11.442885077088347,227724048
2007-02-15,11.479452133178711,11.59537411671639,11.460795710843277,11.592140526442703,161534304
2007-02-16,11.690149307250977,11.6953746218618,11.494127962191481,11.512536957914923,246832920
2007-02-20,11.743881225585938,11.760051071491375,11.560049122737214,11.653581495159921,162541296
2007-02-21,11.837413787841797,11.907564010654742,11.635422023417338,11.687661893933564,225398376
2007-02-22,11.837167739868164,12.045876045897579,11.800849334023784,11.907814722686172,229526244
2007-02-23,11.70706558227539,11.864530329179749,11.636916300250704,11.834679106961914,155148696
2007-02-26,11.565523147583008,11.822241402101154,11.536169617404612,11.76204315510922,158637204
2007-02-27,11.163528442382812,11.437909604249926,11.123727129200265,11.3185047167134,372139488
2007-02-28,11.18044376373291,11.28542026383578,11.020990132842298,11.204325500391192,320970708
2007-03-01,11.15009593963623,11.254326373820524,10.945368251649617,11.011787199618713,347060592
2007-03-02,10.912530899047852,11.161787501926606,10.912530899047852,11.072483160813352,263080656
2007-03-05,10.969000816345215,11.0821859554394,10.870740815070024,10.87123756127284,253949796
2007-03-06,11.381937980651855,11.418008008126842,11.128951042173384,11.131190191819785,301046652
2007-03-07,11.334425926208496,11.52099488926077,11.30084436604913,11.509801035874315,261102636
2007-03-08,11.311539649963379,11.579701052217972,11.29611681911544,11.423481019132794,214297488
2007-03-09,11.267757415771484,11.403081874489498,11.196613697402803,11.393131783639795,198908892
2007-03-12,11.312286376953125,11.324724939578854,11.221738267223751,11.258057618745504,138477384
2007-03-13,11.02074146270752,11.24213668310773,11.015766417034106,11.196862629893007,254836908
2007-03-14,11.144373893737793,11.160792112535162,10.920491160294782,11.025716026053221,320355324
2007-03-15,11.099350929260254,11.189649725027298,11.043379763001157,11.140893703011248,157610232
2007-03-16,10.966511726379395,11.112036551845096,10.942630938423598,11.085915666158382,226137636
2007-03-19,11.125219345092773,11.156812020091001,10.961039059502147,11.026213290016706,207700092
2007-03-20,11.076711654663086,11.13442426994676,11.034920512690231,11.089398589900876,136723140
2007-03-21,11.357062339782715,11.357560981937423,11.07497023458392,11.077210332324562,231700068
2007-03-22,11.493632316589355,11.49686590690942,11.257063569244968,11.333680984448138,227000772
2007-03-23,11.488407135009766,11.52721306006631,11.370246956267298,11.478954737825477,164287548
2007-03-26,11.56726360321045,11.56726360321045,11.333928464570263,11.456565993854062,188223588
2007-03-27,11.53293514251709,11.572984829067105,11.451341738929619,11.53119368692989,149498352
2007-03-28,11.489651679992676,11.5782090085185,11.446615829141784,11.4894014109303,183480336
2007-03-29,11.465771675109863,11.592140496437137,11.31850538564754,11.556069517370785,159380460
2007-03-30,11.397112846374512,11.527463223732447,11.346864691788708,11.49512447649378,135072792
2007-04-02,11.406316757202148,11.406316757202148,11.24686218576693,11.387161694150835,137802060
2007-04-03,11.756319999694824,11.797365073905576,11.54238829883643,11.543631112248221,259811928
2007-04-04,11.717015266418457,11.766269923564199,11.681194559393244,11.74487665898372,151000848
2007-04-05,11.729206085205078,11.7436335284248,11.682189627229828,11.723981718322635,108523368
2007-04-09,11.647114753723145,11.766270321403098,11.581939569476093,11.76577262723531,122361516
2007-04-10,11.604578018188477,11.711295975977094,11.571244831440648,11.619254782798848,119052828
2007-04-11,11.555573463439941,11.676718872979981,11.507811881936826,11.593633325576958,152327520
2007-04-12,11.626716613769531,11.64189107160498,11.498606345922662,11.542388263875583,108207684
2007-04-13,11.599353790283203,11.661046066604214,11.526468608534435,11.653085803465663,111680208
2007-04-16,11.797863006591797,11.865525713731381,11.64562167853051,11.653333568163863,202912884
2007-04-17,11.761295318603516,11.850599664419644,11.731444096305056,11.786171495183714,128275596
2007-04-18,11.841145515441895,11.937913371256156,11.679950442753618,11.722985343686682,226593180
2007-04-19,11.732687950134277,11.988909442564816,11.68144441003929,11.80358424815562,439943616
2007-04-20,12.002093315124512,12.251349937056984,11.990651088895962,12.202095276894868,485973540
2007-04-23,11.917515754699707,12.064781094433975,11.897116928986604,11.942889626297296,226757016
2007-04-24,11.878957748413086,11.939903954153301,11.829704037642536,11.905823753556618,147640212
2007-04-25,11.890401840209961,11.974481825324386,11.84363564867664,11.940401622096807,158513328
2007-04-26,11.969756126403809,12.051099267558536,11.868510904912016,11.893137762252032,164831004
2007-04-27,11.91577434539795,12.000103648641469,11.89885843093375,11.942143605470589,116910972
2007-04-30,11.725971221923828,11.973984073654535,11.725971221923828,11.919256675403584,145502352
2007-05-01,11.666768074035645,11.761544215975478,11.54661711222601,11.74612233195254,146181672
2007-05-02,11.586666107177734,11.71850860865121,11.585423293756067,11.658060097718653,122385492
2007-05-03,11.771991729736328,11.792887299713959,11.57447730725156,11.597611078876826,143624232
2007-05-04,11.719504356384277,11.812042293742408,11.589154933399282,11.694628179421569,157842000
2007-05-07,11.623732566833496,11.761792939752326,11.603831434491099,11.744877972649702,120683196
2007-05-08,11.612288475036621,11.646119351797433,11.560546297647603,11.595372562661808,116087796
2007-05-09,11.672986030578613,11.734677354129229,11.539403023261565,11.59586998016261,155440404
2007-05-10,11.479452133178711,11.67895640556144,11.46825827977745,11.618011144610081,147304548
2007-05-11,11.610547065734863,11.617016141947014,11.467760978531754,11.488407228652564,117646236
2007-05-14,11.487162590026855,11.629700293255118,11.442883928150628,11.579203772698447,154753092
2007-05-15,11.393132209777832,11.506068968308194,11.378456394018903,11.491641525634261,164595240
2007-05-16,11.756568908691406,11.769752590541625,11.418506581474432,11.492636470713055,261905832
2007-05-17,11.715523719787598,11.821494659705222,11.711792435451454,11.752837511137935,186237576
2007-05-18,11.699603080749512,11.75880688336723,11.685424010811749,11.742141238551701,147688164
2007-05-21,11.70656967163086,11.92050139215173,11.610051123699545,11.679952037623597,246125628
2007-05-22,11.837413787841797,11.91577264562734,11.766269124783298,11.766269124783298,153406440
2007-05-23,11.790399551391602,12.025227776935067,11.784927759480686,11.96079960755849,202205592
2007-05-24,11.799355506896973,11.920500907090855,11.728956901633751,11.819754332499295,166777056
2007-05-25,12.027963638305664,12.063536921546609,11.872490615750975,11.932939127566002,213726060
2007-05-29,12.117270469665527,12.233937581655743,12.039906034211878,12.064782213931508,208511280
2007-05-30,12.403091430664062,12.409061864743956,12.01502838329332,12.052343122298208,289542168
2007-05-31,12.385926246643066,12.656326788382758,12.364782303792367,12.45184844184997,356615028
2007-06-01,12.447868347167969,12.562793985656079,12.386424448671653,12.462793483909865,191768040
2007-06-04,12.613790512084961,12.699364528468848,12.377967827778365,12.385928091164194,283755960
2007-06-05,12.906578063964844,12.910558669132362,12.602346639298098,12.680457128315219,417466116
2007-06-06,12.891901969909668,12.954838004724063,12.817522761132048,12.854588178975487,315152532
2007-06-07,12.81254768371582,13.097128261648052,12.749114902876832,12.929215728865097,424794780
2007-06-08,12.82324504852295,12.926479145138794,12.673243814876585,12.840907029955572,254073672
2007-06-11,12.720010757446289,12.891902961247679,12.68667756932308,12.786678081681673,185722092
2007-06-12,12.556574821472168,12.728218629065408,12.516773509970507,12.654585491795705,256523220
2007-06-13,12.568267822265625,12.650357023307354,12.405330337625422,12.614287942420496,281078640
2007-06-14,12.508564949035645,12.584187915333272,12.48020586267961,12.57174935367265,184663152
2007-06-15,12.584436416625977,12.661799891234784,12.468514443264123,12.641650388087909,246717036
2007-06-18,12.816032409667969,12.835933543329805,12.543393609222907,12.59165193867508,193242564
2007-06-19,12.793890953063965,12.867025450472646,12.72498448601865,12.786428384673734,174037788
2007-06-20,12.685929298400879,12.90434024727576,12.663292272053912,12.859812261826477,173354472
2007-06-21,12.788915634155273,12.818269160920623,12.59413805298631,12.71105351791237,176211612
2007-06-22,13.059316635131836,13.059565008219275,12.838418161511179,12.846378424164676,287859852
2007-06-25,13.120014190673828,13.308323660086705,13.019515988029873,13.158820117599367,316683000
2007-06-26,13.19066047668457,13.263794974967336,13.090659973484781,13.252104376074016,227352420
2007-06-27,13.091903686523438,13.134193473457215,12.924489786440096,13.059814260661337,244679076
2007-06-28,13.06006145477295,13.171754450435797,13.029961860428214,13.056827864766024,166569264
2007-06-29,13.002598762512207,13.11951517367861,12.922000751652265,13.085186601939487,155068776
2007-07-02,13.193646430969238,13.230214156148561,13.039913909344431,13.072003334794736,139364496
2007-07-03,13.292155265808105,13.29364740044353,13.12200451792124,13.210562803332623,74797128
2007-07-05,13.473499298095703,13.542405769291479,13.237676624424587,13.322502673685088,197518284
2007-07-06,13.418025016784668,13.529220319321968,13.401359372443805,13.46404608448498,109770120
2007-07-09,13.496634483337402,13.650367009072545,13.439419557623669,13.50757996387375,149042808
2007-07-10,13.516036033630371,13.607081828656453,13.473995573076841,13.52722988571092,154085760
2007-07-11,13.544144630432129,13.594643046488699,13.433199603719922,13.522752314887768,132239628
2007-07-12,13.565540313720703,13.615043346894813,13.438424480052566,13.578723995567394,137526336
2007-07-13,13.735440254211426,13.748127188502282,13.613300427493337,13.629717697765253,209274516
2007-07-16,13.756089210510254,13.895144967406814,13.66454571103537,13.689172567582794,263716020
2007-07-17,13.806089401245117,13.873999533931638,13.740914216528898,13.807083841598963,172970856
2007-07-18,13.669272422790527,13.793651415353196,13.527729142526056,13.778476956431138,242956800
2007-07-19,13.646635055541992,13.76927353736528,13.488673558798228,13.767780454825902,444642912
2007-07-20,12.938419342041016,13.014540003814261,12.674237597513564,12.733940040159684,710181108
2007-07-23,12.749114990234375,12.935434624641477,12.740160287083855,12.910807768994196,254013732
2007-07-24,12.786179542541504,12.902847589241055,12.614785044274793,12.669263122748522,222661116
2007-07-25,12.680706977844238,12.861305510100356,12.576229114878853,12.860310121695369,221578200
2007-07-26,12.636924743652344,12.751104314218743,12.410055841011545,12.655331843397352,275060664
2007-07-27,12.733691215515137,12.85135370186335,12.574735280651465,12.650108930138728,220143636
2007-07-30,12.838666915893555,12.919015606133165,12.699113478535306,12.759313613937527,158373468
2007-07-31,12.686676979064941,12.946380440980349,12.686676979064941,12.94115702200493,170649180
2007-08-01,12.759811401367188,12.848619003286796,12.640407457091097,12.69911451485879,176950872
2007-08-02,12.711801528930664,12.81080759624985,12.661800801085596,12.779214917344861,126069804
2007-08-03,12.51254653930664,12.766279566120144,12.51254653930664,12.687920697841133,126920952
2007-08-06,12.686676979064941,12.69040826347279,12.500108018727868,12.512546581409623,145913940
2007-08-07,12.83642864227295,12.932449490593305,12.66279594220179,12.680457923513249,170401428
2007-08-08,13.079217910766602,13.079217910766602,12.863047039642389,12.919017255981592,162589248
2007-08-09,12.804339408874512,13.105088893855307,12.801851885947515,12.955336032096659,193666140
2007-08-10,12.829712867736816,12.903593433879452,12.577968730100178,12.691153863605452,234772992
2007-08-13,12.823493957519531,12.92921652944944,12.762051001563675,12.92399311032214,127044828
2007-08-14,12.651850700378418,12.870758406740402,12.636925562758297,12.828966315024001,145202652
2007-08-15,12.376973152160645,12.728716869092995,12.356076631679567,12.661801172899292,216163620
2007-08-16,12.226970672607422,12.349111462318913,11.95184532535987,12.239409235357181,345478176
2007-08-17,12.438913345336914,12.462794134163262,12.230205053200038,12.374235853436376,218956824
2007-08-20,12.386176109313965,12.501601347084124,12.338414530367725,12.499112876107707,107784108
2007-08-21,12.602348327636719,12.640905883166296,12.38244616936147,12.411550378844753,144279576
2007-08-22,12.755085945129395,12.842151145249037,12.668019797020813,12.685681778940078,129977892
2007-08-23,12.741155624389648,12.839166307694844,12.612049954982645,12.835932717328902,122944932
2007-08-24,12.811057090759277,12.824739416107338,12.649364293650793,12.751603960141688,98809092
2007-08-27,12.76777172088623,12.872001206999778,12.72150322551802,12.796876876802283,92910996
2007-08-28,12.597124099731445,12.810558115537571,12.58194869321373,12.724736679252667,130825044
2007-08-29,12.758318901062012,12.76876573864846,12.617770067979716,12.632944526169034,101870028
2007-08-30,12.721502304077148,12.821005110213113,12.701103479908081,12.745383091308442,105961932
2007-08-31,12.81727409362793,12.848368128701436,12.723244025185672,12.76379045732375,118984896
2007-09-04,13.063546180725098,13.134441532444583,12.8016026210491,12.811552712800756,147600252
2007-09-05,13.129465103149414,13.171256242494087,12.991403802686644,13.020011261447287,132383484
2007-09-06,13.022998809814453,13.179965879509105,12.891654934647953,13.168273383252853,144890964
2007-09-07,12.919265747070312,12.966280308659611,12.855832017704133,12.882200329004014,146397456
2007-09-10,12.79811954498291,12.98692669070584,12.7085668310264,12.967274882009393,128902968
2007-09-11,12.968520164489746,12.976480427730428,12.82921508378333,12.86055939053454,108035856
2007-09-12,13.001355171203613,13.133944693201972,12.910559636624045,12.948618547706726,119320560
2007-09-13,13.054342269897461,13.114789836206127,13.015535394945896,13.036431914990779,75568356
2007-09-14,13.153099060058594,13.190909598765696,12.990660207908647,13.015037743394497,110485404
2007-09-17,13.067276000976562,13.166281109192347,13.036678713877425,13.097872340086882,87812100
2007-09-18,13.315289497375488,13.364544158362019,13.041655335861554,13.097625550448727,168459372
2007-09-19,13.603350639343262,13.668028130077198,13.404593390460743,13.41479185505365,220854924
2007-09-20,13.752108573913574,13.850865314162363,13.582952284402912,13.607082393030632,220779000
2007-09-21,13.932955741882324,13.950120028657903,13.752108850029321,13.839422418414273,320147532
2007-09-24,14.129972457885742,14.215545518540473,13.930468197075843,13.955343425413462,211668120
2007-09-25,14.154351234436035,14.168281932321179,14.001614095874574,14.029972237864108,109114776
2007-09-26,14.133454322814941,14.22375405542168,14.02524423633184,14.18917616108831,133710156
2007-09-27,14.117037773132324,14.22251102111613,14.074251240914986,14.222262648017336,82169748
2007-09-28,14.111315727233887,14.168032956790318,14.032956858446585,14.104599225681007,105474420
2007-10-01,14.49141788482666,14.536194243875455,14.169525414644893,14.17848011766132,188263548
2007-10-02,14.537189483642578,14.846147590307412,14.4282333301414,14.512064934455726,282417300
2007-10-03,14.527985572814941,14.651617543072195,14.436940720432112,14.583459038317711,155024820
2007-10-04,14.403855323791504,14.554603571878955,14.354849985205343,14.554603571878955,119348532
2007-10-05,14.77748966217041,14.825998253512997,14.602364831127025,14.604851405977358,202545252
2007-10-08,15.16480827331543,15.180728799403868,14.775003757248308,14.801122748244417,200918880
2007-10-09,15.303116798400879,15.517049457190296,15.134209821190147,15.301375342761245,350361288
2007-10-10,15.557099342346191,15.564313538092392,15.343416001930445,15.45685046114186,215208576
2007-10-11,15.472769737243652,15.955607951222776,15.149383248163932,15.76232440017468,471488040
2007-10-12,15.855608940124512,15.880733489525129,15.37923599386352,15.522023975594639,272675052
2007-10-15,15.42575454711914,15.917052653901667,15.312321035758325,15.88247570567988,277474248
2007-10-16,15.323513984680176,15.570283072428108,15.223762803428778,15.385455577690955,240770988
2007-10-17,15.758344650268555,15.77127995885559,15.462570216426688,15.682971000547294,240978780
2007-10-18,15.911083221435547,15.954614870640881,15.634461963273122,15.806354150312735,491076432
2007-10-19,16.037700653076172,16.380489644079255,16.00088455650819,16.282727341713677,630928440
2007-10-22,16.18794822692871,16.293671732937344,15.827995921102305,15.887449040424885,266309424
2007-10-23,16.81034278869629,16.855865212416504,16.41805173810576,16.449145771800534,271476252
2007-10-24,16.811586380004883,16.852632400044495,16.407106093101547,16.734222908172637,295871832
2007-10-25,16.629745483398438,16.88994759572985,16.50636092897738,16.882733399783938,231588180
2007-10-26,16.781240463256836,16.829498790878322,16.618552280401506,16.767062339894032,134021844
2007-10-29,16.896411895751953,16.915566957306634,16.71879861144224,16.860092549108234,122529348
2007-10-30,17.28298568725586,17.410846645335678,16.85362821841217,16.85362821841217,275747976
2007-10-31,17.587215423583984,17.587215423583984,17.314575737961192,17.430247436513763,274796928
2007-11-01,17.492935180664062,17.75437910559622,17.457360954348907,17.4824864485198,260826912
2007-11-02,17.69293785095215,17.750897889446602,17.346914335564794,17.674529803397597,233426340
2007-11-05,18.051149368286133,18.165080568808957,17.564080261606076,17.5869666093372,354992652
2007-11-06,18.452648162841797,18.452648162841797,18.03498315640334,18.347423276590366,337114548
2007-11-07,18.232494354248047,18.588217675340914,17.988711447826557,18.43622662942145,330609060
2007-11-08,17.259851455688477,18.281004329582753,16.845419113141226,18.27379013344216,659827512
2007-11-09,16.516807556152344,16.96233386839579,16.448150412849753,16.81059119173944,455068476
2007-11-12,15.723270416259766,16.665068976535256,15.577498158805023,16.361833862165984,408682908
2007-11-13,16.431734085083008,16.44093905824997,15.723271571508047,16.044666385395708,337478184
2007-11-14,15.962326049804688,16.803378001532863,15.827748598915274,16.748402229792887,323464212
2007-11-15,15.663069725036621,16.107104879332006,15.522521839502172,15.884962641644664,278429292
2007-11-16,15.762076377868652,15.808344870795857,15.324012615607595,15.76978637137321,361350288
2007-11-19,15.568541526794434,15.840185841017938,15.385703861761097,15.66157715432593,220874904
2007-11-20,16.132976531982422,16.395664271558868,15.743172005370448,15.83297310314958,393230376
2007-11-21,16.430986404418945,16.66606299147218,15.972275455730195,16.014314969265737,280259460
2007-11-23,16.833477020263672,16.872780636105777,16.61979275977797,16.666809212534965,109438452
2007-11-26,16.56730842590332,17.248904875428874,16.54243130066625,16.92054426529571,271332396
2007-11-27,16.755617141723633,16.826761815022756,16.175762648232418,16.786214432462927,355823820
2007-11-28,17.220544815063477,17.27129065629052,16.72004274471202,16.968055578297292,316343340
2007-11-29,17.338457107543945,17.482488852042337,17.108852301634805,17.182983137104713,248071680
2007-11-30,17.238954544067383,17.688212174914877,16.96805723407135,17.686720040375633,315504180
2007-12-03,16.953628540039062,17.288704693036784,16.94392682174059,17.189452152249835,172830996
2007-12-04,17.019052505493164,17.21407848338235,16.843926711964972,16.873530511375467,169102728
2007-12-05,17.376020431518555,17.386469165226853,17.102136957043463,17.232238954333145,168215616
2007-12-06,17.79269027709961,17.825029971109746,17.338707863295472,17.358357777625134,196163640
2007-12-07,17.782991409301758,17.860851639443545,17.67428172207535,17.78597567858153,153929916
2007-12-10,17.87129783630371,18.030006352125152,17.761348183450924,17.810850269745924,154093752
2007-12-11,17.393184661865234,17.935229548017297,17.382735928191035,17.909110557798503,245318436
2007-12-12,17.396915435791016,17.769306321197327,17.12701352351515,17.76134700661242,246117636
2007-12-13,17.26507568359375,17.35388138970363,16.94566788057688,17.321293322566916,201430368
2007-12-14,17.163330078125,17.405620853767847,17.09616696590849,17.102383876617555,146793060
2007-12-17,16.64765739440918,17.29915524345537,16.509347696835192,17.11457609928725,219220560
2007-12-18,16.75014305114746,16.83372532775304,16.23148131432809,16.770291605123678,286381332
2007-12-19,16.85014533996582,16.90313223463126,16.641934733765698,16.771538095795453,176667156
2007-12-20,17.1566162109375,17.189202381981953,16.930742683559902,17.0605944135007,176711112
2007-12-21,17.330745697021484,17.394676170271065,17.244924264842528,17.360347597399482,215064720
2007-12-24,17.431243896484375,17.431243896484375,17.240445969029018,17.288455917247045,65070864
2007-12-26,17.6827392578125,17.74194305725047,17.36855679432483,17.387960230033798,101098800
2007-12-27,17.43149185180664,17.81109692099752,17.43149185180664,17.588956590920603,117582300
2007-12-28,17.47602081298828,17.610847578707972,17.327014030101058,17.53572135859214,102405492
2007-12-31,17.201143264770508,17.475026743106643,17.178755558480013,17.377512811032403,94952952
2008-01-02,17.044673919677734,17.347662554094626,16.859101296804862,17.235720230569587,172103724
2008-01-03,17.048158645629883,17.085970135682576,16.829002543980653,17.046418137789118,129969900
2008-01-04,16.34342384338379,16.93944912742247,16.293673384668306,16.90785644855143,214177608
2008-01-07,16.150634765625,16.474767301136698,15.854612941736999,16.267301850173116,255879864
2008-01-08,15.713568687438965,16.417057998590746,15.696652773019084,16.24392109285271,213350436
2008-01-09,16.2488956451416,16.252378556354934,15.485456485403677,15.672771507849195,269318412
2008-01-10,16.087949752807617,16.34839832473207,15.923270810603464,16.045163222203048,253114632
2008-01-11,15.877002716064453,16.156108664370613,15.67451417984125,15.98770032963443,198880920
2008-01-14,16.264318466186523,16.353372538070552,16.05113094328288,16.19765020283421,177722100
2008-01-15,15.862075805664062,16.14566098684427,15.805607900901874,16.067302123200026,222505272
2008-01-16,15.322270393371582,15.920286429281983,14.973510970780849,15.646154587638991,421977600
2008-01-17,14.945154190063477,15.565805373622691,14.875998399054966,15.441925026787612,328343328
2008-01-18,14.931720733642578,15.174011539323006,14.886944371958343,15.133464156307781,341242416
2008-01-22,14.536194801330566,14.863311650807407,13.960319022725594,13.980966221452803,379679940
2008-01-23,13.647380828857422,14.129474892698873,12.91055930537356,13.94813030531118,677949372
2008-01-24,14.29092025756836,14.420274298763852,13.784696050414802,13.90061803607608,375659964
2008-01-25,14.08967399597168,14.801122617776159,14.084201255927711,14.721768361133082,278361360
2008-01-28,13.830467224121094,14.234948499567784,13.64688443027984,14.203356768888176,232435332
2008-01-29,13.694645881652832,13.963552415544756,13.449618240386602,13.942160097827047,251068680
2008-01-30,13.63867473602295,13.941164725345125,13.520265233236001,13.661560136298194,317266416
2008-01-31,14.037434577941895,14.253853805272282,13.290910392020344,13.408324503798772,594257148
2008-02-01,12.833443641662598,13.350114668057756,12.686676944717778,13.151109041555554,703315980
2008-02-04,12.324235916137695,12.755831598325905,12.252593545065245,12.663542027301647,525757716
2008-02-05,12.607073783874512,12.661800234058486,12.15234342482102,12.1749804513405,447683868
2008-02-06,12.48045539855957,12.715781327881237,12.386425324060255,12.71503526058919,305150544
2008-02-07,12.561053276062012,12.790906462666142,12.307568621546489,12.359808499223204,316838844
2008-02-08,12.853095054626465,12.878966619502103,12.654337807367073,12.671999788430353,272882844
2008-02-11,12.964290618896484,13.027724348942499,12.771254480747817,12.948370093111256,232806960
2008-02-12,12.887921333312988,13.199118595427265,12.762050211978034,13.019763836689178,266225508
2008-02-13,13.299118995666504,13.30832301976305,12.90284731736086,12.997624402240907,264723012
2008-02-14,13.240164756774902,13.458824100972217,13.209069770522579,13.39190745545595,258808932
2008-02-15,13.175237655639648,13.250362930632159,13.043146780692883,13.142152843631136,209394396
2008-02-19,12.660555839538574,13.310063753817264,12.59960963734578,13.307078536976308,253761984
2008-02-20,12.6618013381958,12.711802068161886,12.408565045994974,12.525233099919518,266221512
2008-02-21,12.509062767028809,12.76652802801737,12.425480479210584,12.75757237661302,226884888
2008-02-22,12.631949424743652,12.66179969740308,12.376971709855814,12.489161449371819,220415364
2008-02-25,12.100602149963379,12.599611211104822,12.083189488869838,12.585929834531326,334577088
2008-02-26,11.547114372253418,11.603830652228389,11.115767098397502,11.472736111062064,930560508
2008-02-27,11.762787818908691,11.828211378518295,11.433930461185197,11.446118754780615,404471124
2008-02-28,11.825724601745605,11.917763896813655,11.625971015019266,11.704080561076305,263212524
2008-02-29,11.720995903015137,11.93393316108805,11.558557063606127,11.738161137330541,376638984
2008-03-03,11.368754386901855,11.759304937321547,11.196862204664576,11.729205343347171,301877820
2008-03-04,11.059795379638672,11.277706714693965,10.840390014278693,11.217756852740916,544323132
2008-03-05,11.136910438537598,11.297857127766266,11.04486926096996,11.0759642405808,297166536
2008-03-06,10.763773918151855,11.276216894872034,10.725962433409311,11.136662502843881,298505196
2008-03-07,10.779943466186523,10.945367522369803,10.603076236466347,10.668748164787818,322549128
2008-03-10,10.289144515991211,10.721486271703341,10.27471612353155,10.667504934526564,319184496
2008-03-11,10.941387176513672,10.949099066077865,10.563523547645813,10.578698005697941,352722924
2008-03-12,10.949845314025879,11.141388350416312,10.897357069223228,10.945615387925795,265809924
2008-03-13,11.020243644714355,11.119001333786365,10.666260806726294,10.763027719160197,308754936
2008-03-14,10.89362621307373,11.17770910966182,10.712032296379897,11.019498288073725,262713024
2008-03-17,10.44461727142334,10.788899341086427,10.251580191696831,10.646608106124688,315212472
2008-03-18,10.924471855163574,10.966262995726357,10.585414162266257,10.671235593060851,289198512
2008-03-19,10.746360778808594,11.131936281570717,10.738152143403244,10.972979408086717,246912840
2008-03-20,10.784918785095215,10.838401474002097,10.385661890446423,10.629942510216926,396139464
2008-03-24,11.456814765930176,11.586665536369797,10.88864998255386,10.906311962506848,270269460
2008-03-25,11.213529586791992,11.379949041125258,11.09462333696561,11.379700668029072,233030736
2008-03-26,11.397859573364258,11.5142783020875,11.176464342321118,11.258554495856457,208818972
2008-03-27,11.04686164855957,11.159548141972962,10.95755730154298,11.094623225683577,233054712
2008-03-28,10.897605895996094,11.282933030382049,10.803824202422678,11.130941029084937,174872952
2008-03-31,10.957059860229492,11.012284007305647,10.746610109923628,10.836909847376711,177678144
2008-04-01,11.584924697875977,11.604577455425542,11.116264589436877,11.137907175653488,243480276
2008-04-02,11.584676742553711,11.834430110924435,11.452585862702655,11.689155549191275,239720040
2008-04-03,11.321489334106445,11.524725815644118,11.147607326724453,11.485918944853323,270864864
2008-04-04,11.718757629394531,11.886421795942425,11.348356549767402,11.368507002514116,235652112
2008-04-07,11.861296653747559,12.075726068763066,11.779454870777545,11.866521020910925,237502260
2008-04-08,11.637165069580078,11.794628873857109,11.492885895260875,11.76726612154889,181698120
2008-04-09,11.547114372253418,11.741395217644717,11.381690309011582,11.670001225514024,241682076
2008-04-10,11.668757438659668,11.787663686265565,11.488904984734843,11.56626941079615,202693104
2008-04-11,11.379449844360352,11.623482067072937,11.318752966003036,11.544127821308896,166621212
2008-04-14,11.235420227050781,11.379451023037745,11.197857115283178,11.372236827586718,153550296
2008-04-15,11.115518569946289,11.435919854261668,11.03790577170916,11.396366913893923,182920896
2008-04-16,11.319252014160156,11.40009745596429,10.970243262875773,11.054821884987646,304922772
2008-04-17,11.182683944702148,11.427212946295388,11.107558666874473,11.334177313829704,533585880
2008-04-18,13.418274879455566,13.624495646692134,13.05409261635353,13.3137970218366,728694576
2008-04-21,13.377975463867188,13.497379403218988,13.191407460372355,13.417776776984454,297290412
2008-04-22,13.806089401245117,13.951115586805201,13.372253658009948,13.37250392707898,317222460
2008-04-23,13.594395637512207,13.913303836619871,13.456582702100789,13.879223636391217,196663140
2008-04-24,13.508573532104492,13.793401516811869,13.433448261085186,13.71379889453606,165238596
2008-04-25,13.533947944641113,13.756337617383434,13.500863130736459,13.657331548770987,166409424
2008-04-28,13.734447479248047,13.851114580691782,13.408075746946832,13.579221876129447,160183656
2008-04-29,13.89240837097168,14.015045901324353,13.681958630018322,13.702357454888293,173666160
2008-04-30,14.285944938659668,14.548881994766514,13.892409134350995,13.985443820842235,315803880
2008-05-01,14.753360748291016,14.799380869576769,14.35261171148282,14.385944897282586,263847888
2008-05-02,14.460074424743652,14.986447145860772,14.410571393464133,14.887938777463281,279672048
2008-05-05,14.798635482788086,14.90062676956195,14.60535001651128,14.89714385817296,250988760
2008-05-06,14.58619499206543,14.726494503430725,14.502612707843076,14.701619275025925,184986828
2008-05-07,14.403108596801758,14.912814750906948,14.339178119575823,14.683460206005137,264255480
2008-05-08,14.502861976623535,14.65933039611539,14.40087068989824,14.582216235309074,204711084
2008-05-09,14.258828163146973,14.55236342843359,14.211564283411168,14.403107325077915,179216604
2008-05-12,14.550871849060059,14.595896583800052,14.152112624998017,14.297387190220258,194361444
2008-05-13,14.502612113952637,14.625746385491759,14.391913560128891,14.582959856800969,206333460
2008-05-14,14.335944175720215,14.706346191904869,14.309825185461312,14.589428824504644,174856968
2008-05-15,14.452861785888672,14.501368482898556,14.31878107714518,14.40310848345024,173534292
2008-05-16,14.429726600646973,14.544404824033421,14.386194000034184,14.463557482336583,170793036
2008-05-19,14.366291999816895,14.64888274904847,14.266789189569005,14.391914243632561,223955820
2008-05-20,14.393157958984375,14.489677447875184,14.251614685726036,14.294401216311881,132411456
2008-05-21,13.681462287902832,14.46306119066691,13.629223355123527,14.391169498329528,258465276
2008-05-22,13.6682767868042,13.786436969796593,13.439170616502862,13.73021838285631,202848948
2008-05-23,13.54787826538086,13.756337234896472,13.378473595020916,13.606087628466897,177082740
2008-05-27,13.952857971191406,13.995145862761706,13.528724866093063,13.556336940558811,154465380
2008-05-28,14.135443687438965,14.216291020286874,13.957831341011357,14.127982067223378,161853984
2008-05-29,14.502612113952637,14.574254475204665,14.258828249646463,14.298381188374824,193606200
2008-05-30,14.572265625,14.674753654287482,14.46032330229109,14.514303686929914,128878992
2008-06-02,14.303605079650879,14.524751925551042,14.210818772054127,14.490174031157144,146821032
2008-06-03,14.112062454223633,14.440423060342981,13.945642053373522,14.340919300555626,172039788
2008-06-04,14.234451293945312,14.378232768439712,14.043653362610245,14.063055851160895,134393472
2008-06-05,14.584702491760254,14.627987666085797,14.333706307996545,14.355346999181467,156511332
2008-06-06,14.104598999023438,14.445895863273709,14.104598999023438,14.421765753495345,189190620
2008-06-09,13.877482414245605,14.179226331771181,13.56728148778112,14.130968009044572,211320468
2008-06-10,13.785443305969238,13.901115024561777,13.601610232178922,13.670766027810105,146149704
2008-06-11,13.562307357788086,13.864298720806016,13.543898360178703,13.836935967471794,152363484
2008-06-12,13.755095481872559,13.880718242063772,13.604098848540357,13.65086504109028,219444336
2008-06-13,14.216788291931152,14.321018721534447,13.963802290907834,13.967532627159086,247128624
2008-06-16,14.249128341674805,14.405596754560369,14.092161286624737,14.092161286624737,141570288
2008-06-17,14.165793418884277,14.379974447434133,14.138928361397625,14.337187916342614,138377484
2008-06-18,13.989672660827637,14.154101329536912,13.909572341642914,14.042657654494393,135112752
2008-06-19,13.935443878173828,14.024499854052166,13.701859406303711,13.814796171268414,227096676
2008-06-20,13.592903137207031,13.855343441941036,13.54514155941955,13.855343441941036,239084676
2008-06-23,13.562554359436035,13.760068787216024,13.483200107617675,13.5662856436043,145290564
2008-06-24,13.490165710449219,13.711312564561954,13.311060268742999,13.560813636357558,186717096
2008-06-25,13.706585884094238,13.875741234052166,13.524245904312648,13.556584650154939,164723112
2008-06-26,13.154840469360352,13.555589518740797,13.140909771996876,13.534942319790375,226153620
2008-06-27,13.13618278503418,13.184192735384908,12.813293970381705,13.126481066530717,217682100
2008-06-30,13.095137596130371,13.383199191725215,13.011555310647934,13.245636522203887,150461388
2008-07-01,13.30185604095459,13.351358125365895,12.86080704891915,12.92498779346728,198197604
2008-07-02,13.110560417175293,13.442403931941719,13.086182882588181,13.346134711064572,168751080
2008-07-03,13.358323097229004,13.413795612204101,13.122002751202581,13.206082725409402,95923980
2008-07-07,13.5302152633667,13.656834349538629,13.323497750589757,13.49016557606974,170037792
2008-07-08,13.79439640045166,13.8108155675605,13.432950998685499,13.581956836175944,197098704
2008-07-09,13.471508979797363,13.823004301678083,13.451111102778896,13.70061514358949,165993840
2008-07-10,13.44713020324707,13.669271487780119,13.202103519340014,13.557331065722963,173094732
2008-07-11,13.278721809387207,13.420514410454745,12.921256037549265,13.345886825470666,199056744
2008-07-14,12.975733757019043,13.434443786433537,12.822249612675844,13.408075474924281,176815008
2008-07-15,12.838170051574707,13.122003617001155,12.465281460631983,12.84289672424398,242597160
2008-07-16,13.323498725891113,13.345887381514714,12.701602790439027,12.787175859238246,189498312
2008-07-17,13.269766807556152,13.359568855827927,13.047377124289952,13.28767716339226,351144504
2008-07-18,11.973237037658691,12.41254456545203,11.895375866815916,12.396872413255316,451244304
2008-07-21,11.661792755126953,12.04214297144627,11.584676700894772,11.9622919691956,235823940
2008-07-22,11.868510246276855,11.946619792736378,11.582190102971763,11.61005054912625,187472340
2008-07-23,12.169755935668945,12.369011820414741,11.893136575166517,11.980451090098443,195568236
2008-07-24,11.831445693969727,12.360057622219914,11.831445693969727,12.355828643370883,141494364
2008-07-25,12.238414764404297,12.267022226271688,11.977715913343685,12.10184558352018,127212660
2008-07-28,11.868760108947754,12.241151026593657,11.819256125669146,12.241151026593657,126273600
2008-07-29,12.017765045166016,12.121000086610263,11.890649215752896,11.922987960541992,111999888
2008-07-30,12.007567405700684,12.090155254932265,11.761544365715958,12.077218997736772,139488372
2008-07-31,11.784929275512695,11.962541654052913,11.72746597316694,11.805078782101038,114489396
2008-08-01,11.638408660888672,11.771743301128517,11.505074020648829,11.754082267728814,120195684
2008-08-04,11.517513275146484,11.76651964120966,11.490149573605324,11.644877488881388,99380520
2008-08-05,11.936670303344727,11.942392364710301,11.600349415861464,11.631692774862456,143236620
2008-08-06,12.098115921020508,12.183439669199768,11.754083136128123,11.899854453652447,134896968
2008-08-07,11.918511390686035,12.039905167158505,11.851097052779474,11.990153759291108,110841048
2008-08-08,12.313788414001465,12.332195515005106,11.833186467469273,11.944133403600501,149422428
2008-08-11,12.458815574645996,12.658816606199101,12.233439721496003,12.250604010352927,169402428
2008-08-12,12.50284481048584,12.590407703132943,12.388166590737228,12.487670351830669,110117772
2008-08-13,12.438663482666016,12.525977998131133,12.285677037785058,12.47771967638674,144874980
2008-08-14,12.57448673248291,12.627223354281652,12.3456289432519,12.380703584091941,116627256
2008-08-15,12.690407752990723,12.703093740271536,12.574735097033658,12.611799566522912,141686172
2008-08-18,12.395628929138184,12.686676690235709,12.326225713547755,12.682696084831273,133222644
2008-08-19,12.201598167419434,12.395132010083124,12.105328940292878,12.199856711695398,121738140
2008-08-20,12.064780235290527,12.355578661648766,12.004331725718549,12.306572377600723,159124716
2008-08-21,12.102839469909668,12.186672022915511,11.922241899539996,12.013038378889027,140423436
2008-08-22,12.203836441040039,12.31055344685892,12.176224368513243,12.226473467849095,91796112
2008-08-25,12.015275955200195,12.363289292389489,11.977714741586414,12.092392002947411,80491428
2008-08-26,11.795125961303711,12.026472218477092,11.706320259430289,12.026472218477092,132195672
2008-08-27,11.656317710876465,11.8117926147177,11.563283037616047,11.784428917882986,175308516
2008-08-28,11.785674095153809,11.852093048068257,11.699852651491033,11.753584667693465,121066812
2008-08-29,11.524727821350098,11.71676858821404,11.500847030549219,11.685425228035822,153774072
2008-09-02,11.57348346710205,11.99463230487316,11.478208680113333,11.86005294739491,244215540
2008-09-03,11.552586555480957,11.79835930216992,11.432436551967639,11.66005057213108,172411416
2008-09-04,11.200594902038574,11.523483737024039,11.179201634962682,11.442885714832684,193746060
2008-09-05,11.051090240478516,11.255321189071163,10.947358445013258,11.081936853097837,181190628
2008-09-08,10.44660758972168,11.267261694132754,10.386905143217144,11.244376293499739,360355284
2008-09-09,10.414519309997559,10.755815268219727,10.32347254767099,10.526709071638692,288894816
2008-09-10,10.30257511138916,10.559295233996949,10.191131437256384,10.559044964938517,248822928
2008-09-11,10.78989315032959,10.823226333390583,10.109041888356336,10.15804722267051,258597144
2008-09-12,10.887158393859863,10.994871743842818,10.671734537860845,10.701834135436238,240878880
2008-09-15,10.792630195617676,10.99437361490944,10.540139981135285,10.547355124850064,262433304
2008-09-16,11.018254280090332,11.176215777054257,10.584419476899518,10.59611197217974,279348372
2008-09-17,10.310786247253418,10.923973916017601,10.284665360737444,10.907556644017758,364710924
2008-09-18,10.92248249053955,10.924969065404643,10.21153063667996,10.513523874260223,343232424
2008-09-19,11.172982215881348,11.494377002662478,11.026960638925292,11.467761265809868,399839760
2008-09-22,10.700092315673828,11.296864619646168,10.67173417478891,11.296864619646168,176115708
2008-09-23,10.678449630737305,10.96502004606596,10.590141618646022,10.77745569781823,207959832
2008-09-24,10.823725700378418,11.06974682870266,10.699345766267028,10.705066879208418,169510320
2008-09-25,10.935418128967285,11.194126201521723,10.84536676537123,10.916512385913174,200611188
2008-09-26,10.722479820251465,10.874720190335475,10.473472542414966,10.646856855350494,211488300
2008-09-29,9.477694511413574,10.535164765292118,9.470479367815194,10.435661953260434,430085484
2008-09-30,9.96327018737793,10.574221584629878,9.759288557481637,9.850333417827684,123328548
2008-10-01,10.241878509521484,10.372725623179981,10.027450059955777,10.227699439788317,249142608
2008-10-02,9.713765144348145,10.198595092442105,9.602073095613362,10.193868419933265,239156604
2008-10-03,9.624709129333496,10.261281757022264,9.529185979217738,9.884413523200969,319396284
2008-10-06,9.234159469604492,9.353064764454121,8.884653040343709,9.303064987957027,448375176
2008-10-07,8.607288360595703,9.32794197122749,8.59136783428531,9.286896893958163,441733824
2008-10-08,8.410768508911133,8.930176341635239,8.112258194840578,8.213005710236047,472582944
2008-10-09,8.183652877807617,8.67097038120675,8.001810588506263,8.57022380525123,322677000
2008-10-10,8.258777618408203,8.504800666708952,7.718972310945666,7.790117461975442,423488088
2008-10-13,9.478191375732422,9.501325149405487,8.600820044149799,8.850574361675703,355863780
2008-10-14,9.022714614868164,9.81351651841423,8.880673647634215,9.7893873572158,311080608
2008-10-15,8.437137603759766,8.9304255454957,8.428679646422871,8.822215451779655,268587144
2008-10-16,8.781667709350586,8.868235211986992,7.6975788837495855,8.277682681024993,648938412
2008-10-17,9.267243385314941,9.602073052924345,9.043609967766637,9.42694632969155,569398032
2008-10-20,9.435900688171387,9.477195081684402,8.945101274252371,9.446597794149367,269865864
2008-10-21,9.023709297180176,9.546847444900786,9.00505192931034,9.263511599857143,231048720
2008-10-22,8.847588539123535,9.19634795187159,8.55728780726324,8.880424977170275,262137600
2008-10-23,8.764256477355957,8.905550454386175,8.407785100138884,8.797340347465704,258896844
2008-10-24,8.440123558044434,8.718236046117195,8.078180400545335,8.121215310296304,294065640
2008-10-27,8.196338653564453,8.53241209778097,8.099571737657953,8.328678853292727,247779972
2008-10-28,9.172964096069336,9.186894792612055,8.171960837445443,8.43415180900034,323891784
2008-10-29,8.905550003051758,9.228935597791743,8.765498846773434,9.099333176373133,389873736
2008-10-30,8.947589874267578,9.253811159561936,8.914753433158223,9.165751518384932,319236444
2008-10-31,8.939380645751953,9.25281515817095,8.812762510576356,8.859778019235314,296635068
2008-11-03,8.619229316711426,9.029680093566169,8.49335723954853,8.895101685861587,237941820
2008-11-04,9.127939224243164,9.262765992169392,8.594600690414161,8.792115117825833,293702004
2008-11-05,8.513504981994629,9.176196522174346,8.490370264382804,9.00878265577824,277582140
2008-11-06,8.239374160766602,8.567734753455337,8.104795764863658,8.457038093154786,342649008
2008-11-07,8.237384796142578,8.486391150563298,8.092855352934313,8.28663850862481,187064748
2008-11-10,7.92991828918457,8.195094473288314,7.698324136482322,8.159273766191902,322880796
2008-11-11,7.747827529907227,7.868226386828632,7.475686932883392,7.678922008337602,405458136
2008-11-12,7.238868236541748,7.773450104855268,7.158270690378775,7.513746637222092,401641956
2008-11-13,7.763251304626465,7.786136704774915,6.965234244646944,7.258022987836924,528858612
2008-11-14,7.712006092071533,8.08439792549628,7.526433004049334,7.543597290600754,380303316
2008-11-17,7.465736389160156,7.715489754921194,7.411755056768672,7.537378754908739,301450248
2008-11-18,7.398571014404297,7.555537588166154,7.098319716129233,7.501805579476487,333510156
2008-11-19,6.969712257385254,7.467477070893775,6.929909994163618,7.348073125195658,313070616
2008-11-20,6.4567718505859375,7.038370195051723,6.44383654105796,6.838118900506402,390784824
2008-11-21,6.528164863586426,6.700803583303813,6.151794338535991,6.530154692139347,409370220
2008-11-24,6.404034614562988,6.715232346888511,6.1943314159267056,6.698067112199486,401785812
2008-11-25,7.016229629516602,7.130907850877152,6.649809154744628,6.683640035836585,430417152
2008-11-26,7.265983581542969,7.34981519219228,6.870706317882264,6.972199436624915,254009736
2008-11-28,7.287624359130859,7.374442130342415,7.171205634598408,7.228420556511275,102517380
2008-12-01,6.61672306060791,7.148817846736275,6.616474687519646,7.131404238880073,228219552
2008-12-02,6.843591690063477,6.9100092153286505,6.531897201245432,6.7097593551960975,233354412
2008-12-03,6.95105504989624,6.999064999124745,6.600554170459303,6.712744389368196,235955808
2008-12-04,6.824436187744141,7.0520502072405336,6.685878137042386,6.878914263138761,195268536
2008-12-05,7.064488410949707,7.070707217925106,6.567718070296185,6.741848457562838,260587152
2008-12-08,7.5152387619018555,7.697579221413845,7.014985943942325,7.213744149987531,325446228
2008-12-09,7.611259937286377,7.910516341374046,7.388372573055835,7.405288013449716,275320404
2008-12-10,7.682155609130859,7.833400603256343,7.574940433766807,7.692603868864937,209270520
2008-12-11,7.468223571777344,7.783152128594928,7.408023905065599,7.566483571845673,246920832
2008-12-12,7.854794025421143,7.8724560060261,7.313495225598871,7.356032908101975,228655116
2008-12-15,7.728176116943359,7.922704374428935,7.589865493511271,7.811260702646199,269246484
2008-12-16,8.091611862182617,8.196588367069605,7.743102208774007,7.8239486028082155,282101616
2008-12-17,7.841858863830566,8.013252894805824,7.77170863001573,7.926437015367872,231356412
2008-12-18,7.718474864959717,7.968974309900957,7.6893697081208,7.878177349953845,190349460
2008-12-19,7.715738296508789,7.9052924747698174,7.686633614412502,7.73613712227782,224279496
2008-12-22,7.390859127044678,7.699070687877414,7.229664048920229,7.6756880685990225,156547296
2008-12-23,7.413496971130371,7.545089681159203,7.379913990137115,7.473447315558058,150956892
2008-12-24,7.536133766174316,7.620463064354081,7.422451888522228,7.499567465373483,76783140
2008-12-26,7.471706867218018,7.593597859749025,7.420710751598276,7.563995009943142,78285636
2008-12-29,7.398571014404297,7.497078907011302,7.253295987275637,7.4682230740454445,147927924
2008-12-30,7.540114402770996,7.63215559660029,7.430661022151376,7.482652053387812,153586260
2008-12-31,7.653051376342773,7.736385768045823,7.527677466123306,7.56723040959195,115356528
2009-01-02,7.993104934692383,8.005542550557188,7.599568625247532,7.6766842135818525,144275580
2009-01-05,8.160518646240234,8.239872908683076,7.835889296226782,7.9851444748960905,195364440
2009-01-06,8.31002140045166,8.477684594126034,8.11922348830509,8.283155398095406,256750992
2009-01-07,8.01026725769043,8.231662479878777,7.929172969771045,8.167234310703268,179600220
2009-01-08,8.089372634887695,8.089372634887695,7.894096888857053,7.917480455444014,143883972
2009-01-09,7.837630271911621,8.146836770093229,7.796087500900972,8.146836770093229,173446380
2009-01-12,7.778425216674805,7.9341480346407725,7.717231111462055,7.868476103878308,132039828
2009-01-13,7.818973064422607,7.97519262842414,7.721211235631263,7.755539335502563,177122700
2009-01-14,7.486880302429199,7.806036862596359,7.406779511054921,7.711509102998573,218497284
2009-01-15,7.437626361846924,7.551806415165309,7.134141450048477,7.4023033461285115,237142620
2009-01-16,7.4545416831970215,7.667976648622979,7.355784937440957,7.587627477723823,208767024
2009-01-20,7.0336432456970215,7.45031329634676,7.0336432456970215,7.441358118871106,201726072
2009-01-21,7.539369106292725,7.54981641812141,7.172947691240545,7.172947691240545,196783020
2009-01-22,7.624444007873535,7.6953398372821145,7.342103503784019,7.413994247620719,330349320
2009-01-23,8.077184677124023,8.257783214703394,7.567727338639226,7.6933500989962225,428882688
2009-01-26,8.056536674499512,8.159274022533955,7.974198151413904,8.080915156811264,184243572
2009-01-27,8.245842933654785,8.305297015083733,8.066489092818824,8.120717858589304,196894908
2009-01-28,8.673457145690918,8.764502942924604,8.36599212970826,8.407534897134408,307348344
2009-01-29,8.540371894836426,8.583406797016115,8.460519949394055,8.570719862134832,291060648
2009-01-30,8.421217918395996,8.676693379754974,8.358281874267929,8.574453710183692,186693120
2009-02-02,8.471961975097656,8.582161872908355,8.258775425716488,8.315741964429566,208067724
2009-02-03,8.468977928161621,8.532411654745319,8.304299939309756,8.521714548448124,261997740
2009-02-04,8.532411575317383,8.816991192543599,8.437136799788076,8.459524504499425,272423304
2009-02-05,8.799081802368164,8.84037430527142,8.383156388292935,8.480421951057062,290285424
2009-02-06,9.235899925231934,9.29883595737278,8.841866461383894,8.867239383106616,281242476
2009-02-09,9.422221183776855,9.477694651677899,9.136895477249594,9.235900596568444,198892908
2009-02-10,8.918235778808594,9.390628120491632,8.902812947625513,9.35281663579261,283863852
2009-02-11,8.906543731689453,9.079679672124254,8.781169364616746,8.92918075702218,209054736
2009-02-12,9.031171798706055,9.045351816786365,8.743359522383246,8.785150665387151,221789988
2009-02-13,8.897588729858398,9.029679607439759,8.836643471358721,9.009779424415832,165702132
2009-02-17,8.523954391479492,8.63415431347261,8.450072873659234,8.61972592184851,226988784
2009-02-18,8.783906936645508,8.790622490092154,8.47071984006611,8.637885360693048,240739020
2009-02-19,8.523457527160645,8.950325563796689,8.492859288658838,8.892365520979807,199348452
2009-02-20,8.618232727050781,8.67967662245625,8.333403797976562,8.409276083231159,248435316
2009-02-23,8.210518836975098,8.701567621993885,8.197831901146401,8.631916031457996,208635156
2009-02-24,8.59335708618164,8.69708982132737,8.231165610929562,8.234399200997391,243592164
2009-02-25,8.498579978942871,8.763755189961927,8.430916332413807,8.5112659646783,257306436
2009-02-26,8.387633323669434,8.768482136465474,8.387135629549004,8.606043307456419,223999776
2009-02-27,8.407784461975098,8.552810660916085,8.236638322521628,8.282410074699763,216583200
2009-03-02,8.138378143310547,8.4751966874269,8.109522310560692,8.291862278839478,231308460
2009-03-03,8.096587181091309,8.300818112505446,8.018726010767699,8.210766753229876,260731008
2009-03-04,7.933401584625244,8.18415033840412,7.845340999095891,8.03887483039448,312423264
2009-03-05,7.60305118560791,7.937381752877201,7.528423602541496,7.872704735417054,260934804
2009-03-06,7.675936698913574,7.716236180786832,7.319715178210559,7.6423541923478995,289078632
2009-03-09,7.236132621765137,7.626185507025552,7.200310490435974,7.462253574978532,258593148
2009-03-10,7.665987014770508,7.723947058821656,7.319715567100555,7.419218856660886,268938792
2009-03-11,7.90827751159668,7.960267593236751,7.60479166082462,7.71399666496649,236707056
2009-03-12,8.048078536987305,8.084646259634212,7.802305786682202,7.899072224517124,200763036
2009-03-13,8.070219993591309,8.145842972703436,7.936139272327183,8.112011141001165,156099744
2009-03-16,7.952555179595947,8.202309476652738,7.925192429582673,8.109273851434379,197674128
2009-03-17,8.341864585876465,8.341864585876465,7.937631633628163,7.964746963985865,188311500
2009-03-18,8.286140441894531,8.457783288934733,8.160516761797439,8.328677646078454,200287512
2009-03-19,8.207533836364746,8.358281143757003,8.143851730430939,8.250817115999226,164283552
2009-03-20,8.213005065917969,8.283403660637738,8.11797961869648,8.216487976692136,189326484
2009-03-23,8.671716690063477,8.692860633521525,8.284398778892033,8.297583407909901,170689140
2009-03-24,8.636143684387207,8.80206543932297,8.557288072794197,8.619477091766006,152647200
2009-03-25,8.559029579162598,8.739876492237688,8.364501288874756,8.716494343612926,173278548
2009-03-26,8.788384437561035,8.934406015993961,8.669228865326708,8.784403832055462,239891868
2009-03-27,8.649328231811523,8.75629455685453,8.593854766640773,8.706542204562181,132779088
2009-03-30,8.524700164794922,8.552561558698258,8.359525422041079,8.52121725355978,123640236
2009-03-31,8.658281326293945,8.79385508652103,8.611515147654933,8.67992390835688,146065788
2009-04-01,8.808284759521484,8.836892221828958,8.472959266934865,8.551814883121374,131915952
2009-04-02,9.017491340637207,9.198088914870242,8.96326163535758,9.037639896812598,179340480
2009-04-03,9.198586463928223,9.246845734326223,8.905548878349064,9.067242603287385,151440408
2009-04-06,9.160277366638184,9.199581934336583,8.990126631298589,9.129431703876298,131080788
2009-04-07,8.92171859741211,9.048585104715835,8.83863306036706,9.019977644405849,147056796
2009-04-08,9.005053520202637,9.079681108888547,8.86102176212478,9.042367314545592,110497392
2009-04-09,9.26624870300293,9.312268821320064,9.110773793030706,9.1916211254118,135168696
2009-04-13,9.405801773071289,9.430429576708537,9.21152187586147,9.237145067843885,121881996
2009-04-14,9.176944732666016,9.377941126939493,9.094605262523903,9.376697365529056,137006856
2009-04-15,9.440380096435547,9.479186023823882,9.058785159155615,9.131920610142675,197030772
2009-04-16,9.670230865478516,9.773714270728513,9.478190138613346,9.49013005753241,406996596
2009-04-17,9.757298469543457,9.945857261936156,9.57247096162396,9.60257055850115,428802768
2009-04-20,9.435404777526855,9.717745264290555,9.35057872934646,9.605803889153252,176978844
2009-04-21,9.489384651184082,9.55978325226354,9.355801644285327,9.357543099829732,147668184
2009-04-22,9.54883861541748,9.701576698793355,9.428190905931281,9.496350363326743,139931928
2009-04-23,9.569485664367676,9.69535773897053,9.480429687983476,9.639634949463566,104255640
2009-04-24,9.688889503479004,9.780681374911383,9.465256072585953,9.603316439381244,135280584
2009-04-27,9.600829124450684,9.688889713390136,9.521226492865125,9.560779435554707,91532376
2009-04-28,9.545106887817383,9.677943833034607,9.491126503627845,9.546101328178011,117626256
2009-04-29,9.738142967224121,9.825208155187138,9.597842519845466,9.601325430720404,144255600
2009-04-30,9.85008430480957,10.043619081756889,9.820980097734191,9.844860885996328,174053772
2009-05-01,9.793368339538574,9.890384578211393,9.740134021412814,9.826702474134889,97010892
2009-05-04,9.999589920043945,10.010037706840514,9.820732834941976,9.904812823540846,127991880
2009-05-05,10.024713516235352,10.07471329542439,9.881925530322311,9.949837560004816,95935968
2009-05-06,10.036653518676758,10.15630678415846,9.975210564827616,10.11924136538246,105210684
2009-05-07,9.866004943847656,10.074464860361763,9.76376528829924,10.052325527445577,119872008
2009-05-08,10.132674217224121,10.202326754079866,9.825955250758895,10.02123053745049,154449396
2009-05-11,10.148844718933105,10.24884523107973,9.980186105862014,10.019987422635417,102269628
2009-05-12,9.925707817077637,10.223720466455234,9.828692524209186,10.199342930680524,151480368
2009-05-13,9.690132141113281,9.860532182263942,9.660529294449256,9.803317265443226,113598288
2009-05-14,9.639387130737305,9.756552881713908,9.569486214721877,9.671725879083219,117362520
2009-05-15,9.701577186584473,9.803816851812705,9.678940157349292,9.728939940964649,120227652
2009-05-18,9.871726989746094,9.883418536908746,9.587147356453473,9.819238740066234,133933932
2009-05-19,9.922473907470703,9.991131056766157,9.776203957584725,9.85331811600512,113386500
2009-05-20,9.880184173583984,10.091380937483372,9.825955415315434,10.002324962214788,91268640
2009-05-21,9.863268852233887,10.02098197148027,9.797099227891188,9.858292858563761,108683208
2009-05-22,9.788640975952148,9.916751242348743,9.751327186478818,9.867248212128276,68675256
2009-05-26,10.058793067932129,10.074713594193476,9.701576615439015,9.750085209507915,124055820
2009-05-27,10.088644027709961,10.245361763244036,10.069986657866473,10.090633856443333,121250628
2009-05-28,10.209044456481934,10.239393376878578,10.065012693142648,10.166257920179623,106645248
2009-05-29,10.378946304321289,10.378946304321289,10.216507431783617,10.251582078824027,105822072
2009-06-01,10.61103630065918,10.686658318649007,10.411283675586501,10.416258721034229,132763104
2009-06-02,10.656808853149414,10.695614779374296,10.532429863568781,10.603325214557612,104839056
2009-06-03,10.737653732299805,10.757803235625204,10.54735444754137,10.597105851164999,141170688
2009-06-04,10.952333450317383,10.976214240003706,10.808551017999708,10.82845120207717,145378476
2009-06-05,11.052831649780273,11.127957878201299,10.93193461880746,11.071489020332896,147084768
2009-06-08,10.91477108001709,10.968253771714314,10.799098418262588,10.93292980805049,123824052
2009-06-09,10.836410522460938,10.95780618511813,10.74039062585928,10.91004366191221,130065804
2009-06-10,10.761285781860352,10.89287895571486,10.61377208354695,10.851585510144714,134221644
2009-06-11,10.671733856201172,10.789396342838785,10.656061703660098,10.740639377590025,114493392
2009-06-12,10.56825065612793,10.639395328762959,10.477950919330452,10.61849975693931,116619264
2009-06-15,10.367502212524414,10.485164696880576,10.298595744482741,10.485164696880576,149326524
2009-06-16,10.348347663879395,10.474966753513895,10.333920220329782,10.430687138509045,121866012
2009-06-17,10.327451705932617,10.44088616126797,10.23789898686904,10.353073949817723,139464396
2009-06-18,10.300088882446289,10.415263844590006,10.273719623495314,10.340386942151026,123284592
2009-06-19,10.450089454650879,10.459293478199918,10.313023541697811,10.40332326969659,170193636
2009-06-22,10.133171081542969,10.385411948908347,9.997348930194098,10.371978947214995,164811024
2009-06-23,10.091629028320312,10.173968499776674,10.013767856404113,10.115758189665728,115868016
2009-06-24,10.181429862976074,10.254565308401594,10.113519732207909,10.167749435577624,98213688
2009-06-25,10.34262752532959,10.345861115583523,10.112276642241714,10.124465883955306,121658220
2009-06-26,10.580191612243652,10.65257909895541,10.276456907035877,10.29063597746304,130137732
2009-06-29,10.550836563110352,10.641882363008703,10.503573629574339,10.597106004301496,86685228
2009-06-30,10.48740291595459,10.627205680937186,10.403572258767099,10.54735468109305,103652244
2009-07-01,10.422727584838867,10.60705835719554,10.401832011386944,10.552330952450982,92339568
2009-07-02,10.161529541015625,10.333671045793698,10.1197384001973,10.333671045793698,100603296
2009-07-06,10.18939208984375,10.215013387617798,9.991629267757045,10.112028606336722,90413496
2009-07-07,9.86650276184082,10.178942815436358,9.850331968429067,10.155310401966922,130241628
2009-07-08,10.012274742126465,10.09958925902695,9.90207482538347,9.950334095910074,137510352
2009-07-09,10.208793640136719,10.309790479258657,10.094614067672408,10.102574330283934,130892976
2009-07-10,10.30854606628418,10.38242852963197,10.166754417682863,10.18864537749126,116946936
2009-07-13,10.554817199707031,10.56028993951994,10.327949240530458,10.35257704368299,161666172
2009-07-14,10.564519882202148,10.615266679649753,10.469493468046837,10.540140449911325,115716168
2009-07-15,10.899845123291016,10.912532059346775,10.659047399268955,10.688151607880465,150928920
2009-07-16,11.010045051574707,11.088404869847272,10.798600857154208,10.862780656775191,261917820
2009-07-17,10.702829360961914,10.83292946833444,10.614519450424835,10.771238139494217,273889836
2009-07-20,10.700839042663574,10.76750636835317,10.603326051232235,10.693625794442143,126013860
2009-07-21,10.644369125366211,10.743871926942637,10.590140373423814,10.719991140805636,118609272
2009-07-22,10.639145851135254,10.701584187026388,10.534915427946649,10.646856792228089,103364532
2009-07-23,10.87919807434082,10.975468249049891,10.584668332827242,10.663774219454519,138988872
2009-07-24,11.112533569335938,11.20631621585937,10.820989061089369,10.841137617304081,144930924
2009-07-27,11.064770698547363,11.113278337222747,10.885913652506115,11.095616357974352,100075824
2009-07-28,10.94163703918457,11.015269235359074,10.848352084501288,10.970243553137628,101198700
2009-07-29,10.851835250854492,10.890642126606824,10.743625155913573,10.876463055846914,79400520
2009-07-30,11.085667610168457,11.230693797629982,11.01029395990092,11.01029395990092,127816056
2009-07-31,11.021238327026367,11.261290919264018,11.005816443664578,11.19362915979363,114301584
2009-08-03,11.249102592468262,11.29114210792939,11.135418816397952,11.162782515802304,103508388
2009-08-04,11.28691291809082,11.293628471285002,11.155071365227919,11.178453510842612,95496408
2009-08-05,11.222484588623047,11.366017686221916,11.141388881433894,11.343380660189188,93586320
2009-08-06,11.203081130981445,11.315519245704978,11.157557757933153,11.301091803243931,84351564
2009-08-07,11.370744705200195,11.428456372892171,11.318256456296332,11.33517237006314,101622276
2009-08-10,11.358555793762207,11.40333215433948,11.288405561798164,11.321988069228349,69610320
2009-08-11,11.29213809967041,11.373978933188868,11.253331224261673,11.28542065001372,68431500
2009-08-12,11.407562255859375,11.486417877822525,11.316516443196024,11.328706633896225,93562344
2009-08-13,11.499602317810059,11.560299204243194,11.415769761840622,11.49636777962289,79728192
2009-08-14,11.442885398864746,11.521990336244762,11.365521917173712,11.512040244295086,66936996
2009-08-17,11.067009925842285,11.243628786707395,11.022980582155828,11.231439545645484,104703192
2009-08-18,11.076711654663086,11.136911792779006,11.003079462046365,11.072235251151703,93949956
2009-08-19,11.044123649597168,11.069745891102194,10.90954526242326,10.945118542446792,90109800
2009-08-20,11.453085899353027,11.497115250008623,11.22472482110076,11.243878939520318,159796044
2009-08-21,11.573233604431152,11.594377547591405,11.508805438676116,11.580696172605359,142277580
2009-08-24,11.660052299499512,11.693883182794641,11.552836640046136,11.625722773992562,98037864
2009-08-25,11.725722312927246,11.799852196271083,11.659801064951445,11.67000047688408,93546360
2009-08-26,11.641892433166504,11.766271431369262,11.60955368507621,11.76030099677035,79432488
2009-08-27,11.593631744384766,11.656318456062234,11.461044125768275,11.656318456062234,79876044
2009-08-28,11.561043739318848,11.75059790578852,11.526964487438823,11.673234430102827,70793136
2009-08-31,11.484427452087402,11.489154125053629,11.393133271047205,11.437661260597261,78237684
2009-09-01,11.337410926818848,11.612538167288859,11.304077740398085,11.434924859131723,103692204
2009-09-02,11.269002914428711,11.401342165563454,11.258554180718058,11.33890382432607,72119808
2009-09-03,11.38119125366211,11.399351876381159,11.318504541863819,11.338903366297107,65782152
2009-09-04,11.475223541259766,11.50756323704232,11.337909234678554,11.382437224671001,59908032
2009-09-08,11.40855598449707,11.616765624790139,11.339400196162078,11.549601561078749,106161732
2009-09-09,11.541641235351562,11.59885520753173,11.413032325507436,11.419501401546032,87728184
2009-09-10,11.715025901794434,11.715025901794434,11.492636238570661,11.608308895735265,101282616
2009-09-11,11.744877815246582,11.773733650965715,11.632687114697399,11.701594535662357,76039884
2009-09-14,11.819007873535156,11.860799967085041,11.692887421547479,11.704330596351623,78948972
2009-09-15,11.879205703735352,11.913285903133506,11.759056648049084,11.81801207504689,95828076
2009-09-16,12.146620750427246,12.173486753993544,11.902589464681443,11.935424953937822,103308588
2009-09-17,12.231945991516113,12.37249578139506,12.118264104489226,12.20334042491669,179144676
2009-09-18,12.225478172302246,12.362793416707474,12.219757059281198,12.357569049870856,131208660
2009-09-21,12.363289833068848,12.410554662463001,12.095129375665568,12.132939911996464,84571344
2009-09-22,12.414535522460938,12.48742165427569,12.38344148430624,12.460804968017477,121526352
2009-09-23,12.399609565734863,12.61204913952653,12.38095219608452,12.4573212343276,108059832
2009-09-24,12.35756778717041,12.472992060066218,12.263785150697462,12.449608020220289,101002896
2009-09-25,12.25085163116455,12.436177781597452,12.238911710426818,12.295878261992666,81902016
2009-09-28,12.401350975036621,12.475231542126666,12.271249926112265,12.309558157642902,73498428
2009-09-29,12.401350975036621,12.431698943756995,12.264036678556794,12.426226203825632,83884032
2009-09-30,12.334683418273926,12.441400422899703,12.120502393781948,12.437918459729548,125542332
2009-10-01,12.119507789611816,12.35010704850238,12.114532743627802,12.263786967115092,112415472
2009-10-02,12.054333686828613,12.23244469583264,12.005079024646179,12.033438114262353,103927968
2009-10-05,12.152342796325684,12.249607398604086,12.023486466179836,12.130700211263004,85698216
2009-10-06,12.406574249267578,12.42224640161309,12.231448469483151,12.231448469483151,109182708
2009-10-07,12.874239921569824,12.910309950884166,12.383440476989758,12.413041430111795,194773032
2009-10-08,12.790657043457031,13.016281249737858,12.769761471742212,12.924737751951216,171979848
2009-10-09,12.84214973449707,12.972996841393464,12.798616191230611,12.852099825305936,109414476
2009-10-12,13.035932540893555,13.078719070982554,12.918519378218566,13.020510657801255,132755112
2009-10-13,13.087427139282227,13.121009647368089,12.969764648425459,13.04464060660905,121374504
2009-10-14,13.31653118133545,13.322999309275968,13.184191937528263,13.245387461922858,130205664
2009-10-15,13.181953430175781,13.355835437444563,13.116281503942588,13.277476576692727,243771984
2009-10-16,13.677977561950684,13.799869968914527,13.545638317805775,13.615290850931155,353322324
2009-10-19,13.733699798583984,13.771262910064094,13.65011751479188,13.748625883538919,128587284
2009-10-20,13.724496841430664,13.755095080969689,13.450364978990585,13.722507012611617,161586252
2009-10-21,13.709073066711426,13.914299389774007,13.656834138871456,13.679471165600258,146677176
2009-10-22,13.78345012664795,13.806088099393996,13.63195677511185,13.681709123757496,93366540
2009-10-23,13.773500442504883,13.877979240156842,13.71155979992128,13.812307313513045,95612292
2009-10-26,13.786437034606934,13.971264539287988,13.703849187471462,13.824746215045089,118697184
2009-10-27,13.639172554016113,13.79514422279814,13.536435202955914,13.70583987471396,128531340
2009-10-28,13.440414428710938,13.681710789449376,13.389419260528948,13.628723896538325,102609288
2009-10-29,13.707829475402832,13.727232912265144,13.457827737936764,13.507827516636636,100803096
2009-10-30,13.336432456970215,13.685937938911117,13.289665322399703,13.681709908582848,138601260
2009-11-02,13.283448219299316,13.419518756458638,13.140411859579475,13.360314004638807,127955916
2009-11-03,13.365537643432617,13.370761062079529,13.141904226179907,13.184441434547526,95112792
2009-11-04,13.441161155700684,13.569768174321966,13.343896546208322,13.452852702848073,93214692
2009-11-05,13.648127555847168,13.675988000848962,13.499120768740699,13.51976796640442,73834092
2009-11-06,13.709073066711426,13.725988032493996,13.569767995152986,13.624993087999686,72994932
2009-11-09,13.99290657043457,13.994648026020142,13.786935128960083,13.8172830972023,105890004
2009-11-10,14.098628997802734,14.14887904762988,13.980220439052765,13.998379167229025,89142768
2009-11-11,14.193157196044922,14.266292644236428,14.076240776164866,14.191166419340378,92695212
2009-11-12,14.125741958618164,14.25136564858406,14.067285174395453,14.16828011413259,75376548
2009-11-13,14.230222702026367,14.241664928203486,14.094897284728628,14.161564605019091,66605328
2009-11-16,14.335447311401367,14.353109293677914,14.248382109520492,14.303606258279975,87880032
2009-11-17,14.365548133850098,14.365796506961884,14.27176548040412,14.30037294374149,76591332
2009-11-18,14.34465217590332,14.397637174344046,14.230720019823707,14.34465217590332,61922016
2009-11-19,14.253606796264648,14.27873040019296,14.179227580952022,14.273010234692112,86633280
2009-11-20,14.178231239318848,14.219027942298471,14.164301490194122,14.16678901310846,80167752
2009-11-23,14.486443519592285,14.592166089082928,14.324999108758686,14.340671261756896,101798100
2009-11-24,14.504850387573242,14.534701608573538,14.341913855430368,14.490671318295036,64143792
2009-11-25,14.570772171020508,14.603607662135527,14.494900828355165,14.587438763661128,58389552
2009-11-27,14.422015190124512,14.489179257123181,14.203356805763711,14.228978102306684,55328616
2009-11-30,14.502612113952637,14.519277757910276,14.356092853497302,14.443655739472003,68934996
2009-12-01,14.67350959777832,14.707091156329037,14.502612796044652,14.630225372906278,92719188
2009-12-02,14.614802360534668,14.751619916728295,14.582712934817847,14.701620135913458,66461472
2009-12-03,14.570772171020508,14.712813138070999,14.552364122792559,14.652862320791389,57090852
2009-12-04,14.552614212036133,14.796895809469213,14.407588010874614,14.751869175944124,100443456
2009-12-07,14.58345890045166,14.64415578412937,14.452861109112188,14.532712108002357,65382552
2009-12-08,14.60335922241211,14.693161261377426,14.477736475486784,14.51505026593864,60899040
2009-12-09,14.652364730834961,14.66007662049401,14.517040264093781,14.614553245777703,71168760
2009-12-10,14.714056015014648,14.793907958220885,14.68694163846882,14.68768770567886,66665268
2009-12-11,14.689430236816406,14.79490348188299,14.620275394515827,14.793162026272821,68731200
2009-12-14,14.819283485412598,14.858587109260087,14.741670678176275,14.809831087115846,76459464
2009-12-15,14.754853248596191,14.83545126710909,14.7013715053308,14.75883385409767,91124784
2009-12-16,14.869778633117676,14.934704493422393,14.841918188828233,14.890675151320819,112263624
2009-12-17,14.77475357055664,14.866794758355432,14.77027621910312,14.83694353669126,105446448
2009-12-18,14.836445808410645,14.898885099465232,14.801122792788005,14.826745037661967,141118740
2009-12-21,14.89266586303711,14.921521697329347,14.817789907331004,14.86604823055058,102745152
2009-12-22,14.953362464904785,14.962815810090284,14.896893610846968,14.958835204751946,75156768
2009-12-23,15.216050148010254,15.245652047091879,14.996396397074887,15.012566242480487,82825092
2009-12-24,15.38520622253418,15.411077786830358,15.230727643943453,15.247145863211546,34313652
2009-12-28,15.494410514831543,15.572023310571407,15.385205990420587,15.464311868610773,67848084
2009-12-29,15.408092498779297,15.543416961593952,15.380480427042174,15.540929438806222,56935008
2009-12-30,15.490930557250977,15.490930557250977,15.373517382123666,15.385705676440503,58565376
2009-12-31,15.42251968383789,15.557347398234851,15.42251968383789,15.54117755239573,48743208
2010-01-04,15.59092903137207,15.659587124273036,15.528491641344644,15.595904076888733,78169752
2010-01-05,15.522273063659668,15.618045541085314,15.461327803469647,15.601627320841867,120067812
2010-01-06,15.130976676940918,15.568791151101962,15.08371279213737,15.568791151101962,158988852
2010-01-07,14.77873420715332,15.174260787437923,14.742665124072243,15.159334701622333,256315428
2010-01-08,14.975751876831055,15.006348219722405,14.654603561149669,14.726495250057752,188783028
2010-01-11,14.95311450958252,15.036448423049562,14.777241710294271,15.036448423049562,288227484
2010-01-12,14.688684463500977,14.879730774458634,14.626992188590338,14.867043838749717,193937868
2010-01-13,14.604354858398438,14.636444282656315,14.27624262833667,14.340670797933068,259604136
2010-01-14,14.673012733459473,14.781222827765083,14.49788694336904,14.525001323224219,169434396
2010-01-15,14.427985191345215,14.76530144273126,14.37922727868207,14.759827754870996,217162620
2010-01-19,14.617538452148438,14.687190988152832,14.335695666002014,14.457836451094401,172495332
2010-01-20,14.438183784484863,14.576741842119878,14.310820527770838,14.576741842119878,129897972
2010-01-21,14.502116203308105,14.597639363391785,14.235198534304486,14.513559378106347,252055692
2010-01-22,13.68195915222168,14.19415187947107,13.305089947775421,14.042410136507742,271743984
2010-01-25,13.432951927185059,13.678725640841987,13.321258923625773,13.596882912667182,176619204
2010-01-26,13.49315071105957,13.671759403708696,13.340662904557817,13.382454047220252,174045780
2010-01-27,13.485190391540527,13.623251702383095,13.316283418003325,13.464543193387932,158417424
2010-01-28,13.290909767150879,13.607082058401504,13.199117903367359,13.544643721182542,129034836
2010-01-29,13.182700157165527,13.457578064227105,13.074987764875065,13.395389045844691,165454380
2010-02-01,13.259316444396973,13.328720600257167,13.191654691947026,13.298620059951304,89941968
2010-02-02,13.212053298950195,13.307576447458407,13.124738785896437,13.307576447458407,163684152
2010-02-03,13.453350067138672,13.485191119893772,13.140163906675122,13.151109387058305,119844036
2010-02-04,13.104093551635742,13.383199502558933,13.073744634232806,13.358324273201369,134972892
2010-02-05,13.216282844543457,13.27125861630802,12.996630026552417,13.144391159008599,126113760
2010-02-08,13.270512580871582,13.482704741957676,13.222254254825277,13.24638341784843,107664228
2010-02-09,13.344393730163574,13.471011872218998,13.310313527963203,13.42150883804094,112671216
2010-02-10,13.294890403747559,13.377974990195737,13.126728558296472,13.285437058973175,106873020
2010-02-11,13.343398094177246,13.44514100469969,13.17175522085608,13.266780681912305,96303600
2010-02-12,13.261804580688477,13.362054400688592,13.196630347827883,13.258074244596747,91096812
2010-02-16,13.465290069580078,13.535688672251123,13.291158731035877,13.355090153525913,146029824
2010-02-17,13.388422966003418,13.517529568807715,13.373497829396099,13.482703302068442,81106812
2010-02-18,13.513051986694336,13.557579973787412,13.336930815033096,13.371757083620912,93382524
2010-02-19,13.45185661315918,13.533199744775553,13.425488303181911,13.446135500424582,102021876
2010-02-22,13.502604484558105,13.61952090727716,13.45782812343001,13.615788674859967,85698216
2010-02-23,13.31031322479248,13.523250494441609,13.241159329563361,13.507579289719992,114789096
2010-02-24,13.220760345458984,13.394144671608029,13.196879557036974,13.283198686478688,92970936
2010-02-25,13.095386505126953,13.146630043594195,12.935434238759347,13.112549843651593,132235632
2010-02-26,13.104589462280273,13.227725631704718,13.02200162050335,13.120013241085248,81890028
2010-03-01,13.25110912322998,13.266035208330313,13.127973898093918,13.164292300525092,89426484
2010-03-02,13.459319114685059,13.573748004731614,13.30882114489589,13.320511743386898,174097728
2010-03-03,13.565292358398438,13.634943950125876,13.414295731311775,13.49165921310363,123452424
2010-03-04,13.795888900756836,13.834197129098067,13.58718062945327,13.594643197468667,127224648
2010-03-05,14.03519344329834,14.12126514008516,13.92797969988135,13.964049726436429,156331512
2010-03-08,13.992158889770508,14.059324847215095,13.955592116168017,14.049373808340615,95360544
2010-03-09,13.935194969177246,14.04639027420496,13.843402152793665,13.926736064297605,126936936
2010-03-10,14.339676856994629,14.390672025657052,13.985443728450946,14.024001282314957,225969804
2010-03-11,14.456344604492188,14.582465057744292,14.283705384241179,14.285198466877016,169162668
2010-03-12,14.416542053222656,14.633956670135209,14.407088707971866,14.630473758938718,110025864
2010-03-15,14.009572982788086,14.16554464438412,13.830964294848663,14.096638177035318,185969844
2010-03-16,14.059823036193848,14.139923361618624,13.949374740855783,13.97599142630405,137122740
2010-03-17,14.068777084350586,14.215296342130282,14.036189020287678,14.136936533328331,132731136
2010-03-18,14.08967399597168,14.140420790929873,14.004100932003393,14.047881904366216,71016912
2010-03-19,13.93046760559082,14.129474163786409,13.862804901809898,13.93046760559082,191576232
2010-03-22,13.868277549743652,14.100866611220647,13.788177232851464,13.833700604855485,160031808
2010-03-23,13.656834602355957,13.888428296293334,13.482704204987177,13.856836565427747,219831948
2010-03-24,13.864048957824707,13.926735669492773,13.425488453253072,13.570015991600746,262345392
2010-03-25,14.00210952758789,14.228976522824366,13.89713303818691,13.906087740531962,157078764
2010-03-26,13.997384071350098,14.114300490030951,13.93096607323431,14.061563867679588,107740152
2010-03-29,13.991413116455078,14.047881021003851,13.944646929919132,14.005095439699083,124055820
2010-03-30,14.097386360168457,14.120271761493012,13.937434080035514,14.000867812864776,79036884
2010-03-31,14.107583045959473,14.172758226275716,14.000368352817175,14.056090188482234,121110768
2010-04-01,14.149375915527344,14.265049527175664,14.068529521914888,14.21280964811082,84023892
2010-04-05,14.204351425170898,14.300619694793387,14.1543497522882,14.201614581306792,75983940
2010-04-06,14.134946823120117,14.201365765159807,14.064796597009405,14.165792483969458,82321596
2010-04-07,14.018529891967773,14.148132306652876,13.976738746656222,14.112063222703735,103136760
2010-04-08,14.11678695678711,14.175494956809866,13.93171109823227,14.013055175448963,77822100
2010-04-09,14.085196495056152,14.148629277090105,14.029971401017805,14.116788225531268,82181736
2010-04-12,14.247138977050781,14.278729760380049,14.08519687094741,14.11330663890082,94001904
2010-04-13,14.596395492553711,14.648883745182657,14.207337980205832,14.242163302568514,156335508
2010-04-14,14.651867866516113,14.734952456551547,14.527737253645379,14.678235229422969,135971892
2010-04-15,14.808586120605469,14.871771482188365,14.6342073394477,14.730724941602766,270201528
2010-04-16,13.685441970825195,14.14962379591699,13.672506662056307,14.00509624963788,488930580
2010-04-19,13.684196472167969,13.780964331240924,13.55733091471333,13.650613966729335,155604240
2010-04-20,13.807084083557129,13.922010675635514,13.708078017308264,13.785442444628814,118976904
2010-04-21,13.788675308227539,13.93668670562134,13.735440993540934,13.842406369079146,95564340
2010-04-22,13.608574867248535,13.743899333442148,13.516285304748296,13.73146171919294,131096772
2010-04-23,13.557082176208496,13.664795526843369,13.489420411528691,13.613302662020356,83492424
2010-04-26,13.22498893737793,13.557080815793165,13.164540426829769,13.55658406962321,174577248
2010-04-27,13.160810470581055,13.391408770829896,13.115287095550224,13.158073626622912,153634212
2010-04-28,13.164043426513672,13.304342933184731,12.961056260784407,13.236431855531842,136107756
2010-04-29,13.233943939208984,13.345886259930412,13.101356316324084,13.2680250879866,122233644
2010-04-30,13.077226638793945,13.375238312158801,13.070758510816109,13.212302727197564,97318584
2010-05-03,13.199118614196777,13.256830282147748,13.061803370742158,13.097128280937255,74237688
2010-05-04,12.5963773727417,13.103098314039764,12.542646307917739,13.097625573920343,242808948
2010-05-05,12.680706977844238,12.828966762805754,12.44961002183072,12.462296958044002,183104712
2010-05-06,12.40483283996582,12.873742274789413,11.442884808986737,12.655580642507516,199803996
2010-05-07,12.2672700881958,12.570257764701106,11.973485487815893,12.437171500682574,203356440
2010-05-10,12.976480484008789,13.005585640978584,12.751354910374637,12.785434165403856,164954880
2010-05-11,12.663043975830078,12.932449143906076,12.642396778006486,12.827722916267517,132771096
2010-05-12,12.571998596191406,12.737423609410545,12.48767024248049,12.737423609410545,153917928
2010-05-13,12.708566665649414,12.985185066226295,12.69587973114087,12.848367526361466,132898968
2010-05-14,12.625232696533203,12.711303452385646,12.34463367119217,12.680954535862785,164475360
2010-05-17,12.636178016662598,12.645879734903694,12.396872442674802,12.606576115763978,111640248
2010-05-18,12.397370338439941,12.710805804303961,12.365031593106703,12.68667664284156,112906980
2010-05-19,12.299359321594238,12.423986678834583,12.132939874870454,12.344881747294473,137690172
2010-05-20,11.816271781921387,12.07920978903554,11.786172184771498,12.066522852918348,196335468
2010-05-21,11.74263858795166,12.06478134763314,11.552339286920633,11.668260323233152,387244368
2010-05-24,11.869752883911133,12.183934391613159,11.860798181489868,11.958559528853089,173650176
2010-05-25,11.867514610290527,11.876967006786469,11.542635998682016,11.645620763834613,120575304
2010-05-26,11.827714920043945,12.183189919421842,11.816022424371328,11.991895229801475,138884976
2010-05-27,12.200603485107422,12.246623608377538,11.966521315193459,12.063537555698977,112251636
2010-05-28,12.080451965332031,12.274982131567752,12.015028407380022,12.257319202383949,115676208
2010-06-01,11.999356269836426,12.21552807493836,11.943386057124949,11.951097946835622,106565328
2010-06-02,12.272991180419922,12.285428794610421,11.976720005686673,12.10657173139993,101530368
2010-06-03,12.57722282409668,12.63692526916796,12.306076194374826,12.316274658982735,145881972
2010-06-04,12.40607738494873,12.668020004889653,12.355828282432794,12.430953563100651,156655188
2010-06-07,12.077715873718262,12.4605545488377,12.018760444985615,12.414534428435283,145162692
2010-06-08,12.059307098388672,12.160302984096239,11.879205336987651,12.135675182348518,107296596
2010-06-09,11.791642189025879,12.161297152163174,11.741394042352855,12.120003707753584,109050840
2010-06-10,12.114782333374023,12.151847756861804,11.836920109730645,11.949606618965378,103012884
2010-06-11,12.151846885681152,12.157071252907858,11.980701696555169,12.00259265790503,71196732
2010-06-14,12.019754409790039,12.301100435805555,12.019754409790039,12.300602741660835,81534384
2010-06-15,12.387918472290039,12.447870245450272,11.99463290646133,12.017020614988267,170213616
2010-06-16,12.469511032104492,12.537422116362565,12.341151432585924,12.34264451517881,91480428
2010-06-17,12.439908981323242,12.58393883643765,12.355579677479698,12.523740590975073,79012908
2010-06-18,12.438663482666016,12.5242365425651,12.391400549241892,12.500355754778532,114801084
2010-06-21,12.153338432312012,12.462048182259661,12.06204425472337,12.43543054918142,119220660
2010-06-22,12.095874786376953,12.35334003948163,12.08293947784827,12.1866722151471,88699212
2010-06-23,11.9913969039917,12.1117962433853,11.89463092967099,12.1117962433853,81082836
2010-06-24,11.818509101867676,12.008809337468461,11.77273735481295,11.931943555175764,75668256
2010-06-25,11.75831127166748,11.88194420363368,11.705574644219318,11.867267438108739,89718192
2010-06-28,11.743386268615723,11.879456817686325,11.667017222783466,11.756073205399609,70421508
2010-06-29,11.300097465515137,11.556068679884365,11.221986974693637,11.52845755609599,139943916
2010-06-30,11.068503379821777,11.388903725375668,11.06278226671884,11.317509732186714,143983872
2010-07-01,10.9326810836792,11.154324681314762,10.786908829960613,11.076960254874495,140403456
2010-07-02,10.859545707702637,11.002083411783554,10.845863384959584,10.985666141274015,77362560
2010-07-06,10.847607612609863,11.1361669282372,10.786909773774328,11.044871796869403,102301596
2010-07-07,11.199101448059082,11.226216775656072,10.830441821870116,10.90332795137732,125062812
2010-07-08,11.35731029510498,11.376466305845598,11.18566838147675,11.282434343586347,106649244
2010-07-09,11.629204750061035,11.772737856399264,11.512039955521377,11.740400058373996,173086740
2010-07-12,11.836668968200684,11.926471008190859,11.718508788419461,11.750598212499389,133242624
2010-07-13,12.169259071350098,12.263538466943785,11.947367093219622,11.996372433241142,158892948
2010-07-14,12.222493171691895,12.284432866836196,12.101098460165623,12.186173823068298,124595280
2010-07-15,12.289159774780273,12.30607568805189,12.007067676802158,12.232195124001782,194133672
2010-07-16,11.433183670043945,11.705574072851274,11.430944520161644,11.669753362668116,312679008
2010-07-19,11.596616744995117,11.68293586947437,11.381191019419498,11.468008786032366,181829988
2010-07-20,11.97995376586914,12.01478003408589,11.457810959676403,11.46850617044542,162017820
2010-07-21,11.878210067749023,12.082193565734675,11.826718158093689,12.039903783719385,131052816
2010-07-22,12.060053825378418,12.163786560505786,12.002092837309782,12.020750206443077,85822092
2010-07-23,12.190652847290039,12.20383652893923,11.940650162250652,11.959555904907571,90485424
2010-07-26,12.163538932800293,12.207817603538482,12.061796960155235,12.166523202207756,79728192
2010-07-27,12.254583358764648,12.37572875678409,12.193388779033908,12.203588191651999,97949952
2010-07-28,12.04861068725586,12.319758259267786,12.006819545377647,12.312046369711954,99740160
2010-07-29,12.064532279968262,12.161299201658434,11.92373506276473,12.088413070009967,106912980
2010-07-30,12.06104850769043,12.123486848488634,11.919007539101246,11.93169447452731,85678236
2010-08-02,12.199358940124512,12.270751982886635,12.113039812403025,12.164034978374382,74273652
2010-08-03,12.184931755065918,12.250355318307045,12.108562711101127,12.201598349263275,72019908
2010-08-04,12.595132827758789,12.612047791993435,12.215278453830576,12.243388217854884,152347500
2010-08-05,12.639411926269531,12.651850488733814,12.526476111659763,12.584437101495036,96719184
2010-08-06,12.443389892578125,12.580704182455559,12.339658107940032,12.572247173867268,132647220
2010-08-09,12.571003913879395,12.574736146437504,12.471750417155633,12.493889751461468,74813112
2010-08-10,12.530207633972168,12.587174184524647,12.402345731574728,12.496375805174376,82877040
2010-08-11,12.232443809509277,12.388166152058341,12.226473375497529,12.381449650792344,88831080
2010-08-12,12.239160537719727,12.307319991986233,12.002840175596743,12.03841251126061,88095816
2010-08-13,12.098363876342773,12.218762264649484,12.089904970962937,12.164284183795166,77310612
2010-08-16,12.079458236694336,12.18592687632043,11.952840091812675,12.031945030229553,52147800
2010-08-17,12.202095031738281,12.306076142002489,12.090402979777878,12.152591999474486,75552372
2010-08-18,11.99388313293457,12.210800032988264,11.978957997348884,12.20010387541628,107348544
2010-08-19,11.641145706176758,12.002840453294978,11.623234403394994,11.965525713160766,156843000
2010-08-20,11.493134498596191,11.731196325978026,11.468258320737824,11.641145908275037,156547296
2010-08-23,11.544129371643066,11.648110484198575,11.38641719515475,11.480198894932105,119328552
2010-08-24,11.228704452514648,11.402338108799928,11.21701195679166,11.385670567061513,110397492
2010-08-25,11.309051513671875,11.38840576129512,11.194124933800643,11.194124933800643,103580316
2010-08-26,11.218504905700684,11.374724951081378,11.205071902423535,11.344874675344553,71008920
2010-08-27,11.413779258728027,11.442635091688762,11.135666818387547,11.257807599304366,92403504
2010-08-30,11.261042594909668,11.43691444366457,11.254326093551716,11.421739985338991,49206744
2010-08-31,11.194623947143555,11.315271653723473,11.144374846159206,11.196863096985554,77794128
2010-09-01,11.451092720031738,11.565769981352958,11.25631514213903,11.318007411522103,129002868
2010-09-02,11.521988868713379,11.553082902095733,11.450594882492085,11.513531860426673,67300632
2010-09-03,11.699105262756348,11.738409830013657,11.627960592740513,11.704578002602865,101514384
2010-09-07,11.552338600158691,11.63169190614871,11.518009078496029,11.554825175016372,68327604
2010-09-08,11.706069946289062,11.753831521631614,11.555074278777617,11.571989244218393,95975928
2010-09-09,11.845375061035156,11.950351557158232,11.706069991750608,11.886421083368788,97126776
2010-09-10,11.844379425048828,11.935176849661698,11.818012063015582,11.916021786842837,78893028
2010-09-13,11.996870040893555,12.048611276609124,11.928709636936988,11.9627907869042,89570340
2010-09-14,11.951098442077637,12.05856246836267,11.942392111648898,11.990402063547092,88571340
2010-09-15,11.956321716308594,11.987416701166364,11.903087398004637,11.93915837675035,96015888
2010-09-16,11.96677017211914,12.001347119509132,11.925724148428515,11.939158099228086,78701220
2010-09-17,12.192891120910645,12.219010111270766,11.969755388006147,12.033685863902846,225438336
2010-09-20,12.643890380859375,12.696875377565076,12.24040449284551,12.251349972913571,175963860
2010-09-21,12.772747039794922,12.934938468109864,12.65956189990561,12.678716964494607,178473348
2010-09-22,12.835932731628418,12.880210452352637,12.728468702226028,12.757822232628424,101382516
2010-09-23,12.77324390411377,12.92772248434929,12.71901420013367,12.801353670435208,92603304
2010-09-24,13.116779327392578,13.1302123302241,12.892150511588927,12.97871896272294,134141724
2010-09-27,13.194393157958984,13.354592856598188,13.155585335774148,13.155585335774148,124171704
2010-09-28,13.11379337310791,13.273496315577557,12.896876459268125,13.27076041974182,146041812
2010-09-29,13.126729965209961,13.257328714616394,13.052601021446819,13.130710570801824,86801112
2010-09-30,13.079466819763184,13.230710870064502,12.908569062909065,13.163297481082118,129634236
2010-10-01,13.075238227844238,13.199617223460285,13.010063038804363,13.184193443069036,88911000
2010-10-04,12.99389362335205,13.140660320439661,12.906827476686479,13.058570167631514,77542380
2010-10-05,13.388920783996582,13.432951074982068,13.09837072770686,13.143894101160203,140143716
2010-10-06,13.292401313781738,13.431706372264548,13.182699101620367,13.414542087014734,110381508
2010-10-07,13.184441566467285,13.363298627442513,13.162799928448504,13.338671772457541,95736168
2010-10-08,13.342153549194336,13.373248531836444,13.124988260829529,13.253099475556349,114253632
2010-10-11,13.404094696044922,13.547380373848878,13.362552874592646,13.395139992924541,104946948
2010-10-12,13.467529296875,13.581958200063692,13.377976571940879,13.43593756483988,149993856
2010-10-13,13.51504135131836,13.619270832419296,13.490912190419914,13.607082539421564,122101776
2010-10-14,13.456086158752441,13.563549231797,13.361059752009382,13.53693254761778,265098636
2010-10-15,14.96157169342041,14.966298366200418,14.716544995977857,14.907342934955196,592399008
2010-10-18,15.366052627563477,15.415307287035153,14.939183652086795,14.939183652086795,283644072
2010-10-19,15.120280265808105,15.294162291080887,14.996647341687906,15.145653189483706,183332484
2010-10-20,15.124011039733887,15.357843876962347,15.11207111958043,15.127990697122074,140862996
2010-10-21,15.223763465881348,15.323514651473355,15.074756672243748,15.211822597508002,116703180
2010-10-22,15.237196922302246,15.294162525888972,15.175504645844653,15.222021515299263,90153756
2010-10-25,15.335952758789062,15.540929759872594,15.297892900959408,15.313315732159733,126209664
2010-10-26,15.388192176818848,15.453615735952756,15.199882710342695,15.251375572340226,100415484
2010-10-27,15.335206985473633,15.423019197746621,15.232221262786725,15.31779432526603,89586324
2010-10-28,15.3876953125,15.447894504249794,15.25635050105901,15.424262088717517,87284628
2010-10-29,15.266301155090332,15.3981427175773,15.24863917306125,15.350132765460888,91040868
2010-11-01,15.298639297485352,15.439436505969944,15.204359904680178,15.31679897299289,123360516
2010-11-02,15.31356430053711,15.423019098809808,15.288191377656728,15.389933338247575,79824096
2010-11-03,15.427495002746582,15.468540076775083,15.261324877998122,15.360828633575961,135084780
2010-11-04,15.529236793518066,15.66978656960612,15.475256411961176,15.53844176533004,142689168
2010-11-05,15.54938793182373,15.559586396409651,15.450630240180038,15.502123101248825,70557372
2010-11-08,15.59142780303955,15.659090512317789,15.500880641194215,15.523019026480025,83967948
2010-11-09,15.542920112609863,15.69292134722423,15.435705409857679,15.671777402378789,89398512
2010-11-10,15.494661331176758,15.497646548193986,15.36107737260309,15.474760200391543,99780120
2010-11-11,15.353116989135742,15.419286613195327,15.278987102422457,15.415555328950363,90373536
2010-11-12,15.007344245910645,15.345904288757936,14.955602059626333,15.273515850571203,135584280
2010-11-15,14.812814712524414,15.025004963068717,14.777489802296957,15.0021186151442,139016844
2010-11-16,14.520522117614746,14.873011854697056,14.51380561678445,14.745399286910256,132163704
2010-11-17,14.5162935256958,14.66430493063868,14.462064767924478,14.552364503830178,97602300
2010-11-18,14.839929580688477,14.925004950979865,14.640923005151445,14.651868485304597,103496400
2010-11-19,14.697391510009766,14.873014049806981,14.68520226788952,14.850875663492305,91808100
2010-11-22,14.707091331481934,14.762316425109711,14.496393213560342,14.613807327307864,87376536
2010-11-23,14.502861976623535,14.652117148225843,14.3832087078467,14.602365740354722,86417496
2010-11-24,14.800376892089844,14.840924275177182,14.603360141937658,14.60982732250957,95760144
2010-11-26,14.676742553710938,14.750872437984931,14.602114975289547,14.688184779156762,52391556
2010-11-29,14.480472564697266,14.671768192084244,14.426740554051133,14.65609603964949,114273612
2010-11-30,13.823751449584961,14.286689506245184,13.764049004485885,14.286689506245184,284411304
2010-12-01,14.038678169250488,14.218281297929385,13.990169578411937,14.00509566328106,150013836
2010-12-02,14.224501609802246,14.262064725040279,14.063554885196769,14.145894363801398,101814084
2010-12-03,14.253852844238281,14.34042033973604,14.129473866481758,14.165543893269698,105142752
2010-12-06,14.387187004089355,14.477736055669348,14.343655355811528,14.442163721828381,83668248
2010-12-07,14.605599403381348,14.751371664322233,14.577241261911714,14.708336757918692,121566312
2010-12-08,14.690176963806152,14.73943162532,14.519777847271499,14.725749300905015,70205724
2010-12-09,14.714056015014648,14.815548647256202,14.651866999708625,14.773260761480511,74681244
2010-12-10,14.731719017028809,14.775998630410713,14.683957440428857,14.754852790078084,68119812
2010-12-13,14.791668891906738,15.000128806423273,14.778485210314077,14.853858859537555,95844060
2010-12-14,14.798883438110352,14.88296341397173,14.73843492852334,14.853112192794196,65666268
2010-12-15,14.684205055236816,14.837191495506678,14.65559759577453,14.781221285939365,86621292
2010-12-16,14.719281196594238,14.770524735694693,14.62873214240391,14.74763933605684,63812124
2010-12-17,14.69664478302002,14.740425755455188,14.618782660810764,14.701619828888408,123360516
2010-12-20,14.80261516571045,14.872765399873419,14.643409901783514,14.792416700607877,78853068
2010-12-21,15.001870155334473,15.042915230322453,14.866047995050206,14.889928783188466,75104820
2010-12-22,15.062068939208984,15.099632049988372,15.007094116949558,15.025004470572487,48251700
2010-12-23,15.030725479125977,15.074755769635754,14.975999030328687,15.058338498588768,44387568
2010-12-27,14.98470687866211,15.019532198684654,14.913064513950006,14.993661581758063,48275676
2010-12-28,14.898635864257812,15.021771087594493,14.875997889854045,14.976496086775834,42549408
2010-12-29,14.950377464294434,14.985452105648307,14.898636230069334,14.975253641049669,40727232
2010-12-30,14.897143363952637,14.958586317484714,14.860576587537158,14.87575009810948,39540420
2010-12-31,14.775500297546387,14.886197911335035,14.727241973754307,14.844405819943571,61510428
2011-01-03,15.033712387084961,15.06455900001294,14.837939393993327,14.837939393993327,94513392
2011-01-04,14.978239059448242,15.079235908749483,14.928487650109053,15.065305210778039,72907020
2011-01-05,15.151124954223633,15.182469258143094,14.926744521154395,14.927242215309903,101190708
2011-01-06,15.26132583618164,15.383963371811124,15.17550439855091,15.191175603515823,82229688
2011-01-07,15.334460258483887,15.379485940363644,15.177495096604893,15.32127657653379,83963952
2011-01-10,15.278986930847168,15.308340458302371,15.138438100576261,15.293662746585897,63104832
2011-01-11,15.323763847351074,15.393167063240094,15.286201682878923,15.366052684514797,57514428
2011-01-12,15.3451566696167,15.406848941951488,15.292917742391896,15.406848941951488,65242692
2011-01-13,15.340680122375488,15.414810012700343,15.277743137341957,15.347644997040971,53306640
2011-01-14,15.526999473571777,15.52923767539281,15.350380607381593,15.358340870274953,94529376
2011-01-18,15.911333084106445,15.970040144741589,15.554114726217405,15.573766537465412,144535320
2011-01-19,15.715311050415039,15.994168645421345,15.663320490669967,15.973273072277994,136107756
2011-01-20,15.59142780303955,15.773271037978278,15.504860298687035,15.726752273607106,219212568
2011-01-21,15.219782829284668,15.963570190527513,15.208091282019891,15.910088448008283,355819824
2011-01-24,15.201125144958496,15.236200734015988,14.95609940365847,15.11381157591657,183784032
2011-01-25,15.42077922821045,15.440182665279984,15.087691947790965,15.12948309102789,145726128
2011-01-26,15.335952758789062,15.484959548003491,15.305603842565127,15.431227537896266,81442476
2011-01-27,15.343167304992676,15.415555738048246,15.25510671930124,15.370531004837478,80687232
2011-01-28,14.950128555297852,15.431973284694083,14.919531266620933,15.399882913551366,169074756
2011-01-31,14.934456825256348,15.036696479480586,14.814804511027932,15.015054841020469,112083804
2011-02-01,15.200132369995117,15.257595671056128,15.002867235522643,15.037194865104276,109702188
2011-02-02,15.224011421203613,15.282220782954019,15.112816116481113,15.199135244767731,70357572
2011-02-03,15.177990913391113,15.210329657536118,15.077989464020838,15.161323373170159,59744196
2011-02-04,15.198639869689941,15.210082096612227,15.089932078005392,15.177992669825201,61969968
2011-02-07,15.280978202819824,15.382968536987386,15.154607490033097,15.178239905407432,71912016
2011-02-08,15.382719993591309,15.413814979185705,15.286450767589155,15.296899501811327,67728204
2011-02-09,15.335952758789062,15.409336578520895,15.23246934391054,15.345156782891587,73626300
2011-02-10,15.334460258483887,15.360829518361927,15.213066484957052,15.271275848786907,93282624
2011-02-11,15.53495979309082,15.547398355649412,15.248887074076961,15.268539832281531,103492404
2011-02-14,15.62575626373291,15.662821682307285,15.42401379481475,15.506103946891,85034880
2011-02-15,15.526252746582031,15.674015781025886,15.500133755595972,15.605110257694996,83596320
2011-02-16,15.527995109558105,15.584711391084692,15.47525753755828,15.563069751869435,67292640
2011-02-17,15.553865432739258,15.603368465582307,15.429984138079003,15.454113299781719,59092848
2011-02-18,15.673768043518066,15.701130797089249,15.527000391498586,15.572274448630392,128587284
2011-02-22,15.179484367370605,15.54565645122896,15.118786534849459,15.423764040009354,145450404
2011-02-23,15.207096099853516,15.29117702964857,15.025005438974947,15.182470191525036,115468416
2011-02-24,15.144906997680664,15.25112726028592,14.959084105390245,15.208837474526062,108359532
2011-02-25,15.175253868103027,15.291672587088616,15.161821814055939,15.220528867696148,77218704
2011-02-28,15.258838653564453,15.335705389497916,15.124756992608447,15.174260975520554,91168740
2011-03-01,14.94440746307373,15.403616144061845,14.908088111240614,15.367794486416251,132795072
2011-03-02,14.945154190063477,15.074756597961304,14.805849115668432,14.920526386162036,80986932
2011-03-03,15.163314819335938,15.211325717513818,15.049880362742611,15.084209885019552,77734188
2011-03-04,14.940924644470215,15.14888685981399,14.930475911097135,15.132716065595337,120319560
2011-03-07,14.718036651611328,15.017293045770023,14.602115621646588,14.939183500837084,138369492
2011-03-08,14.734206199645996,14.875251776414464,14.681717951618543,14.74962903065233,91304604
2011-03-09,14.720773696899414,14.788934099320617,14.571020837232167,14.701619581031258,85953960
2011-03-10,14.435447692871094,14.592662169928817,14.414302800741497,14.563309590013608,124998876
2011-03-11,14.34614372253418,14.42798550128439,14.262063741962754,14.383705887194093,121158720
2011-03-14,14.178977966308594,14.38544710394545,14.129972628305776,14.248878875562584,112531356
2011-03-15,14.168281555175781,14.204103213357048,13.818526722666483,13.868279078362072,160063776
2011-03-16,13.85832691192627,14.1740024642708,13.713551000340496,14.129722852341308,151788060
2011-03-17,13.964299201965332,14.154350119324631,13.943901324947305,14.041912000652086,115856028
2011-03-18,13.95683765411377,14.12922755099765,13.92400216041372,14.04589268525609,131812056
2011-03-21,14.340919494628906,14.423010595258578,14.154849177168416,14.184699452318565,120715164
2011-03-22,14.36131763458252,14.40883084018003,14.241665314732138,14.36007387309521,75400524
2011-03-23,14.481717109680176,14.488930357110734,14.228977584844934,14.308331838481044,72575352
2011-03-24,14.59937858581543,14.636691425775618,14.398131935168362,14.563059238138733,83864052
2011-03-25,14.421517372131348,14.599876745968361,14.409078809617778,14.599131626683576,114221664
2011-03-28,14.312561988830566,14.55211595587093,14.296392141084818,14.47947819754165,88647264
2011-03-29,14.471019744873047,14.475000350132666,14.254102827917677,14.328481086566041,64127808
2011-03-30,14.47375774383545,14.564802602050174,14.442413437379685,14.536941206975925,56835108
2011-03-31,14.596145629882812,14.630970948691507,14.47126800517271,14.502612308882712,81094824
2011-04-01,14.72152042388916,14.805849728889104,14.645898397391223,14.645898397391223,104423472
2011-04-04,14.619030952453613,14.794653472000835,14.505098807732502,14.751370196798215,82097820
2011-04-05,14.15658950805664,14.46504993133451,14.071762512459662,14.454851466647792,241658100
2011-04-06,14.283206939697266,14.30758447329432,14.12947442984568,14.233455536208757,106625268
2011-04-07,14.427985191345215,14.44390571679123,14.283455752916375,14.321764932015988,101158740
2011-04-08,14.382211685180664,14.549626514007517,14.379725110458054,14.549626514007517,75995928
2011-04-11,14.362561225891113,14.38071995259433,14.25385344679891,14.333456071767275,74253672
2011-04-12,14.194400787353516,14.351118519612394,14.130717737316287,14.30360531616678,83340576
2011-04-13,14.335447311401367,14.368283752928662,14.222759863963596,14.316293194504924,82693224
2011-04-14,14.39091968536377,14.414302779221199,14.231466058792478,14.308331841620744,218033748
2011-04-15,13.201606750488281,13.57598749029423,13.185686224245561,13.56454526379967,561186252
2011-04-18,13.105586051940918,13.125984878170103,12.91056007718374,13.09513826572139,201390408
2011-04-19,12.973494529724121,13.20608360720582,12.957823325159826,13.182948886004011,107256636
2011-04-20,13.077972412109375,13.105087736804107,12.970011651436202,13.082201390309676,122277600
2011-04-21,13.062301635742188,13.141405618814124,12.994887303397206,13.121753809587801,98705196
2011-04-25,13.061058044433594,13.109565690954657,12.985435070010052,13.066033090436887,65166768
2011-04-26,13.254341125488281,13.369266753054008,13.065035350398944,13.097623412637146,139860000
2011-04-27,13.377228736877441,13.385936014925777,13.29240269008756,13.383199170970899,91844064
2011-04-28,13.382454872131348,13.414295925263334,13.285687003233114,13.384693074061936,79920000
2011-04-29,13.534941673278809,13.534941673278809,13.395885923353338,13.432951340855714,168970860
2011-05-02,13.39712905883789,13.575489367684128,13.361307404429226,13.57474235247588,85262652
2011-05-03,13.280960083007812,13.48295186413349,13.174988198850594,13.361558096990303,83176740
2011-05-04,13.328224182128906,13.408075182184817,13.259317713790697,13.312801350901942,84595320
2011-05-05,13.290413856506348,13.418524138082716,13.221508330147117,13.280215391154387,79832088
2011-05-06,13.316035270690918,13.469270094399336,13.31305005360713,13.386931569461398,82161756
2011-05-09,13.375239372253418,13.395389825015222,13.211556759098956,13.308572050533725,77870052
2011-05-10,13.49912166595459,13.543151960097262,13.37175745636375,13.432952038189907,81634284
2011-05-11,13.319765090942383,13.521259164044192,13.275984123833336,13.43643312552531,93458448
2011-05-12,13.309815406799316,13.356830913155967,13.206828743545614,13.314541131150317,57874068
2011-05-13,13.172999382019043,13.33145857827886,13.160560819061004,13.29887145826647,84263652
2011-05-16,12.896130561828613,13.116282980712576,12.845882408210258,13.092402191394585,118209672
2011-05-17,13.195635795593262,13.214541538259294,12.811802673217754,12.821752764729696,132011856
2011-05-18,13.17946720123291,13.192402510094924,13.07722754381559,13.172750699709468,78049872
2011-05-19,13.215289115905762,13.346881356924623,13.177228307872838,13.25210521445782,98649252
2011-05-20,13.035683631896973,13.233694800969714,13.01329497944938,13.228968128610664,92607300
2011-05-23,12.8953857421875,12.935435431749713,12.771255119871928,12.850857752781701,91908000
2011-05-24,12.892149925231934,13.033942515784831,12.889414029366828,12.944638172722994,75924000
2011-05-25,12.927226066589355,13.004340224133799,12.867025927102665,12.869015755815996,52011936
2011-05-26,12.888916969299316,12.988171408373749,12.811055795999408,12.878219862417598,84655260
2011-05-27,12.957822799682617,12.979962131637901,12.843392959755478,12.897622662782883,69762168
2011-05-31,13.159815788269043,13.160560907585465,13.022501484521985,13.059814329680249,107384508
2011-06-01,13.074739456176758,13.263794983059642,13.06752526078003,13.135436340364187,118117764
2011-06-02,13.135933876037598,13.191655713896738,12.99712650155268,13.123743687143083,88091820
2011-06-03,13.012051582336426,13.124490645885507,12.972748911895298,12.985185577842792,69870060
2011-06-06,12.961803436279297,13.105088161628588,12.916776809045261,13.023494759813035,77606316
2011-06-07,12.91130542755127,13.050609552072725,12.910310039208891,13.00732532700161,76227696
2011-06-08,12.914787292480469,12.966280153023167,12.830457992755951,12.849115362105723,66069864
2011-06-09,12.85409164428711,12.935435734820912,12.826977263438836,12.935435734820912,67496436
2011-06-10,12.674487113952637,12.853094854513031,12.669014374159236,12.788169940217067,97498404
2011-06-13,12.555581092834473,12.691651626870765,12.491898990822282,12.686676581149674,96994908
2011-06-14,12.646129608154297,12.788170580834354,12.611800085191131,12.640655920097817,93566340
2011-06-15,12.51130199432373,12.645631078286932,12.453092629807449,12.563043230343121,82849068
2011-06-16,12.447122573852539,12.601351834460674,12.355081384470799,12.507819458553948,110169720
2011-06-17,12.065279006958008,12.604337751750872,12.059805318799308,12.59165081572249,209606184
2011-06-20,12.054333686828613,12.09537876465283,11.92124741328573,12.064781473111744,121022856
2011-06-21,12.263786315917969,12.287170357985689,12.058063245860154,12.119258772985367,110505384
2011-06-22,12.114782333374023,12.247619297649965,12.107817457894734,12.225231588473582,96187716
2011-06-23,11.945873260498047,12.011545184655677,11.784428871787936,11.993385511192471,191875932
2011-06-24,11.813036918640137,11.959057536843774,11.766766530968086,11.957316081330374,152071776
2011-06-27,12.010054588317871,12.149359675415573,11.781197720640069,11.791147813150191,137650212
2011-06-28,12.27995777130127,12.343639876724406,12.04040286067522,12.04040286067522,108495396
2011-06-29,12.377469062805176,12.444136376286753,12.248363413949967,12.35184682108772,93626280
2011-06-30,12.596626281738281,12.603840477837467,12.475232501543108,12.487421743782706,97038864
2011-07-01,12.96105670928955,12.964788941543432,12.596625132852925,12.605580783882244,145322532
2011-07-05,13.244890213012695,13.318523358897368,13.067277846894292,13.067277846894292,153814032
2011-07-06,13.317526817321777,13.395885681348036,13.2598151508867,13.271258324537902,107716176
2011-07-07,13.597132682800293,13.698625321763343,13.33046245897514,13.45782761082878,157262580
2011-07-08,13.233695983886719,13.37449414303925,13.116282815543522,13.257576772903985,190617192
2011-07-11,13.116532325744629,13.332952528219343,13.072253655183033,13.138920982134396,113458428
2011-07-12,13.283946990966797,13.41852445649802,13.084691080364047,13.138423096525598,113534352
2011-07-13,13.389667510986328,13.532455497370332,13.345387896746638,13.358324153483345,111496392
2011-07-14,13.157824516296387,13.482703138546347,13.102847799021832,13.411059829331316,265714020
2011-07-15,14.866296768188477,14.931720327242715,14.630971791656695,14.863311551092252,548734716
2011-07-18,14.799629211425781,14.976496448634107,14.726494711696935,14.738683952983227,178553268
2011-07-19,14.988935470581055,15.041920467848307,14.814307377802065,14.829480888613265,118581300
2011-07-20,14.809829711914062,14.995900975118015,14.809829711914062,14.979731128284564,89022888
2011-07-21,15.099384307861328,15.126000992330937,14.776495495057732,14.776993189232558,138641220
2011-07-22,15.378987312316895,15.410579989241436,15.031720979173977,15.05958237192475,140986872
2011-07-25,15.397645950317383,15.557597280774496,15.248887525315277,15.257843176863805,125138736
2011-07-26,15.485706329345703,15.6095876268153,15.353863820837145,15.374511019745054,93622284
2011-07-27,15.105104446411133,15.446649658819464,15.043661497523496,15.35286796652139,157218624
2011-07-28,15.197644233703613,15.323018617506657,15.000129786093742,15.054607867604254,124211664
2011-07-29,15.017294883728027,15.29764556968278,15.017294883728027,15.030727888002096,165330504
2011-08-01,15.093911170959473,15.311077425102683,14.905104005927512,15.204609735348535,158485356
2011-08-02,14.736446380615234,15.166051269077789,14.715799181474253,15.074757090066129,127895976
2011-08-03,14.954607009887695,15.000129438647502,14.518284673706585,14.782964132935376,152874972
2011-08-04,14.366291999816895,14.896893707408946,14.365049186377412,14.78868361917353,196387416
2011-08-05,14.40410327911377,14.676742985035734,13.980219531292343,14.491169421823354,236926836
2011-08-08,13.58270263671875,14.154349389830736,13.541159869575795,14.00459748804537,299564136
2011-08-09,14.264053344726562,14.293904567103436,13.45807602848436,13.955343604393057,258529212
2011-08-10,13.657082557678223,14.032956362272577,13.625241506699863,13.964796908768557,214569216
2011-08-11,13.983453750610352,14.141912943006387,13.642157830671056,13.776735286126438,193030776
2011-08-12,14.024250984191895,14.191665834271063,13.940419372598742,14.166789656009867,126045828
2011-08-15,13.86156177520752,14.054597895298029,13.583449346172703,13.767033069707635,285510204
2011-08-16,13.408075332641602,13.742407317644073,13.191656102891352,13.7421589445525,277298424
2011-08-17,13.262551307678223,13.524743230567067,13.203347505596872,13.43369742970088,163000836
2011-08-18,12.559313774108887,13.057078150541955,12.450108285221681,13.021755132395421,251376372
2011-08-19,12.212045669555664,12.80782259099185,12.210553534963482,12.421500981969041,216183600
2011-08-22,12.392394065856934,12.612047812101235,12.30184596708362,12.537420237332267,196039764
2011-08-23,12.906081199645996,12.970509369780475,12.414534731166396,12.524983022825502,173698128
2011-08-24,13.0172758102417,13.184192960393228,12.866529455190468,12.9187683849596,143636220
2011-08-25,12.936430931091309,13.365041390965002,12.893146702828892,13.193646881637417,131588280
2011-08-26,13.106082916259766,13.195387261664294,12.764786060062269,12.935186115071808,143708148
2011-08-29,13.410065650939941,13.419270623486616,13.2727513498647,13.297626579486195,93338568
2011-08-30,13.450364112854004,13.507329713552261,13.204342982774435,13.387925772264063,119440440
2011-08-31,13.456831932067871,13.589668872949881,13.333447388242309,13.550862000429303,107624268
2011-09-01,13.246382713317871,13.528225504352877,13.214541661790879,13.451608092614666,96523380
2011-09-02,13.05583381652832,13.13245122661277,12.953594162723025,13.046629792394619,95951952
2011-09-06,12.989664077758789,13.004091520549897,12.699114017407311,12.706576585884319,108523368
2011-09-07,13.284441947937012,13.331955149900564,13.119515584975945,13.195386925876798,110121768
2011-09-08,13.307577133178711,13.410562855222926,13.231457416535406,13.278721299078562,95124780
2011-09-09,13.056082725524902,13.29986661051323,12.965037868785378,13.219019270682777,130621248
2011-09-12,13.187178611755371,13.233696429887647,12.873245432639207,12.884688607342177,106709184
2011-09-13,13.172253608703613,13.280712078425994,13.020013216530565,13.233944938718329,94073832
2011-09-14,13.235686302185059,13.357080071820876,13.080212331865093,13.248621610622754,107668224
2011-09-15,13.496634483337402,13.556833678298355,13.297626952844295,13.321010996529562,118313568
2011-09-16,13.599122047424316,13.603101704664839,13.511060518114206,13.55235491292058,141230628
2011-09-19,13.59887409210205,13.679222792104602,13.318025727758625,13.441658655534887,98637264
2011-09-20,13.597878456115723,13.893652901197024,13.499370081452312,13.666784928156366,111052836
2011-09-21,13.413050651550293,13.806089701102914,13.404593642408877,13.624247414756375,100471428
2011-09-22,12.951852798461914,13.153844584649304,12.786179414898145,13.090908549782569,175835988
2011-09-23,13.072501182556152,13.095138210601341,12.798617696123086,12.849862186596333,110980908
2011-09-26,13.231209754943848,13.257080373391862,12.767523711741093,13.115784516358532,105262632
2011-09-27,13.416533470153809,13.6083267948523,13.334692639401196,13.388174381854537,120315564
2011-09-28,13.155335426330566,13.532950650431895,13.126977289259907,13.47026394280555,90441468
2011-09-29,13.122003555297852,13.365786484413217,12.92075783603921,13.334443127467908,116147736
2011-09-30,12.812050819396973,13.034938174054792,12.795631651910822,12.940657835486663,108835056
2011-10-03,12.3264741897583,12.736428202410705,12.31353888106625,12.682945512012804,178797024
2011-10-04,12.48518180847168,12.523491936516576,11.955327103990484,12.18990601309129,166185648
2011-10-05,12.55483341217041,12.631949460726796,11.95955519295643,12.34712052437933,181182636
2011-10-06,12.803842544555664,12.816777853254493,12.502595368170905,12.624486834435954,136835028
2011-10-07,12.814040184020996,12.947872509997575,12.694138554203269,12.856578339722933,114121764
2011-10-10,13.362552642822266,13.370015211289445,13.015036983036234,13.064291641299604,92795112
2011-10-11,13.512056350708008,13.602107711599354,13.270263251735614,13.270263251735614,114021864
2011-10-12,13.64439582824707,13.81181066948948,13.548126606599233,13.63519180393437,126984888
2011-10-13,13.905343055725098,13.905591428802348,13.632454986958026,13.682455710570373,227276496
2011-10-14,14.718534469604492,14.915551211176181,14.61629481449991,14.912317621031054,340854804
2011-10-17,14.487936973571777,14.72226751933039,14.378233795749813,14.520524093891423,160167672
2011-10-18,14.689430236816406,14.740425403739529,14.363306887231415,14.432711050612816,151879968
2011-10-19,14.445398330688477,14.727987192738723,14.408582232871408,14.610574024669585,117142740
2011-10-20,14.519278526306152,14.649131201687123,14.41579511013218,14.475249181904763,135024840
2011-10-21,14.688932418823242,14.745151952102967,14.594653027488167,14.664554884453079,135504360
2011-10-24,14.836445808410645,14.92475571743957,14.589678601286133,14.595151341394812,136938924
2011-10-25,14.506592750549316,14.801122477803899,14.498881808734549,14.753858594590358,101518380
2011-10-26,14.584952354431152,14.681221581350933,14.250372922695778,14.665550375846202,114809076
2011-10-27,14.892417907714844,14.992667737275829,14.758833943337283,14.886198152331868,151060788
2011-10-28,14.928985595703125,14.982716660247577,14.782466322712041,14.789182824278715,100219680
2011-10-31,14.742414474487305,14.91778956809145,14.718285314244133,14.803360677765253,102209688
2011-11-01,14.394403457641602,14.565050947185142,14.347138624945297,14.430473488915654,124878996
2011-11-02,14.54788589477539,14.625996387578127,14.439926075708277,14.549876671450056,84751164
2011-11-03,14.863310813903809,14.863310813903809,14.52052277885405,14.602115232811371,106685208
2011-11-04,14.829480171203613,14.919033837107522,14.737191557369394,14.763808241265188,113278608
2011-11-07,15.13271713256836,15.14391193397487,14.732217400617035,14.75933178031295,134161704
2011-11-08,15.232470512390137,15.282968936278005,15.015055880433174,15.149384968016705,121054824
2011-11-09,14.949134826660156,15.159086892371278,14.892168273329414,15.031474304837754,148291560
2011-11-10,14.803112030029297,15.073511625136513,14.715549145385868,15.073013930998586,114621264
2011-11-11,15.13321590423584,15.22625153972026,14.890676723512929,14.957841740570919,158920920
2011-11-14,15.24888801574707,15.37525778993661,15.119037226045322,15.124509018402748,127420452
2011-11-15,15.337445259094238,15.375256744737337,15.18669795868822,15.243911933341431,106932960
2011-11-16,15.210827827453613,15.38073019966203,15.189435508728135,15.226002286632854,104235660
2011-11-17,14.9471435546875,15.231225486647459,14.845400648045475,15.175503648217347,139592268
2011-11-18,14.798136711120605,15.037443231364026,14.770027892918218,14.975253265031931,131376492
2011-11-21,14.451369285583496,14.639430386932398,14.231218758031922,14.621022337360653,119931948
2011-11-22,14.427985191345215,14.55161811063588,14.309575690847424,14.427985191345215,96115788
2011-11-23,14.181963920593262,14.434204819220582,14.181963920593262,14.312312400603998,92938968
2011-11-25,14.005095481872559,14.285446124828349,13.963551765851799,14.059573557964224,62433504
2011-11-28,14.631717681884766,14.647389834453081,14.340919241478979,14.412313233861775,113042844
2011-11-29,14.500871658325195,14.685699160895258,14.461070343774068,14.624006886343782,73198728
2011-11-30,14.910327911376953,14.91331312845356,14.728733999803895,14.874506254446581,135744120
2011-12-01,15.26804256439209,15.323515085312794,14.900626698247425,14.925501928081305,144679176
2011-12-02,15.431974411010742,15.522522522256502,15.329983125314131,15.349635883953898,163264572
2011-12-05,15.563567161560059,15.719040186718422,15.48272077136259,15.613070194435949,127772100
2011-12-06,15.516799926757812,15.637446675208155,15.428987719970806,15.497395543073011,92966940
2011-12-07,15.50734806060791,15.563815969581384,15.37575487240768,15.46481084905184,90201708
2011-12-08,15.324759483337402,15.608343733602734,15.306102113352237,15.448890100848066,96427476
2011-12-09,15.607597351074219,15.650134561159826,15.348639962269985,15.37326587001427,110537352
2011-12-12,15.557099342346191,15.576751152834856,15.430232828006272,15.469785770071809,87268644
2011-12-13,15.563068389892578,15.834961070260936,15.49391355170635,15.640929557622762,160966872
2011-12-14,15.375008583068848,15.530482558315445,15.23620120106882,15.46903960429217,155991852
2011-12-15,15.411575317382812,15.522522252634134,15.390431372513412,15.485706154940983,96247656
2011-12-16,15.571279525756836,15.654861814494248,15.459586521023478,15.530482821784709,178193628
2011-12-19,15.468542098999023,15.634463872355184,15.423020615583571,15.622275577882737,85654260
2011-12-20,15.680981636047363,15.717549361090043,15.621775935321086,15.622026204398994,95432472
2011-12-21,15.567795753479004,15.717049967683154,15.397146378103042,15.672025235534845,99816084
2011-12-22,15.664313316345215,15.714811736226801,15.597397624964083,15.62078071878599,72819108
2011-12-23,15.749887466430664,15.788196647886974,15.685708614519251,15.72152932498195,58089852
2011-12-27,15.926753997802734,16.03222724363877,15.721528619186751,15.722772380633245,64191744
2011-12-28,15.913073539733887,16.04491605262232,15.87327127517254,15.988944888323958,85002912
2011-12-29,15.980236053466797,15.995161189346694,15.801129682963975,15.957598080600187,62952984
2011-12-30,16.067302703857422,16.088695021369325,15.97078416201763,15.97078416201763,71220708
2012-01-03,16.552629470825195,16.620789872955612,16.228250419929825,16.242428541964074,146912940
2012-01-04,16.624025344848633,16.673030685956288,16.433475772673848,16.543177054698415,114445440
2012-01-05,16.39342498779297,16.51680954130315,16.324271090029853,16.47103873892613,131184684
2012-01-06,16.169790267944336,16.418051475313735,16.164068207445023,16.39690563676209,107608284
2012-01-09,15.484213829040527,16.094666583894387,15.453616537166743,16.082228968657557,232671096
2012-01-10,15.501128196716309,15.76630438382092,15.346150975989302,15.665557814481907,175648176
2012-01-11,15.571279525756836,15.656603270174434,15.450880190611487,15.510083995804175,95904000
2012-01-12,15.662821769714355,15.743668160785738,15.584711274665954,15.702125390335583,74932992
2012-01-13,15.547149658203125,15.59590567806534,15.449387349395002,15.578741390075114,92199708
2012-01-17,15.636452674865723,15.721030346090568,15.564312617647804,15.721030346090568,76295628
2012-01-18,15.744166374206543,15.771280754189247,15.47575657451482,15.587945378957622,110357532
2012-01-19,15.909838676452637,15.94516264043572,15.70809620156658,15.94516264043572,251959788
2012-01-20,14.576991081237793,14.701619389274347,14.470274075378551,14.689926894246561,422628948
2012-01-23,14.565299034118652,14.643408576419384,14.50659197986051,14.577239901826887,136379484
2012-01-24,14.451120376586914,14.619031966422963,14.378233300323197,14.585201085760382,122109768
2012-01-25,14.166540145874023,14.395894680118294,14.089175721165459,14.366043458198556,199308492
2012-01-26,14.131962776184082,14.290670340834579,14.043653816548133,14.228481319846988,128918952
2012-01-27,14.427488327026367,14.43594628440397,14.162559544177869,14.198630523579098,144555300
2012-01-30,14.370523452758789,14.427986753636002,14.263805487705826,14.379479104787743,93126780
2012-01-31,14.430721282958984,14.5274891463619,14.307336735084899,14.50261296951936,85610304
2012-02-01,14.44863224029541,14.56480259745435,14.40659272258283,14.550871899921622,92735172
2012-02-02,14.555100440979004,14.587439186854864,14.479727738282145,14.549130006788925,96491412
2012-02-03,14.834208488464355,14.852617486643588,14.628237024825738,14.693162894710866,126613260
2012-02-06,15.15162181854248,15.194906042587325,14.7764950367834,14.8013702648641,147036816
2012-02-07,15.093911170959473,15.159086358507109,15.019035212598686,15.103364516659536,83600316
2012-02-08,15.170528411865234,15.207842201737067,15.043412584424004,15.140427869297453,73382544
2012-02-09,15.210577964782715,15.286200932178412,15.149383387846859,15.22450866109069,90497412
2012-02-10,15.072519302368164,15.127742503681823,15.025006095325772,15.121523696056162,92914992
2012-02-13,15.228986740112305,15.269782494692834,15.174757982733848,15.186697903004836,72579348
2012-02-14,15.168290138244629,15.224011979192648,15.043911147484275,15.212569752883208,72075852
2012-02-15,15.063811302185059,15.247146671750858,14.98918371827367,15.247146671750858,96938964
2012-02-16,15.087691307067871,15.144656906414683,14.869032933645244,14.995651067421633,101134764
2012-02-17,15.040925979614258,15.115305190813789,14.98520413848378,15.049134615731727,97866036
2012-02-21,15.273763656616211,15.370282202607745,14.997144275724139,15.021772080410273,99132768
2012-02-22,15.123015403747559,15.342917540538592,15.092418114619935,15.223015906852206,78601320
2012-02-23,15.077494621276855,15.123017052311534,14.934209878228803,15.099633956020377,82117800
2012-02-24,15.171772956848145,15.215305555948829,15.062567477468303,15.108339226393161,77346576
2012-02-27,15.157095909118652,15.232966304769983,15.051373342999385,15.089433201365429,72483444
2012-02-28,15.382967948913574,15.417296521773295,15.11654705364818,15.174259667895583,113790096
2012-02-29,15.379486083984375,15.562323761253257,15.311077306694727,15.388192414333147,125350524
2012-03-01,15.482719421386719,15.564809565876082,15.376996863427886,15.479236510436145,89418492
2012-03-02,15.454113006591797,15.522521780950724,15.430979233682496,15.472770375957364,62869068
2012-03-05,15.27998161315918,15.484958601716551,15.208587626463759,15.433713169591172,63668268
2012-03-06,15.048885345458984,15.14465686907185,14.772265985055327,15.125751127031075,126849024
2012-03-07,15.094657897949219,15.203862429684655,15.071274803225563,15.150628111829839,50529420
2012-03-08,15.103116035461426,15.211574501211288,15.08346422489587,15.175255149238902,53766180
2012-03-09,14.931720733642578,15.221524745081986,14.925501926184898,15.123265691272763,106717176
2012-03-12,15.053613662719727,15.099633787457517,14.907094382892282,14.925502432787397,66693240
2012-03-13,15.36779499053955,15.369536446258543,15.06356352962152,15.143166162568635,89742168
2012-03-14,15.32326602935791,15.492173003554278,15.260330942291624,15.298639173724242,117358524
2012-03-15,15.451128005981445,15.510083435944136,15.294410272266823,15.338440564919134,97306596
2012-03-16,15.548392295837402,15.570033934090219,15.42426168326295,15.445158202252255,121897980
2012-03-19,15.770782470703125,15.852624249781497,15.45386503620844,15.500631225402415,86825088
2012-03-20,15.75859260559082,15.822523079564176,15.603864704844813,15.694662131617465,61558380
2012-03-21,15.920037269592285,16.104366115120488,15.734214393656286,15.786453318543048,98685216
2012-03-22,16.071035385131836,16.139444166062447,15.696653680319358,15.8832226519533,96311592
2012-03-23,15.984963417053223,16.131979424588486,15.94292390331108,16.084714596280282,77530392
2012-03-26,16.152626037597656,16.15660759110994,15.909093369029923,16.04491553520108,72695232
2012-03-27,16.095165252685547,16.256359400790362,16.039939207378062,16.095413625795107,80207712
2012-03-28,16.312578201293945,16.382977754838166,16.196159473377225,16.21979094129824,101454444
2012-03-29,16.129741668701172,16.333225597927484,16.02750295788533,16.25486672842025,76895028
2012-03-30,15.95138168334961,16.256110837502284,15.945411248900324,16.212827557717365,92335572
2012-04-02,16.092676162719727,16.1071045534046,15.792175065057636,15.939689717994034,91276632
2012-04-03,15.985708236694336,16.118297747356706,15.886703126551295,16.055112395410042,81714204
2012-04-04,15.799886703491211,15.895658226104052,15.699139187350022,15.881976850870464,65038896
2012-04-05,15.729487419128418,15.8317270652926,15.636203423339417,15.727497590596872,92655252
2012-04-09,15.692673683166504,15.804365742628853,15.554612362746722,15.633966622749051,87220692
2012-04-10,15.593667030334473,15.78371795430038,15.536203733578134,15.759340419060687,99180720
2012-04-11,15.820037841796875,15.821033230203195,15.704115855985838,15.7705348063782,87872040
2012-04-12,16.19441795349121,16.247402947172418,15.927003566323881,15.97899317169611,230033736
2012-04-13,15.537447929382324,16.14416935405416,15.51107867028023,16.108346749691567,326045628
2012-04-16,15.076498031616211,15.517795400631444,14.9667958070839,15.497646844360673,227456316
2012-04-17,15.163564682006836,15.365556477519295,15.099881628949491,15.13843918312728,120835044
2012-04-18,15.11082649230957,15.243911810268791,14.995402207591178,15.125751629579758,106673220
2012-04-19,14.908087730407715,15.329982608399126,14.900626109741193,15.067044613919482,131652216
2012-04-20,14.82749080657959,15.145652949803885,14.82176969348566,15.031224052002889,122213664
2012-04-23,14.865799903869629,14.886943848482245,14.681718469650537,14.7488825358207,87824088
2012-04-24,14.957094192504883,15.090428833474695,14.858835141409816,14.881720541819716,77086836
2012-04-25,15.167293548583984,15.207841875607219,14.997142822095498,15.02500421435727,72771156
2012-04-26,15.310331344604492,15.373266434234912,15.166798235446771,15.196897832224133,83616300
2012-04-27,15.298141479492188,15.341923398830893,15.189185323306607,15.299136867836758,65390544
2012-04-30,15.046149253845215,15.3255045240954,14.940676006860208,15.248638738680288,96195708
2012-05-01,15.035701751708984,15.21406017076391,14.93022756139481,15.019781226528227,80011908
2012-05-02,15.106101036071777,15.12724498091361,14.940676021776383,14.955352786215105,64395540
2012-05-03,15.19963264465332,15.294409727972486,15.148139785178337,15.164807325501787,74645280
2012-05-04,14.850127220153809,15.121771536158924,14.846147562858732,15.072766199281444,88207704
2012-05-07,15.113314628601074,15.188439908152429,14.801122910783969,14.801122910783969,79700220
2012-05-08,15.24366283416748,15.345902485195019,14.94291431495232,15.063064319593368,106984908
2012-05-09,15.153114318847656,15.332966761307912,14.970525980599183,15.095154281255308,93058848
2012-05-10,15.26530647277832,15.328241561843077,15.17998178117197,15.247892864128708,61374564
2012-05-11,15.055601119995117,15.287444110897834,15.044157946893764,15.18296531455342,83892024
2012-05-14,15.025004386901855,15.136945755402307,14.939929022680621,14.94490501620432,72903024
2012-05-15,15.201871871948242,15.298638784400712,15.018785832439855,15.058587145376462,83999916
2012-05-16,15.645159721374512,15.674263929081757,15.322022531565132,15.37227163204167,193210596
2012-05-17,15.498889923095703,15.86705185006483,15.45361586800729,15.767052290304028,134017848
2012-05-18,14.935452461242676,15.731976442873997,14.843411270013462,15.549884837125884,238701060
2012-05-21,15.27649974822998,15.315803367768588,14.925501172352353,14.938188107718615,122892984
2012-05-22,14.945402145385742,15.269037018425276,14.825998205522962,15.25983204636329,121953924
2012-05-23,15.16082763671875,15.16430960005107,14.853859341962945,14.966546785827008,126996876
2012-05-24,15.016548156738281,15.222020960738654,14.897392586839787,15.15336381201654,75576348
2012-05-25,14.714802742004395,14.968535755968361,14.633956354889406,14.950377029095309,143132724
2012-05-29,14.784704208374023,14.903859778361957,14.634952296335532,14.821271932564825,104123772
2012-05-30,14.632713317871094,14.724007494881057,14.515796896318124,14.630971862224154,76191732
2012-05-31,14.44937801361084,14.676743677324449,14.403108570171321,14.644902625319725,118613268
2012-06-01,14.203604698181152,14.245147467230957,14.138181141053817,14.22375420199553,122193684
2012-06-04,14.392909049987793,14.440173878332706,14.179475047162024,14.184698465754435,97210692
2012-06-05,14.189425468444824,14.381467159232846,14.091414794397336,14.31479984143591,93502404
2012-06-06,14.44216537475586,14.476991645352896,14.269029410183634,14.340422459116938,83748168
2012-06-07,14.383954048156738,14.624255013969451,14.359576513644345,14.617041766444473,70269660
2012-06-08,14.439179420471191,14.452861744500641,14.293157843721518,14.324750522347266,56359584
2012-06-11,14.141913414001465,14.56032540277079,14.09688773062934,14.532713328499696,106337556
2012-06-12,14.057334899902344,14.186689881001788,13.895144427345528,14.17350525140947,128839032
2012-06-13,13.9575834274292,14.104599448641515,13.897632606692643,13.97325558062997,78089832
2012-06-14,13.906835556030273,14.056588409740954,13.843899522979497,13.96280671485755,93702204
2012-06-15,14.042657852172852,14.042906225259092,13.85807872954162,13.938926065090394,119927952
2012-06-18,14.200371742248535,14.283954978247026,13.911811495766749,13.995644052853917,99776124
2012-06-19,14.466045379638672,14.534454155598224,14.256839394302101,14.268530941569487,82964952
2012-06-20,14.366044044494629,14.427985640602389,14.266541231353175,14.423258967841548,93774132
2012-06-21,14.06007194519043,14.424006808830566,14.023255845341176,14.424006808830566,80371548
2012-06-22,14.216042518615723,14.216042518615723,14.075246258939071,14.129475016074716,89026884
2012-06-25,13.947882652282715,14.131713824028296,13.864547788322161,14.112808080549787,63200736
2012-06-26,14.046886444091797,14.094648018468304,13.917532417152636,13.999124869715288,53953992
2012-06-27,14.16181468963623,14.278481795442953,14.080222227504086,14.12201337298775,67624308
2012-06-28,14.03768253326416,14.085444108024943,13.861063676686278,14.077235472483409,76759164
2012-06-29,14.429726600646973,14.431219683244588,14.23395361044751,14.302610762225143,100679220
2012-07-02,14.439676284790039,14.502613269460321,14.340919538623046,14.473258792425899,66153780
2012-07-03,14.622761726379395,14.637190117204796,14.378232733510922,14.428233459246465,47532420
2012-07-05,14.82400894165039,14.926994665957878,14.640424251379992,14.645897939403772,93742164
2012-07-06,14.576743125915527,14.764307486259014,14.49813587939822,14.737689851578443,86385528
2012-07-09,14.577489852905273,14.64191802692105,14.459081291254952,14.551120591859956,68535396
2012-07-10,14.470273971557617,14.737191618824752,14.396640830664385,14.681469779980324,76847076
2012-07-11,14.20882797241211,14.374501352759784,14.053354952395518,14.335943801110517,139832028
2012-07-12,14.191166877746582,14.227237856820278,13.98245858124498,14.107584589100862,92299608
2012-07-13,14.34141731262207,14.406840872604338,14.143156803912529,14.232709526113924,78960960
2012-07-16,14.301616668701172,14.407835989255377,14.223507117199894,14.33768670116761,58445496
2012-07-17,14.346641540527344,14.444652219006363,14.139425382410963,14.388930378267416,67136796
2012-07-18,14.446890830993652,14.51977695640781,14.33171586941379,14.3528598135022,61866072
2012-07-19,14.752862930297852,14.887690650865014,14.57724040361948,14.58072236683019,186801012
2012-07-20,15.194658279418945,15.247394902653541,14.880227420751003,15.143413790733534,258289452
2012-07-23,15.311325073242188,15.381972045226881,14.88196765782043,14.937441120504815,142325532
2012-07-24,15.113811492919922,15.371525116154606,15.033462798719372,15.29863899048228,80295624
2012-07-25,15.124258995056152,15.258339696929712,15.059083812222035,15.132467630685607,72847080
2012-07-26,15.257842063903809,15.345156579168858,15.175005848080831,15.29863876510821,67340592
2012-07-27,15.795160293579102,15.796155681899087,15.360828762080562,15.395405708350275,141846012
2012-07-30,15.728991508483887,15.985213007606717,15.65933897008264,15.822275514850215,87380532
2012-07-31,15.745657920837402,15.833469186120594,15.627497738403253,15.62849312676486,74549376
2012-08-01,15.738446235656738,15.908347669983623,15.706106538571948,15.853371891319696,73710216
2012-08-02,15.640681266784668,15.87152983736572,15.507845269248184,15.560084197941684,79028892
2012-08-03,15.953619003295898,16.013073071884456,15.824513350081288,15.92053419250215,75808116
2012-08-06,15.990686416625977,16.153871331644712,15.901131800260096,15.91083351876677,71224704
2012-08-07,15.933967590332031,16.026506472013324,15.832723326843666,15.965061625317551,79192728
2012-08-08,15.976008415222168,16.066556527700282,15.883222100834836,15.896903477350646,52835112
2012-08-09,15.97899341583252,16.07899297084666,15.958346218022307,16.032725425560837,42769188
2012-08-10,15.97028636932373,15.976254907045487,15.82426480469615,15.885459380143226,57326616
2012-08-13,16.418302536010742,16.421783551516537,16.086707369414412,16.10511541927595,130585284
2012-08-14,16.63347625732422,16.737705743725346,16.393176232486084,16.39939503983857,146321532
2012-08-15,16.605615615844727,16.77253180645714,16.520042557390887,16.673774118932357,96331572
2012-08-16,16.738204956054688,16.782235251196823,16.59417320171362,16.604870309115416,68639292
2012-08-17,16.84442138671875,16.847159178514048,16.709097874532056,16.769297062407748,87020892
2012-08-20,16.804622650146484,16.887459819752657,16.732979333950738,16.80362726175887,70253676
2012-08-21,16.65462303161621,16.86581791229323,16.47203466636373,16.744175758488378,88799112
2012-08-22,16.84541893005371,16.930495252183142,16.584720067308147,16.60163598248997,76291632
2012-08-23,16.835968017578125,16.927511523384226,16.691687883683528,16.773032923824054,71296632
2012-08-24,16.881488800048828,16.92676285430342,16.768304612401256,16.80611420199651,57006936
2012-08-27,16.647409439086914,16.716563341620443,16.39914818033704,16.49243219521208,104443452
2012-08-28,16.8471622467041,16.856365324124187,16.535965890637883,16.542433071742106,82261656
2012-08-29,17.114824295043945,17.13920467562042,16.81979874873529,16.850145771949155,119492388
2012-08-30,16.957359313964844,17.09940027700813,16.92004647238427,17.021041413711202,65010924
2012-08-31,17.042186737060547,17.1290035640069,16.91656493092417,17.015072357454525,84998916
2012-09-04,16.94144058227539,17.03994801125727,16.75387717425918,17.02875415759823,75508416
2012-09-05,16.933481216430664,17.077264613890332,16.894177589797682,16.915571807015557,68259672
2012-09-06,17.39815902709961,17.410348267920494,17.03323071367604,17.063828002269517,121618260
2012-09-07,17.566070556640625,17.7178132377848,17.355124075094025,17.41308411410966,129190680
2012-09-10,17.432241439819336,17.73174528776442,17.373035735754076,17.655875833321936,102297600
2012-09-11,17.218807220458984,17.429258900020415,17.189205313477906,17.362342246911457,74877048
2012-09-12,17.186216354370117,17.286466172120633,16.937458399981075,17.149648633614483,105586308
2012-09-13,17.563335418701172,17.63696761275896,17.177759892267918,17.241193621709453,106253640
2012-09-14,17.65388298034668,17.736469875024163,17.58746498389481,17.65189220371243,104635260
2012-09-17,17.661344528198242,17.73348458132166,17.53746324535162,17.61482671686593,60271668
2012-09-18,17.867816925048828,17.877268374802497,17.581744197940964,17.60661942778412,82589328
2012-09-19,18.097169876098633,18.123537238209053,17.821297534363215,17.848411911694132,123808068
2012-09-20,18.112594604492188,18.19368936765592,17.940951732772078,18.021798122841858,116179704
2012-09-21,18.25861358642578,18.281748305656645,18.1623434254959,18.214334924491865,254109636
2012-09-24,18.641454696655273,18.657871968419666,18.16557943684594,18.184235858391343,142409448
2012-09-25,18.6359806060791,19.027278183783334,18.598667763794516,18.732747518910433,242097660
2012-09-26,18.74294662475586,18.9364823530201,18.432995962166032,18.653145531135284,226689084
2012-09-27,18.81856918334961,18.9762823031612,18.697922429169417,18.904392513614106,157086756
2012-09-28,18.768817901611328,18.888222797159568,18.685485881395756,18.760113467118934,111228660
2012-10-01,18.949913024902344,19.03001239014845,18.811353086645173,18.882001003604966,126593280
2012-10-02,18.83075714111328,19.054639870246167,18.66359258345309,19.034988061878643,111496392
2012-10-03,18.967824935913086,19.003148899061227,18.711604386512818,18.79916822710289,88243668
2012-10-04,19.105886459350586,19.151659156879056,18.89071003588925,18.974043950828726,98069832
2012-10-05,19.095937728881836,19.26335258597315,19.03026484303893,19.172057453485483,109326564
2012-10-08,18.851903915405273,18.994689999496234,18.760112048784908,18.93051115277629,78265656
2012-10-09,18.509859085083008,18.93846948005177,18.471054110567824,18.89742535593467,120007872
2012-10-10,18.52155303955078,18.59543360637319,18.36558042606641,18.454388026085955,81514404
2012-10-11,18.693693161010742,18.868322200739595,18.664091258863337,18.72901712430468,95260644
2012-10-12,18.526277542114258,18.778021678342494,18.5101086436992,18.702897351196643,96071832
2012-10-15,18.432497024536133,18.50339332214462,18.176773227768283,18.456376864837228,120643236
2012-10-16,18.525035858154297,18.582002412593692,18.32005978257028,18.41135491434708,82245672
2012-10-17,18.793445587158203,18.814589531385312,18.414585618785395,18.506377487132887,91624284
2012-10-18,17.28870391845703,18.89120701775503,16.816065118832203,18.79468848125062,497198304
2012-10-19,16.96009635925293,17.579753112389806,16.71656179623664,17.551893613845948,458828712
2012-10-22,16.882482528686523,17.030742291344097,16.65934492152551,16.940690937875498,162061776
2012-10-23,16.924274444580078,17.097908083818545,16.7165606058951,16.716808978975905,116547336
2012-10-24,16.848403930664062,17.089699338490817,16.797906457697323,17.08472429271982,99760140
2012-10-25,16.859846115112305,16.965319360370373,16.754124496761865,16.91556890278325,95947956
2012-10-26,16.794918060302734,16.99093938797199,16.69665902340813,16.82849961479337,77953968
2012-10-31,16.923032760620117,16.94044542210211,16.791190246014853,16.91208727992156,61418520
2012-11-01,17.1043758392334,17.186714362257288,16.883727633146286,16.903131069745406,81921996
2012-11-02,17.112586975097656,17.30238953589889,17.09890370221934,17.2834828437633,92883024
2012-11-05,16.989200592041016,17.08621587743136,16.80512011248213,17.027508822440513,65370564
2012-11-06,16.958354949951172,17.077261194560073,16.854622215277775,17.051887324328057,63248688
2012-11-07,16.59516716003418,16.871538149092427,16.579495007931474,16.791188507916445,89202708
2012-11-08,16.226259231567383,16.703874988592606,16.199889972908707,16.671785565037954,103776120
2012-11-09,16.493425369262695,16.625516244646747,16.17675536985988,16.284966405208017,124439436
2012-11-12,16.5648193359375,16.6618365239307,16.439694275909925,16.51133569599026,56179764
2012-11-13,16.39441680908203,16.607105667152517,16.37401798734195,16.49267773811831,63704232
2012-11-14,16.232725143432617,16.4722800184654,16.181729033659238,16.43446853699124,66669264
2012-11-15,16.10113525390625,16.418053645243134,16.01755106886568,16.169293762878088,73882044
2012-11-16,16.099143981933594,16.24441949091326,15.8210324744922,16.069542080132575,137390472
2012-11-19,16.622283935546875,16.63994686683756,16.306859551243043,16.311087582241136,94633272
2012-11-20,16.666065216064453,16.86581786925755,16.531735178109983,16.654622989119424,83464452
2012-11-21,16.564071655273438,16.661835854623185,16.42800301640265,16.641685402550245,84403512
2012-11-23,16.61631202697754,16.6668113972224,16.569794210234246,16.66606438194639,36863100
2012-11-26,16.4466609954834,16.592184889430868,16.39367599482863,16.578253243227074,88095816
2012-11-27,16.684471130371094,16.79118813176134,16.36829978341384,16.422280164797872,100247652
2012-11-28,17.006860733032227,17.03770828937567,16.51481850963371,16.617305581431175,121558320
2012-11-29,17.21134376525879,17.26134259718457,16.965319783251246,17.109103159608733,110948940
2012-11-30,17.37253761291504,17.393681557559617,17.057111366973526,17.196915083460006,126417456
2012-12-03,17.294923782348633,17.55960225569086,17.266563749366878,17.46880578427334,87612300
2012-12-04,17.18994903564453,17.30139271444422,17.057361412477395,17.288704831041517,79588332
2012-12-05,17.110095977783203,17.276267035651507,16.973526817666002,17.217808359333066,74421504
2012-12-06,17.19243621826172,17.303879894855864,17.027759174176904,17.104375635347893,58433508
2012-12-07,17.020296096801758,17.335473984965496,16.975769055543747,17.288705897815767,76695228
2012-12-10,17.050395965576172,17.205373193935138,17.00984858356388,17.049648950308573,54613332
2012-12-11,17.335472106933594,17.460845528745274,17.107609714226168,17.164325991334636,107396496
2012-12-12,17.352388381958008,17.500399796843148,17.25089668212964,17.393931154887945,96942960
2012-12-13,17.480249404907227,17.82279001781303,17.401890540306695,17.80910864233921,137658204
2012-12-14,17.461841583251953,17.607613834768067,17.374029372431004,17.392437420684498,85118796
2012-12-17,17.930007934570312,17.958366077430274,17.51308806156925,17.549904162261548,121294584
2012-12-18,17.937219619750977,18.13697416644087,17.78746769898867,17.826026202135424,120075804
2012-12-19,17.91333770751953,17.985229390331682,17.828013022631215,17.92826284405356,76667256
2012-12-20,17.969308853149414,18.026273503410675,17.835227205559928,17.991696557935068,66213720
2012-12-21,17.80189323425293,17.881245585790843,17.674777414386742,17.76059884158106,140898960
2012-12-24,17.64940643310547,17.790700396765526,17.598908956781084,17.774034750715693,33602364
2012-12-26,17.633731842041016,17.733484915353728,17.473034462405455,17.613831660384577,47248704
2012-12-27,17.569555282592773,17.632989015849414,17.37850896350044,17.590699228352346,65830104
2012-12-28,17.4133358001709,17.584976781493232,17.4133358001709,17.455126944558963,56023920
2012-12-31,17.596668243408203,17.67602249685486,17.31358169904286,17.413084508216034,79816104
2013-01-02,17.99144744873047,18.084733349973295,17.824781517492898,17.89617456272071,101550348
2013-01-03,18.001895904541016,18.207370602828846,17.928512083723934,18.033240209559697,92635272
2013-01-04,18.357620239257812,18.444685431546024,18.101648080976265,18.142942475437128,110429460
2013-01-07,18.27751922607422,18.39269418544223,18.17378838830473,18.29493378155507,66161772
2013-01-08,18.241451263427734,18.31607884756309,18.020803049232963,18.297172156447576,66976956
2013-01-09,18.36135482788086,18.36707499365267,18.12453579377619,18.21583092875936,80907012
2013-01-10,18.44493293762207,18.532496767931317,18.246424081018528,18.47851449319191,73354572
2013-01-11,18.40787124633789,18.468567186973118,18.31607937210199,18.45787197561763,51356592
2013-01-14,17.99144744873047,18.462846312839766,17.96905974250155,18.333491329339232,114441444
2013-01-15,18.033241271972656,18.28373976987676,17.71408372588846,17.893936190759174,156950892
2013-01-16,17.790950775146484,18.018564823635646,17.753139286953804,17.97030460097825,80855064
2013-01-17,17.694679260253906,17.901646093244814,17.68721669161994,17.85363614330852,88371540
2013-01-18,17.52527618408203,17.730750890099063,17.44617029928357,17.670800069752314,128942928
2013-01-22,17.484477996826172,17.545922845855436,17.301641272212247,17.5290069317898,151544304
2013-01-23,18.445430755615234,18.632000651999803,18.303389792154334,18.30836483771304,236127636
2013-01-24,18.761606216430664,18.826780458530344,18.420806075538295,18.43896575236246,135172692
2013-01-25,18.748172760009766,18.867826029693195,18.66309643940201,18.67603269665613,88946964
2013-01-28,18.67503547668457,18.796180869098748,18.60438755487198,18.700657719596258,65018916
2013-01-29,18.748422622680664,18.829767665231863,18.570809294292783,18.576032713839414,69814116
2013-01-30,18.75214958190918,18.929266123190416,18.729265132041764,18.749910432340545,69250680
2013-01-31,18.79842185974121,18.84643181227549,18.663096436704553,18.66956551331963,65302632
2013-02-01,19.293699264526367,19.318576391373323,18.85837324442916,18.86086076751606,149694156
2013-02-04,18.881256103515625,19.16608505681762,18.86259968193981,19.09692926647434,121498380
2013-02-05,19.048423767089844,19.182006787529488,18.892453039352716,18.93374554250582,74753172
2013-02-06,19.15862274169922,19.22802690605299,18.868321992618103,18.882502010790038,83040876
2013-02-07,19.25265121459961,19.373548224773938,19.042449868610472,19.146929608948692,113494392
2013-02-08,19.53673553466797,19.569073332213897,19.392207042106488,19.406387060155623,120683196
2013-02-11,19.463348388671875,19.477776777349536,19.247675261569373,19.363346952086516,86625288
2013-02-12,19.420564651489258,19.599670086496854,19.387479839589922,19.446683641101018,74285640
2013-02-13,19.47429847717285,19.53623818036648,19.402406785792767,19.406388339458523,47880072
2013-02-14,19.59768295288086,19.620567406475352,19.34768119923409,19.39643627166014,69342588
2013-02-15,19.72380256652832,19.733005643001178,19.57902380209817,19.587233386178823,109082808
2013-02-19,20.071067810058594,20.0747990944326,19.78325458315674,19.800917512642634,117154728
2013-02-20,19.713104248046875,20.123803360270305,19.696438603789552,20.032510136534892,110457432
2013-02-21,19.789472579956055,20.036241668637256,19.682258829885026,19.85091742702937,140115744
2013-02-22,19.893455505371094,19.931763739403927,19.746439480865288,19.882261651684885,82073844
2013-02-25,19.671064376831055,20.10987324693407,19.66409855477301,19.95788219487002,92063844
2013-02-26,19.65514373779297,19.799920593878642,19.51260413537651,19.77628912800316,88011900
2013-02-27,19.895198822021484,20.018831756415906,19.679525634894624,19.771317514507114,80962956
2013-02-28,19.930519104003906,20.074548943256655,19.92628917783466,19.928031581308232,90541368
2013-03-01,20.054651260375977,20.07828462490712,19.804897883484013,19.845943909054387,86928984
2013-03-04,20.43549919128418,20.46883427319623,20.025048434389067,20.032511003061902,110912976
2013-03-05,20.860876083374023,20.899432686523696,20.619578789429667,20.620325804655916,161602236
2013-03-06,20.681272506713867,20.99520471511307,20.617342032043243,20.92132414906751,114805080
2013-03-07,20.71162223815918,20.811621797999713,20.636496011757167,20.747939693911515,82025892
2013-03-08,20.684757232666016,20.769334912751155,20.52380956101349,20.75888617830409,116359524
2013-03-11,20.766843795776367,20.888237554561517,20.68425501084687,20.68898168304221,63724212
2013-03-12,20.58749008178711,20.693958715004744,20.489479405524044,20.664607082721915,80251668
2013-03-13,20.530275344848633,20.664108626823683,20.45564776208924,20.594704462943437,65586348
2013-03-14,20.43649673461914,20.572068642449253,20.333262627781274,20.572068642449253,65981952
2013-03-15,20.256391525268555,20.40564667427974,20.232509791357515,20.360869371185345,123864012
2013-03-18,20.094451904296875,20.21808292529421,19.937235533475953,20.025047742862853,73458468
2013-03-19,20.18226432800293,20.379531353393883,20.06111892116569,20.180273551159637,83844072
2013-03-20,20.266590118408203,20.33624264812402,20.185246990705952,20.319326735825125,58493448
2013-03-21,20.180768966674805,20.32156616241034,20.14569527625976,20.181515981866088,59044896
2013-03-22,20.15713882446289,20.279776354385238,20.140471283910546,20.26733874023174,59468472
2013-03-25,20.140470504760742,20.379030002124793,20.07032122606214,20.2093779180698,68411520
2013-03-26,20.209627151489258,20.24893077075811,20.09445218961154,20.236493156556293,47628324
2013-03-27,19.966838836669922,20.07479770293683,19.933752129811527,20.066838388548458,86441472
2013-03-28,19.75613784790039,20.034249323064444,19.733998517392905,19.99992075252676,91420488
2013-04-01,19.930273056030273,19.956640420484952,19.7327576638227,19.776539585156378,72219708
2013-04-02,20.225048065185547,20.269576997066814,20.000169944067732,20.013604841935,81578340
2013-04-03,20.054899215698242,20.25390673993458,19.91733654198496,20.235498690881002,69470460
2013-04-04,19.778030395507812,20.043704278935607,19.684247751655022,20.006389540668042,97806096
2013-04-05,19.479022979736328,19.57703365224304,19.313597027268287,19.553898932044817,137218644
2013-04-08,19.275041580200195,19.39195894959044,19.11459255963751,19.37205687021948,113170716
2013-04-09,19.344694137573242,19.496436828054552,19.23175832152994,19.291210498672434,86205708
2013-04-10,19.656389236450195,19.710369621912818,19.303648244768677,19.475789762007548,79064856
2013-04-11,19.661611557006836,19.729024941794254,19.504146813127754,19.723553150015185,81066852
2013-04-12,19.653154373168945,19.704150488646924,19.476037812972404,19.701414592649797,65402532
2013-04-15,19.45116424560547,19.826042700526962,19.32902344790112,19.55116570839118,98025876
2013-04-16,19.735740661621094,19.801165166303896,19.500665962644014,19.567083959674857,69610320
2013-04-17,19.466833114624023,19.672804544131587,19.355886189659056,19.571062590725397,81398520
2013-04-18,19.05265235900879,19.54743241068207,18.936978754120023,19.53623666183978,132767100
2013-04-19,19.897436141967773,19.986241848038823,19.06135920973236,19.133497374607597,231895872
2013-04-22,19.90340805053711,19.999179586288445,19.278774312759737,19.915595396998608,115220664
2013-04-23,20.09718894958496,20.28624448553626,19.909625548206478,19.925546074264833,91600308
2013-04-24,20.235248565673828,20.348432746248616,20.099674784475766,20.102410680292465,73090836
2013-04-25,20.12704086303711,20.310376248717468,20.090473135148788,20.304904456179194,79608312
2013-04-26,19.935993194580078,20.093209576618968,19.815594807051784,20.089726665247838,99408492
2013-04-29,20.37480354309082,20.465349756803537,19.97529636445632,19.981515171772056,91939968
2013-04-30,20.511869430541992,20.588237521822442,20.34047303411326,20.37330947426535,92175732
2013-05-01,20.40888214111328,20.51560104733117,20.30763692299835,20.47928169530477,58141800
2013-05-02,20.637243270874023,20.76013107679419,20.37455364041742,20.400674527591104,80651268
2013-05-03,21.037992477416992,21.064858484093474,20.796200313306564,20.82008015480905,100403496
2013-05-06,21.431777954101562,21.439240523191295,21.101178180319167,21.101178180319167,85566348
2013-05-07,21.32431411743164,21.489489819254693,21.16112919244159,21.468097500200646,78281640
2013-05-08,21.732276916503906,21.73849572346004,21.216847786548794,21.31858974352442,98633268
2013-05-09,21.678794860839844,21.882278789622745,21.597946572561728,21.66287433467617,87935976
2013-05-10,21.89645767211914,21.9041686137112,21.695709649815576,21.774068515086814,75832092
2013-05-13,21.82929229736328,21.95217819853224,21.726056309480263,21.863122228158446,57882060
2013-05-14,22.067354202270508,22.10690619575292,21.819591611584794,21.828546314869268,63108828
2013-05-15,22.783531188964844,22.79572043133312,22.23949737431309,22.276313474531975,159276564
2013-05-16,22.48452377319336,22.885274735108744,22.43825432746299,22.860894354734754,128255616
2013-05-17,22.61661148071289,22.723825226381553,22.401186705117567,22.637507050689095,111568320
2013-05-20,22.600444793701172,22.900695639925722,22.512632579010212,22.512632579010212,90817092
2013-05-21,22.5616397857666,22.678306897197498,22.32880230914583,22.587758778958527,79240680
2013-05-22,22.125064849853516,22.619846785071438,22.0618813916327,22.451935204367704,102321576
2013-05-23,21.960140228271484,22.13849865277872,21.741480899442816,21.816108482007547,90912996
2013-05-24,21.724563598632812,21.861381140597338,21.66710030684682,21.772821918740668,91780128
2013-05-28,21.922330856323242,22.19273144564567,21.90068826753981,21.977803380425357,90209700
2013-05-29,21.59993553161621,21.84073418056944,21.49993597930142,21.784017903377308,80455464
2013-05-30,21.66088104248047,21.863369559367715,21.552671910144905,21.639985472815823,84743172
2013-05-31,21.672327041625977,21.816110427619794,21.580286790649264,21.595213825275685,78697224
2013-06-03,21.583019256591797,21.74073236772922,21.269335437802464,21.716604155806895,98928972
2013-06-04,21.370830535888672,21.65665487897624,21.245705480187862,21.588494476636,74669256
2013-06-05,21.385757446289062,21.62829663603801,21.321826965146933,21.45565836205608,84187728
2013-06-06,21.508644104003906,21.55068362125787,21.07530698654136,21.500186146737413,103060836
2013-06-07,21.884017944335938,21.890735393509523,21.525558702703027,21.652424261989523,106877016
2013-06-10,22.14496612548828,22.164367665009276,21.892973629036018,21.942974352210815,93418488
2013-06-11,21.886011123657227,22.064868204480735,21.878796927520764,21.989493600694882,70233696
2013-06-12,21.691232681274414,22.03999212559849,21.633272637278115,22.02655912227125,88103808
2013-06-13,21.81610870361328,21.88227832984141,21.530035984879618,21.616604436568732,82713204
2013-06-14,21.767351150512695,22.007653061996205,21.744715071824313,21.893223219198767,89710200
2013-06-17,22.04620933532715,22.125313318983032,21.847948838061626,21.871580304728777,85766148
2013-06-18,22.403675079345703,22.413128424401616,22.098449205464618,22.10590987790646,86589324
2013-06-19,22.405166625976562,22.657906141204148,22.326062644413316,22.422330912086817,116519364
2013-06-20,22.00864601135254,22.413128212541842,21.97307367716431,22.238747556714745,134745120
2013-06-21,21.913869857788086,22.13650883461076,21.71834525847264,22.098198708611804,159132708
2013-06-24,21.636754989624023,21.799192890869776,21.474066819303694,21.688744597911853,120555324
2013-06-25,21.547449111938477,21.882773624490152,21.505407702349473,21.82257443643836,102025872
2013-06-26,21.73277473449707,21.84098387684824,21.656156374649978,21.735262257402205,73182744
2013-06-27,21.81785011291504,22.00740238369714,21.807401379576234,21.860885015713833,76982940
2013-06-28,21.899938583374023,21.936506306457428,21.746207018549434,21.76386805139653,93878028
2013-07-01,22.086755752563477,22.19123360188322,22.01511244447446,22.05118341958213,68923008
2013-07-02,21.948198318481445,22.164368218187796,21.822824895791605,22.14446803604231,75584340
2013-07-03,22.050687789916992,22.11884629450578,21.85342078360415,21.888247999125902,41838120
2013-07-05,22.2263126373291,22.274074218139862,22.073326175671355,22.139746075594445,68007924
2013-07-08,22.514869689941406,22.54422132056913,22.315613810528582,22.36859880306927,78701220
2013-07-09,22.518604278564453,22.710397617932205,22.33800479312449,22.661889021600487,79096824
2013-07-10,22.53725814819336,22.6653674690517,22.397704705612025,22.474072793564385,68267664
2013-07-11,22.891742706298828,22.905920829849016,22.600198167877796,22.71164185926005,103264632
2013-07-12,22.960397720336914,22.960397720336914,22.767360633349174,22.885770136891374,102625272
2013-07-15,23.00243377685547,23.084772289758686,22.795218598808624,22.992732059748402,78341580
2013-07-16,22.876068115234375,23.084028440982507,22.734027145876006,23.063132869572833,79240680
2013-07-17,22.849700927734375,23.056419406762664,22.793729761822295,22.91064713986282,60183756
2013-07-18,22.653926849365234,22.88577081751348,22.46760720629515,22.86064531853652,145234620
2013-07-19,22.303674697875977,22.46163619561651,21.781531880699347,22.055165090464893,294077628
2013-07-22,22.6544246673584,22.703430006056777,22.31362455029664,22.438004487205806,116011872
2013-07-23,22.4827823638916,22.7116401643267,22.377557488231137,22.65442524022346,81746172
2013-07-24,22.460391998291016,22.64447248317964,22.4056645990088,22.568851408508895,83056860
2013-07-25,22.082279205322266,22.309893238237965,22.041980196820685,22.23576429754661,119923956
2013-07-26,22.023822784423828,22.13924612389493,21.94048697406355,22.064618539793578,71036892
2013-07-29,21.94720458984375,22.259396304770164,21.91287601465574,22.012629097963305,75600324
2013-07-30,22.16238021850586,22.27904731614452,21.91237848243253,22.026558057204127,70153776
2013-07-31,22.083520889282227,22.30143318320813,22.044467541880366,22.213871247920228,86853060
2013-08-01,22.493227005004883,22.5014365883687,22.26387058479214,22.26387058479214,85450464
2013-08-02,22.55168914794922,22.562386255674713,22.40865277768568,22.473827020518705,68487444
2013-08-05,22.512632369995117,22.52556862682927,22.36835224797176,22.52233408862627,52335612
2013-08-06,22.302928924560547,22.629797390525173,22.28203335340147,22.504920709750156,60183756
2013-08-07,22.15566635131836,22.3496969416717,22.116857578878577,22.26486899268893,55112832
2013-08-08,22.205663681030273,22.284769563232448,22.022328314654327,22.276063233125015,59460480
2013-08-09,22.14969253540039,22.276806460958344,22.139492175644083,22.153421923437687,52895052
2013-08-12,22.027801513671875,22.06486598307355,21.931779719572553,22.06237846024092,55024920
2013-08-13,21.921829223632812,22.102180313602734,21.79620742692605,22.06063754547798,56735208
2013-08-14,21.637250900268555,21.896457604363572,21.571329649374864,21.85018816299886,83204712
2013-08-15,21.3847599029541,21.515607005753644,21.34346551060811,21.50366613876581,74693232
2013-08-16,21.31635284423828,21.453915510764094,21.30714787220351,21.425060625203397,66936996
2013-08-19,21.533769607543945,21.691731121532406,21.32978891469565,21.33625609577224,72363564
2013-08-20,21.528047561645508,21.694467019112693,21.48127947554647,21.600932742892486,49270680
2013-08-21,21.62531280517578,21.813871609987853,21.5549132457755,21.658149248289448,70221708
2013-08-22,21.73426628112793,21.760136897837086,21.64819647415623,21.709140783683463,34761204
2013-08-23,21.647201538085938,21.840983742353828,21.635759311988345,21.836755711832264,43040916
2013-08-26,21.552175521850586,21.763869032359462,21.54371756467592,21.64197851256523,42057900
2013-08-27,21.148191452026367,21.486005401141085,21.092222187274686,21.3837666940791,69294636
2013-08-28,21.10839080810547,21.279038288039764,21.088987371522528,21.150680592450055,53142804
2013-08-29,21.279539108276367,21.402673397690396,21.10938835710409,21.121327330395957,59080860
2013-08-30,21.067344665527344,21.344460776027145,21.034011480396686,21.28774449708974,74389536
2013-09-03,21.402671813964844,21.54720030812421,21.24271954014175,21.25291990087818,81822096
2013-09-04,21.682523727416992,21.72904153923882,21.27306839254674,21.401922826092083,81566352
2013-09-05,21.879789352416992,21.88774866681354,21.682025606166192,21.72904206124138,51600348
2013-09-06,21.880290985107422,21.984768850702597,21.73501356974829,21.95143376617498,62401536
2013-09-09,22.090986251831055,22.133276038411932,21.9509360538768,21.983522225675298,49334616
2013-09-10,22.106407165527344,22.189244324277944,21.990236824016122,22.139990617335485,51452496
2013-09-11,22.293476104736328,22.312879541836576,22.041980333675465,22.10317681005662,64359576
2013-09-12,22.215612411499023,22.336012683044995,22.139742968068262,22.323573173390127,43776180
2013-09-13,22.116357803344727,22.28078646760952,22.01113293810366,22.25143483715137,52962984
2013-09-16,22.083770751953125,22.313623928551653,22.011880962977553,22.293723745913585,53406540
2013-09-17,22.042726516723633,22.09944279535396,21.91561068798892,22.07506431335126,50325624
2013-09-18,22.470840454101562,22.487009352605202,21.967103805797528,22.048697209538638,77310612
2013-09-19,22.348201751708984,22.53725918211987,22.27382443698614,22.53725918211987,63852084
2013-09-20,22.465618133544922,22.490992007549888,22.279298476342362,22.348204005966693,173638188
2013-09-23,22.05242919921875,22.427804371902013,22.020089505199213,22.292480849538727,71024904
2013-09-24,22.06088638305664,22.141981144393146,21.925560969459116,22.052428426208184,59412528
2013-09-25,21.82183074951172,22.053672814244376,21.781283367691383,22.053672814244376,65894040
2013-09-26,21.845212936401367,21.95914413530388,21.766355429873713,21.848445578463053,50345604
2013-09-27,21.800935745239258,21.82904551324231,21.6745669237654,21.761878600974935,50301648
2013-09-30,21.78899574279785,21.91163328468544,21.599938301285846,21.619093366537772,68827104
2013-10-01,22.06486701965332,22.081534561001593,21.891980382708322,21.896955428607296,67324608
2013-10-02,22.089494705200195,22.123574908474104,21.836506786221015,21.958647580385605,59752188
2013-10-03,21.793468475341797,22.24148230205874,21.694214046260463,22.08973962818872,84595320
2013-10-04,21.700437545776367,21.828795248066054,21.64197885988718,21.766356904612525,54265680
2013-10-07,21.5360050201416,21.741231334942775,21.49545764092689,21.578543175947328,51692256
2013-10-08,21.235754013061523,21.541975265614425,21.185006274233636,21.525557994804043,77670252
2013-10-09,21.29022979736328,21.459136751105017,20.96983044385646,21.30067852974927,105945948
2013-10-10,21.598196029663086,21.612872793793105,21.39844339283547,21.488743127394383,90121788
2013-10-11,21.691482543945312,21.728547018197574,21.525063073512438,21.54322275095825,56299644
2013-10-14,21.793968200683594,21.797451111768307,21.527298933364598,21.558891610231548,49694256
2013-10-15,21.940736770629883,22.030786236613007,21.74148087889327,21.7852627984318,63612324
2013-10-16,22.33924674987793,22.34670931856022,21.990487318627665,22.036756761240113,80223696
2013-10-17,22.10939598083496,22.311137505028483,22.03327436573374,22.213873840810376,170093736
2013-10-18,25.159669876098633,25.260418347889235,24.229065164640684,24.29324401537108,462193344
2013-10-21,24.957927703857422,25.348478278159252,24.864641803363714,25.160912984796347,144986868
2013-10-22,25.04996681213379,25.199221982285714,24.771110178465886,25.000216352735066,88255656
2013-10-23,25.657190322875977,25.740275873241217,24.891510960872886,24.900715934334233,106421472
2013-10-24,25.51141357421875,25.885050139952856,25.492757152035423,25.668629954692687,83600316
2013-10-25,25.253948211669922,25.59275754595071,25.14300317557697,25.59275754595071,81138780
2013-10-28,25.248973846435547,25.458676579068243,25.198973118930308,25.25394889227863,46301652
2013-10-29,25.77733612060547,25.794748780214977,25.211659784536753,25.350962957390582,64135800
2013-10-30,25.63255500793457,25.808926425467998,25.522605372634207,25.8069356490188,52911036
2013-10-31,25.636539459228516,25.90868052657882,25.47210888984507,25.59549343616067,65534400
2013-11-01,25.548479080200195,25.771366438441273,25.500218861272785,25.666640208666998,51280668
2013-11-04,25.52534294128418,25.681065277302064,25.423849359296753,25.65942269191441,45506448
2013-11-05,25.41116714477539,25.66315778566096,25.309174905513657,25.38206198685988,47208744
2013-11-06,25.44175910949707,25.547482619155105,25.258177274741172,25.512657300382486,36479484
2013-11-07,25.073598861694336,25.471115249728523,25.065886024109627,25.438278810660286,67116816
2013-11-08,25.27459716796875,25.336040124335835,25.08728213364769,25.09350094121655,51580368
2013-11-11,25.13926887512207,25.272106760784325,25.074841656865797,25.112404767077187,44459496
2013-11-12,25.168872833251953,25.31265430313135,25.000214239797856,25.067379250287438,48675276
2013-11-13,25.683557510375977,25.693010856896645,25.037533327990698,25.0437521359706,63112824
2013-11-14,25.75221061706543,25.86464968122301,25.630816850020757,25.719624447571363,46621332
2013-11-15,25.710668563842773,25.821118750418556,25.62982217459244,25.743256630221016,51000948
2013-11-18,25.660667419433594,26.08828242129843,25.60320412953779,25.76514526652704,70317612
2013-11-19,25.502708435058594,25.740272558894606,25.44922479696659,25.664897960987993,45218736
2013-11-20,25.430814743041992,25.705693605009106,25.38230804691448,25.620867558075677,38509452
2013-11-21,25.723358154296875,25.828831406154354,25.522610115829828,25.547485346179823,43628328
2013-11-22,25.669124603271484,25.775593231532966,25.602706608139652,25.70718445980645,50117832
2013-11-25,26.018381118774414,26.198980581971483,25.7469870737899,25.800220440663566,64455480
2013-11-26,26.328832626342773,26.405699356624645,25.944004124738473,26.084801329056514,91360548
2013-11-27,26.445749282836914,26.567391420605258,26.368385808453368,26.418883278719306,44899056
2013-11-29,26.358186721801758,26.53306413009458,26.354703810584514,26.422119093192908,47664288
2013-12-02,26.23107147216797,26.52634726922007,26.138534481666472,26.4557012388745,54873072
2013-12-03,26.200721740722656,26.453957994905153,26.095248504319613,26.143258450251626,66976956
2013-12-04,26.32311248779297,26.46739070741988,26.11962667466685,26.153706874908565,47616336
2013-12-05,26.302217483520508,26.359929151810096,26.14674351186957,26.298732676321972,45302652
2013-12-06,26.61391258239746,26.617147120773726,26.370378007160266,26.611923701531865,57094848
2013-12-09,26.81963348388672,26.923366220827475,26.567889344657306,26.64177180724517,59244696
2013-12-10,26.98182487487793,27.172124165627224,26.757691860471954,26.770131370749986,74081844
2013-12-11,26.79848861694336,27.147496404872637,26.74575199648218,27.049982478445912,68403528
2013-12-12,26.61614990234375,26.939038716342004,26.59227006175287,26.855206161235504,63796140
2013-12-13,26.388036727905273,26.77361224913106,26.315898565332564,26.751474812572003,86409504
2013-12-16,26.691272735595703,26.73381089148877,26.418384663849878,26.4678886418481,64015920
2013-12-17,26.613662719726562,26.88480840661873,26.57684662202728,26.68729491512513,61366572
2013-12-18,26.98406219482422,26.98903724020695,26.34450342627047,26.663162287749632,88323588
2013-12-19,27.0206298828125,27.164162975492452,26.843014695738397,26.88505420836643,66561372
2013-12-20,27.37884521484375,27.392526591868663,27.064911078700792,27.072375543965077,130333536
2013-12-23,27.739046096801758,27.756458757964776,27.490786748730603,27.55844851255079,68795136
2013-12-24,27.657949447631836,27.74252712064694,27.564913817717443,27.735809671354364,29338632
2013-12-26,27.79775047302246,27.83605870307797,27.579589795401226,27.711929041027282,53458488
2013-12-27,27.821134567260742,27.867900755656827,27.685312405656497,27.860936829200213,62725212
2013-12-30,27.598743438720703,27.873373921822395,27.58779985506833,27.86939426449628,49394556
2013-12-31,27.878597259521484,27.885811454891588,27.519140732314437,27.66789914722598,54261684
2014-01-02,27.689790725708008,27.80496568916374,27.56889370124993,27.747999140165586,72783144
2014-01-03,27.4877986907959,27.784566613364614,27.486058183190607,27.736556663929797,66601332
2014-01-06,27.794269561767578,27.832577794579418,27.52362061716687,27.68705580531898,70701228
2014-01-07,28.330095291137695,28.350742489846244,27.88979235669448,27.985315512372548,102001896
2014-01-08,28.38905143737793,28.5405457587712,28.191537940623817,28.507709317683755,89610300
2014-01-09,28.115665435791016,28.463429478123942,27.999246710167217,28.44402604119034,83296620
2014-01-10,28.114171981811523,28.33556719656999,27.916904979563153,28.33556719656999,85654260
2014-01-13,27.935068130493164,28.53034449808098,27.79053774044953,28.021883059388717,96659244
2014-01-14,28.59228515625,28.632087417547318,28.06218114800143,28.307456208020902,99204696
2014-01-15,28.5728816986084,28.731590205549228,28.4527316915201,28.681589479871352,77929992
2014-01-16,28.761940002441406,28.804476264952203,28.5574606899597,28.584823441934553,67288644
2014-01-17,28.620397567749023,28.87164308498213,28.462934703531943,28.777612058855457,107943948
2014-01-21,28.948009490966797,28.955472059229567,28.63954908552817,28.87910207710956,79116804
2014-01-22,28.98084831237793,29.052241358883283,28.82761348535339,29.020400306619017,62793144
2014-01-23,28.858457565307617,28.9179097399563,28.715917957242816,28.85597004248531,77886036
2014-01-24,27.95621109008789,28.69552107547444,27.935563892237834,28.63233572051108,155544300
2014-01-27,27.39401626586914,28.02262960103186,26.92237093266727,28.01267950954387,173969856
2014-01-28,27.935813903808594,28.003974308422436,27.61068592983375,27.620139275519552,88319592
2014-01-29,27.535558700561523,27.904466660827918,27.348990705319952,27.839044055151145,95100804
2014-01-30,28.2437744140625,28.66915219891055,28.04128588214482,28.48283256557988,203452344
2014-01-31,29.37761688232422,29.516174940819702,28.63532071319963,29.138310354858664,222429348
2014-02-03,28.195016860961914,29.396270362854242,28.159692901882153,29.33358365473046,182581236
2014-02-04,28.312681198120117,28.73158989738959,28.284074685874693,28.308451271766753,112363524
2014-02-05,28.43805503845215,28.626365447006904,28.06044072898872,28.44253333795584,95684220
2014-02-06,28.854976654052734,28.85995170004216,28.546265949714975,28.635321927294747,77786136
2014-02-07,29.289804458618164,29.301246684630566,28.869900359663216,29.04577315620615,105342552
2014-02-10,29.177616119384766,29.41318946854503,29.080350560826783,29.149504456127925,77730192
2014-02-11,29.60672378540039,29.648763302469614,29.15970529361106,29.357717429256915,81949968
2014-02-12,29.51990509033203,29.60224361158301,29.38781421723094,29.57736838364682,68911020
2014-02-13,29.8485164642334,29.8485164642334,29.34502819112586,29.37214256923711,73382544
2014-02-14,29.920654296875,29.9602081847098,29.67189632805182,29.74179723576409,87380532
2014-02-18,30.121652603149414,30.171156585363715,29.851003658028414,29.886079248643682,84271644
2014-02-19,29.90921401977539,30.08036015052467,29.788813736829372,29.98284621649825,84059856
2014-02-20,29.953245162963867,30.022399061907986,29.85647824147706,29.929115051874824,67963968
2014-02-21,29.945281982421875,30.096527923744414,29.921650515081904,30.045283435677604,74417508
2014-02-24,30.162200927734375,30.352500220636337,29.977870172981817,29.98433735329554,66905028
2014-02-25,30.348522186279297,30.460462618212222,30.11021103452127,30.247525338857415,57490452
2014-02-26,30.35274887084961,30.569417425126787,30.193295239500927,30.44802365270598,79208712
2014-02-27,30.328866958618164,30.453743633780633,30.27413956233849,30.308468134555355,50349600
2014-02-28,30.240310668945312,30.452749289460314,30.00573082010314,30.356977764670948,92451456
2014-03-03,29.917919158935547,30.046030378794995,29.655477912036854,30.018916000295512,84107808
2014-03-04,30.221900939941406,30.24901531813633,30.087324437299934,30.22414008969654,58649292
2014-03-05,30.30523681640625,30.42514035480367,30.13483769858823,30.225385811154187,49362588
2014-03-06,30.338817596435547,30.501505757780247,30.313692099516413,30.405235592404015,50673276
2014-03-07,30.218917846679688,30.52240322936423,30.13558393218626,30.517676556581208,60543396
2014-03-10,30.138818740844727,30.289814418268556,29.95274557688124,30.241305824510537,48535416
2014-03-11,29.85075569152832,30.207226079839977,29.76742177502496,30.1935447033358,68451480
2014-03-12,30.0325984954834,30.046279871788894,29.457717149728683,29.761450908426617,78493428
2014-03-13,29.5788631439209,30.11220172925837,29.47189775832195,30.048767996412174,93730176
2014-03-14,29.174379348754883,29.623887246939297,29.1676637953653,29.40298876871601,91664244
2014-03-17,29.65448570251465,29.778118628161845,29.306471378593574,29.33483141573366,86397516
2014-03-18,30.131103515625,30.137820964679836,29.67836299634648,29.71841362966127,72527400
2014-03-19,29.832347869873047,30.149266265696458,29.711949480543637,30.14453959276335,64451484
2014-03-20,29.780359268188477,30.090063478548327,29.73558195633851,29.84976154198566,67320612
2014-03-21,29.42911148071289,30.090559403022016,29.414434715604514,30.007972500637848,128211660
2014-03-24,28.804475784301758,29.47537700648123,28.506464098714744,29.457715973333183,121362516
2014-03-25,28.824129104614258,29.100746573077974,28.532584603180602,29.005223421154774,96311592
2014-03-26,28.15869903564453,29.14378270218338,28.14700843699397,28.905968320195303,103096800
2014-03-27,27.71864891052246,28.157954573073773,27.415660266780122,28.130840193174652,152735112
2014-03-28,27.864669799804688,28.189050765129743,27.80546409748481,27.83606138906063,90265644
2014-03-31,27.724369049072266,28.234074266409777,27.683074650524414,28.119646312527394,77614308
2014-04-01,28.231338500976562,28.29626246796709,27.811184137836605,27.867652043945267,87152760
2014-04-02,28.236560821533203,28.47785621579245,27.96043821285743,28.405716160191467,83360556
2014-04-03,28.404647827148438,29.239640228616903,28.131784394552454,28.498584045718644,80366000
2014-04-04,27.099971771240234,28.813196201100276,27.062198207074164,28.7550446683724,107274000
2014-04-07,26.870349884033203,27.328602043540876,26.368361307377103,27.077110061026012,79232000
2014-04-08,27.709318161010742,27.827111473039672,27.072637422226514,27.0900330190245,69650000
2014-04-09,28.1829776763916,28.220751244007975,27.60345307278666,28.123335899726023,60632000
2014-04-10,27.171541213989258,28.241126713492967,27.112396188770038,28.23068935610134,65890000
2014-04-11,26.727705001831055,27.216273829166834,26.511004220959908,26.736650225017982,63494000
2014-04-14,27.097488403320312,27.486156284928892,26.864882253018514,27.02094777628106,50824000
2014-04-15,27.271442413330078,27.479694712784568,26.373825877897875,27.385756599466237,79956000
2014-04-16,28.026914596557617,28.03188585069751,27.490134804102826,27.718763199111756,91644000
2014-04-17,27.005041122436523,27.68396991315011,26.80921505643379,27.65017221307203,112294000
2014-04-21,26.807723999023438,27.037844504255887,26.54082531775102,27.037844504255887,48502000
2014-04-22,27.112398147583008,27.236652952930296,26.640229508067733,26.640229508067733,46622000
2014-04-23,26.71527862548828,27.077605666154874,26.24907475450484,27.021443012514553,39114000
2014-04-24,26.56269645690918,26.963293844107618,26.391720958145495,26.92303464850838,41348000
2014-04-25,25.999074935913086,26.53386769925887,25.969253101474226,26.454344703399688,47400000
2014-04-28,25.99311065673828,26.138240174187665,25.39768072146457,26.13327081634748,75056000
2014-04-29,26.65662956237793,26.727704079129108,25.994102900215083,26.038337956376466,50704000
2014-04-30,26.584562301635742,26.657127058916675,26.29678889937156,26.596491793779332,40770000
2014-05-01,26.765975952148438,26.83456484611468,26.484165391457186,26.553251031614803,40086000
2014-05-02,26.534364700317383,26.95832239890559,26.504542865592065,26.910608221736197,35616000
2014-05-05,26.606929779052734,26.62631236027663,26.221739133781384,26.3539456669656,24568000
2014-05-06,25.972732543945312,26.568162475934063,25.95732582834571,26.511501179392813,36700000
2014-05-07,25.74559211730957,26.06517621085402,25.40215283320884,26.006527934786824,61486000
2014-05-08,25.85344696044922,26.210307899955552,25.569649421032228,25.63227356741356,49040000
2014-05-09,26.17402458190918,26.210307908875798,25.56070420652137,25.777901734206736,45224000
2014-05-12,26.761003494262695,26.776908851560215,26.21825900918158,26.433467650989535,38968000
2014-05-13,26.915578842163086,27.037348021709274,26.734664632551603,26.818163498526133,40240000
2014-05-14,26.561206817626953,26.92949674902154,26.49659378391749,26.92949674902154,25618000
2014-05-15,26.29827880859375,26.540825554039262,26.108914238996544,26.498080735697012,36658000
2014-05-16,26.257524490356445,26.383766271439903,26.022432731894305,26.32213561939288,38154000
2014-05-19,26.780885696411133,26.80673166596771,26.126312628070327,26.286352115326107,39530000
2014-05-20,26.858421325683594,27.154643207136427,26.66856000610625,26.839036848792883,48506000
2014-05-21,27.32114601135254,27.323629742246776,26.943907104051497,26.98317280391381,31294000
2014-05-22,27.606929779052734,27.731683217708106,27.385756392938905,27.445400060368815,42994000
2014-05-23,28.021944046020508,28.081585821315876,27.54331391713221,27.74013348198699,53450000
2014-05-27,28.5721435546875,28.5721435546875,28.039339650483726,28.219757110988827,43716000
2014-05-28,28.352460861206055,28.710812057148836,28.327610279080503,28.55723405658929,31632000
2014-05-29,28.357927322387695,28.503056837619706,28.253056999359544,28.498584226034094,28222000
2014-05-30,28.4121036529541,28.458325696355594,28.120849227374443,28.41160690676389,37434000
2014-06-02,28.04878044128418,28.350472216477684,27.669057804865552,28.317668009049434,33210000
2014-06-03,27.560211181640625,27.952360050190254,27.461800456887836,27.87780641337821,40626000
2014-06-04,27.52293586730957,27.762500252146097,27.264485647142493,27.411604048153862,34582000
2014-06-05,28.078105926513672,28.0815850457763,27.58705146832181,27.689436165488658,35868000
2014-06-06,28.13277816772461,28.270452698824514,27.812200555391378,28.238643879474758,34804000
2014-06-09,28.366378784179688,28.42949967889089,28.092519951010313,28.16856383077352,30594000
2014-06-10,28.245603561401367,28.429500144393348,28.137748963439844,28.269458755149422,29676000
2014-06-11,28.205841064453125,28.278902572122227,28.01597973536331,28.127311556573368,22580000
2014-06-12,27.808225631713867,28.180990045286496,27.69142581210465,28.180990045286496,30930000
2014-06-13,27.85047149658203,27.865381466244116,27.52094865359626,27.83705176549502,27066000
2014-06-16,27.45037269592285,27.733176767898023,27.336058496998213,27.696396691522008,39436000
2014-06-17,27.366870880126953,27.521941004505727,27.210310517234916,27.45335211334033,29552000
2014-06-18,27.865880966186523,27.902659145282158,27.41458703714247,27.475222306018512,41212000
2014-06-19,28.08108901977539,28.081585765971678,27.667568667123067,27.890234201619645,52548000
2014-06-20,28.15713119506836,28.16955553715707,27.80176240051422,28.153652075927084,63212000
2014-06-23,28.543315887451172,28.550770872049267,28.007030990831126,28.049279063516625,34456000
2014-06-24,28.456336975097656,28.93894103726164,28.28834387014388,28.53983583342579,56886000
2014-06-25,29.12184715270996,29.189939303282625,28.492124634399506,28.506537858452894,42294000
2014-06-26,29.064191818237305,29.304251040865864,28.80723184995846,29.28934107185152,40248000
2014-06-27,29.10991859436035,29.218764786461783,28.957334089353488,29.09798910175985,40426000
2014-06-30,29.059221267700195,29.210315530090952,28.99063237501024,29.163098099099393,29578000
2014-07-01,29.39818572998047,29.50604031457519,29.139737432605973,29.207330931804133,32864000
2014-07-02,29.36290168762207,29.530398063361915,29.27989956705633,29.436461838239033,23916000
2014-07-03,29.47721290588379,29.535364438222807,29.27443050590376,29.408624016252006,17978000
2014-07-07,29.361906051635742,29.604947649112027,29.221745895510097,29.498587088566385,26734000
2014-07-08,28.74759292602539,29.22324070287522,28.52890514291213,29.143717700290587,42504000
2014-07-09,28.994112014770508,29.030892088664217,28.678008903281206,28.77492749791488,27456000
2014-07-10,28.8291015625,29.088048511949182,28.434467071339693,28.479198873754115,28724000
2014-07-11,29.157630920410156,29.23616042178163,28.855939152930695,28.876813867677548,30232000
2014-07-14,29.535863876342773,29.565685712459135,29.159620337374037,29.35395617436882,39032000
2014-07-15,29.47622299194336,29.587554816581708,29.09103232169172,29.580099831321522,33476000
2014-07-16,29.354949951171875,29.672048463163097,29.3365608615098,29.666580462896533,28816000
2014-07-17,28.867870330810547,29.299283023420045,28.670554021518758,29.27294030737715,58706000
2014-07-18,30.07512855529785,30.154152906556927,29.36985707606549,29.97075308598011,97432000
2014-07-21,29.74361801147461,30.027912297368104,29.545306318416333,29.888248885327954,44758000
2014-07-22,29.998586654663086,30.263001608529937,29.784371503848934,29.80624160726748,37632000
2014-07-23,30.0791072845459,30.171553270868305,29.888250565434376,29.92304365583825,22120000
2014-07-24,29.970754623413086,30.263996032109386,29.870853656383588,30.096004813823885,27100000
2014-07-25,29.725723266601562,29.87085278014124,29.609918841060185,29.783874800447556,27200000
2014-07-28,29.772443771362305,29.875823854026855,29.452859658207956,29.70932288018987,27162000
2014-07-29,29.520456314086914,29.74610232336951,29.43198619666155,29.7068385185227,27332000
2014-07-30,29.59450912475586,29.744113140220552,29.458326735345896,29.61290010833135,24302000
2014-07-31,28.804750442504883,29.423042108012247,28.71180770979802,29.272444583300267,46190000
2014-08-01,28.509021759033203,28.997590588515703,28.34500451213727,28.75504573339931,44266000
2014-08-04,28.939937591552734,29.016974960950602,28.442421644658243,28.653654425766383,30388000
2014-08-05,28.486156463623047,28.837052636708936,28.34549956750191,28.796296700506907,32876000
2014-08-06,28.55325698852539,28.759518517861434,28.203354284768885,28.305244131964088,26456000
2014-08-07,28.420053482055664,28.743116705989646,28.30176343345512,28.630789507250437,23260000
2014-08-08,28.7247257232666,28.80524410416313,28.281385466089514,28.43049084022641,29866000
2014-08-11,28.690431594848633,28.811705913686946,28.59351300579265,28.777411468699963,24068000
2014-08-12,28.43546485900879,28.623337307415277,28.32562327634675,28.578605501226416,27890000
2014-08-13,29.053756713867188,29.131787580136518,28.58854630556933,28.65067370925077,37988000
2014-08-14,29.058225631713867,29.21478598653642,28.872836936654235,29.159616828744998,25458000
2014-08-15,29.011507034301758,29.29779020081129,28.864887279789922,29.199878115743008,34468000
2014-08-18,29.45832633972168,29.57512614765661,29.152658716913717,29.179994922854984,29320000
2014-08-19,29.677513122558594,29.712304315348607,29.544809843770658,29.601965990792333,20864000
2014-08-20,29.593019485473633,29.671548986930986,29.47323730064128,29.6695601062958,19346000
2014-08-21,29.444412231445312,29.585069137621304,29.378805711106065,29.567673541166872,22640000
2014-08-22,29.450376510620117,29.57214568387007,29.31419221826982,29.48665794151636,17544000
2014-08-25,29.352460861206055,29.60146719348253,29.287351091788338,29.561209899459456,25912000
2014-08-26,29.230693817138672,29.426023139573477,29.197392862796,29.42353751265801,29434000
2014-08-27,28.976221084594727,29.292822853687248,28.87184750005145,29.21528683661373,27292000
2014-08-28,28.843019485473633,29.061210508735503,28.721745160329412,28.828107619935842,28116000
2014-08-29,28.944412231445312,28.971251694863714,28.73964092828216,28.94391548523059,24122000
2014-09-02,29.256040573120117,29.289341526812354,28.946398962311196,28.97373327393617,31660000
2014-09-03,29.300277709960938,29.547297088271144,29.150178826560698,29.410119294344703,31580000
2014-09-04,29.480195999145508,29.721747357238797,29.353954216227788,29.429998092072793,32616000
2014-09-05,29.710813522338867,29.74659820683285,29.50057423498673,29.579103738380617,35982000
2014-09-08,29.902164459228516,29.996102572038946,29.722740502345975,29.778408304594937,31984000
2014-09-09,29.42204475402832,29.85097370199544,29.34798975812304,29.834571598265786,31424000
2014-09-10,29.494112014770508,29.509023879589762,29.181984785560786,29.410613155693593,23202000
2014-09-11,29.379301071166992,29.42105050068787,29.127312359571583,29.324131911303304,30028000
2014-09-12,29.07065773010254,29.397694981664788,28.990139334837043,29.34352120122019,37030000
2014-09-15,28.90862464904785,29.021943445949415,28.67850414415671,28.938444586768167,30908000
2014-09-16,29.26349639892578,29.331588546801058,28.874331780988946,28.874331780988946,31592000
2014-09-17,29.487653732299805,29.625825020138716,29.180994469474708,29.299781278927526,34390000
2014-09-18,29.685466766357422,29.699879989667515,29.474232086612105,29.575128441738364,29890000
2014-09-19,30.089540481567383,30.089540481567383,29.709817872651772,29.795802354406792,83832000
2014-09-22,29.685466766357422,30.010020247838803,29.479203340429397,29.945407220058662,35644000
2014-09-23,29.382781982421875,29.65465193303145,29.33606129645449,29.572643307480227,28074000
2014-09-24,29.742624282836914,29.826621791611892,29.33904453168348,29.402167323811447,35160000
2014-09-25,29.088048934936523,29.725226385553793,29.06269971241384,29.671549359462567,33420000
2014-09-26,29.219758987426758,29.302761102150555,29.075622965554302,29.12184500755831,25782000
2014-09-29,29.215286254882812,29.289839897202317,28.905147880697935,28.918068969971305,22874000
2014-09-30,29.245107650756836,29.373835067192502,29.050773712619666,29.1993823528383,31430000
2014-10-01,28.808725357055664,29.26051602029802,28.728703716389052,29.16508766371289,28954000
2014-10-02,28.870851516723633,28.98814807665546,28.53138617917161,28.727708988004583,30726000
2014-10-03,29.13775062561035,29.23914182961182,29.001069587099103,29.030891421677318,24290000
2014-10-06,29.213794708251953,29.443418475371693,29.095504653421255,29.32164740530347,25722000
2014-10-07,28.53387451171875,29.117871739915262,28.53387451171875,29.07065620134856,30914000
2014-10-08,29.012998580932617,29.0602160108759,28.2127973786188,28.568166176665688,44158000
2014-10-09,28.37035369873047,28.952858747205838,28.281883583078592,28.90713345083671,48234000
2014-10-10,27.594009399414062,28.59003478175128,27.5850622802765,28.204349294080185,59574000
2014-10-13,27.075119018554688,27.876812334580716,27.05921555758059,27.59102592745046,55116000
2014-10-14,27.270946502685547,27.76498333462781,27.062696092828446,27.343014514931568,52198000
2014-10-15,26.875322341918945,27.033869705151318,26.263490260851693,26.94241910521888,76720000
2014-10-16,26.685955047607422,26.888240705415992,26.0910218782341,26.1929117223708,76100000
2014-10-17,25.992612838745117,27.01050829964058,25.765971452630907,26.861401026894125,119930000
2014-10-20,26.460308074951172,26.499077029279032,25.802255887441156,25.8673637655524,54964000
2014-10-21,26.741125106811523,26.777903284388533,26.35195859731161,26.70335154088376,49190000
2014-10-22,26.972736358642578,27.373830471962954,26.850468539310015,26.891224479087537,59474000
2014-10-23,27.517467498779297,27.703849689679792,27.11239565712983,27.25056692731278,43026000
2014-10-24,27.281381607055664,27.584563600434887,27.09549616670943,27.583570108148503,43508000
2014-10-27,27.330093383789062,27.534866584244565,27.196893350227338,27.224726306253842,31934000
2014-10-28,27.780391693115234,27.793312781720683,27.35742748892645,27.421047023505444,34774000
2014-10-29,27.756038665771484,28.080095406270456,27.63327410061563,27.87532221561265,41066000
2014-10-30,27.846494674682617,27.957329742913902,27.441921459134136,27.746096964051883,32250000
2014-10-31,28.22422981262207,28.266974633446807,28.07214205270736,28.24560317102337,46810000
2014-11-03,28.02045249938965,28.188445620505117,27.914090035629627,28.008524902471443,30834000
2014-11-04,28.04132843017578,28.07115026772942,27.748585639028416,27.89073279567594,27726000
2014-11-05,27.63178253173828,28.1760172566456,27.54231892567559,28.170551152795333,32906000
2014-11-06,27.42005157470703,27.674029174327714,27.364882413237872,27.609416147531803,33014000
2014-11-07,27.426511764526367,27.61438608989337,27.30374910501957,27.61438608989337,31782000
2014-11-10,27.74510383605957,27.864387382781587,27.41657259644839,27.455341550311946,26090000
2014-11-11,27.897192001342773,27.957330521770565,27.646196769784645,27.759517468023827,21966000
2014-11-12,27.746097564697266,27.89520294735841,27.609416524604164,27.890233589526755,21882000
2014-11-13,27.656137466430664,27.873831744251742,27.539337648535632,27.873334998061747,30220000
2014-11-14,27.594009399414062,27.73367091454671,27.460807480573354,27.73367091454671,28502000
2014-11-17,27.16905975341797,27.594010964995547,27.05971491676249,27.594010964995547,33612000
2014-11-18,27.063194274902344,27.474725758631113,27.027906334172297,27.233174381837156,36440000
2014-11-19,27.196889877319336,27.247584528763912,26.79877627416916,27.075118814275,30346000
2014-11-20,27.025917053222656,27.10643354563593,26.913591740002225,26.94291493381539,35016000
2014-11-21,27.13178253173828,27.387747126514824,27.087547472327216,27.387747126514824,50120000
2014-11-24,27.21080780029297,27.39520112022624,27.045300315122493,27.165579250120658,33076000
2014-11-25,27.29778480529785,27.460309911593733,27.182477128187266,27.197387096992003,38072000
2014-11-26,27.223230361938477,27.330089559151237,27.098975569643535,27.29778399570651,29604000
2014-11-28,27.29033088684082,27.316174960177,27.061702508342062,27.186950801540508,24202000
2014-12-01,26.82164192199707,27.27591821101593,26.770448624502084,27.092019736987986,39888000
2014-12-02,26.768959045410156,26.930987419115038,26.573629716209044,26.811701970752168,41480000
2014-12-03,26.688440322875977,26.909116977603006,26.60096559248952,26.71478303922055,32476000
2014-12-04,26.967269897460938,26.97273789788083,26.585061597653258,26.721742648370984,32598000
2014-12-05,26.24658966064453,26.749573614692512,26.20583561755108,26.67501997512421,61402000
2014-12-08,26.378299713134766,26.531877698463447,26.192911014023156,26.303249332017625,64566000
2014-12-09,26.64569664001465,26.672536101794176,26.014482021900374,26.137246584645812,43322000
2014-12-10,26.24460220336914,26.807227921355143,26.217265995751465,26.63525894484395,46222000
2014-12-11,26.446887969970703,26.69191845117237,26.300268215780438,26.342514392820572,41426000
2014-12-12,25.9200496673584,26.45335031638099,25.917564040399963,26.214781319773113,47314000
2014-12-15,25.63823890686035,26.111897777083776,25.61637069853223,26.03187803263359,52352000
2014-12-16,24.759511947631836,25.625317875063907,24.71130101961469,25.526909034108975,86998000
2014-12-17,25.171539306640625,25.30175886151594,24.80672661289585,24.844003434601735,72788000
2014-12-18,25.577604293823242,25.65861753272962,25.17700502318058,25.645694547488077,77534000
2014-12-19,25.846986770629883,25.88525708142861,25.291319300827606,25.695395765943157,97442000
2014-12-22,26.45633316040039,26.48963411591142,25.874322934132064,25.875318322519863,66390000
2014-12-23,26.777902603149414,26.95335069737879,26.52690927496422,26.56617307845251,57544000
2014-12-24,26.686452865600586,26.853450592284748,26.595497121479116,26.780389086860428,14754000
2014-12-26,26.914583206176758,27.000567692307996,26.61488031812085,26.6864515815322,22270000
2014-12-29,26.705339431762695,27.034367432240934,26.697884446757048,26.863888685606145,44300000
2014-12-30,26.604446411132812,26.73168359726227,26.521444287209412,26.588541051874888,20972000
2014-12-31,26.37482452392578,26.75951655977902,26.351960925483432,26.72671234879556,24648000
2015-01-02,26.31965446472168,26.630291486186277,26.236650447615364,26.471243586896723,26480000
2015-01-05,25.818159103393555,26.24211680222551,25.733170002740895,26.200367371172735,41182000
2015-01-06,25.180980682373047,25.90513610197525,25.12680501490509,25.869848164587637,54456000
2015-01-07,25.10692596435547,25.422035593262404,25.032374217845263,25.395198026266346,46918000
2015-01-08,25.19440269470215,25.223725888827968,24.603445344574368,24.926011855825738,73054000
2015-01-09,24.886743545532227,25.278395658281294,24.783862107791496,25.25752094384373,42000000
2015-01-12,24.7048397064209,24.864879208683654,24.399172030608803,24.813189160701313,57138000
2015-01-13,24.9404239654541,25.278397177980626,24.714777958304808,24.978694277557054,60958000
2015-01-14,25.145692825317383,25.261499153763364,24.759510572378304,24.87183588545056,52800000
2015-01-15,25.050264358520508,25.335552126151523,24.950860142602874,25.292809204416468,51068000
2015-01-16,25.3708438873291,25.390226469040464,25.004539067881105,25.00752144106236,49658000
2015-01-20,25.34499740600586,25.626807966228583,25.31666770532199,25.485654313021946,46796000
2015-01-21,25.864383697509766,25.936948457508716,25.327602034408816,25.389729436380065,46356000
2015-01-22,26.704843521118164,26.78138415033857,25.93993207915503,25.994105856680786,56068000
2015-01-23,26.935955047607422,27.10792402229873,26.627803678424787,26.741124373098828,45966000
2015-01-26,26.676013946533203,26.913589433789507,26.444899951320867,26.913589433789507,30932000
2015-01-27,25.904144287109375,26.480189756218994,25.887742182762242,26.411600861656304,39148000
2015-01-28,25.468753814697266,26.127801352485623,25.464777949452312,26.093506907778544,35822000
2015-01-29,25.50851821899414,25.605933560902205,25.02392334445883,25.49211611461799,79018000
2015-01-30,26.717267990112305,26.99311380154083,25.754541650113016,25.795297589094854,121108000
2015-02-02,26.45136260986328,26.66508101898898,25.930486317889432,26.556729679900645,75378000
2015-02-03,26.50603485107422,26.712296378170052,26.1834683588014,26.339035231920374,47062000
2015-02-04,26.148181915283203,26.67750671109463,26.09499973541369,26.498082739266763,33896000
2015-02-05,26.33357048034668,26.376313405694372,26.12531816588319,26.23913561405331,33176000
2015-02-06,26.534862518310547,26.849972144460548,26.27492205624524,26.392218623200495,42938000
2015-02-09,26.306232452392578,26.534860825334594,26.220247965459656,26.394700670177787,30314000
2015-02-10,26.846988677978516,26.88873810899349,26.300765059554827,26.448876948812714,47430000
2015-02-11,26.739633560180664,26.935956378888594,26.64022933734429,26.82561805177601,38306000
2015-02-12,27.13774871826172,27.253553156012046,26.689933892198336,26.822140435270917,48590000
2015-02-13,27.39371109008789,27.462299983128396,27.167069695343425,27.212298245859824,47382000
2015-02-17,27.088043212890625,27.485161448493876,27.001065231871976,27.393710855873636,39174000
2015-02-18,26.970745086669922,27.214285315373754,26.81667035665312,27.028896618028767,31164000
2015-02-19,27.15961265563965,27.17999062353607,26.876311881633356,26.96179961837339,30834000
2015-02-20,26.928503036499023,27.21577972227677,26.744606445420406,27.21577972227677,38234000
2015-02-23,26.590526580810547,26.804244983512106,26.441421203478185,26.789335014572192,32906000
2015-02-24,26.771940231323242,26.809215154804292,26.39171894801636,26.419055155887662,28406000
2015-02-25,27.203351974487305,27.314683786853653,26.74012859121867,26.761501948180623,40836000
2015-02-26,27.79778480529785,27.83953423239502,27.0920166177508,27.124324076321905,54032000
2015-02-27,27.963794708251953,28.301271208562348,27.685463241690535,27.74112915580722,68328000
2015-03-02,28.57959747314453,28.627808396183408,27.98963554663076,28.18098900024967,50406000
2015-03-03,28.76697540283203,28.869360100249306,28.354945298327912,28.645701078549177,50526000
2015-03-04,28.744112014770508,28.9081273678872,28.45534321719585,28.676516613597006,37964000
2015-03-05,28.8981876373291,28.986159109025166,28.739141647659157,28.808227284971622,35918000
2015-03-06,28.474231719970703,28.96528619623115,28.43248228728298,28.926519136732246,37592000
2015-03-09,28.53387451171875,28.600971274933507,28.282879264476406,28.37582199892922,23478000
2015-03-10,27.825620651245117,28.318167247370287,27.82412851670636,28.254547711858304,40080000
2015-03-11,27.618860244750977,28.04082906321506,27.604943767722194,27.82313478856001,40524000
2015-03-12,27.89122772216797,27.924526781153425,27.610909292973588,27.757529052095798,35602000
2015-03-13,27.48516273498535,28.049777362730403,27.35245945144517,27.794806257882943,35428000
2015-03-16,27.914587020874023,28.01945734380824,27.40166246427938,27.680490644451403,36856000
2015-03-17,27.71428871154785,27.8648843325832,27.55524271743775,27.748084515913447,28892000
2015-03-18,28.139238357543945,28.156633952943917,27.510010758267057,27.720250037516823,35324000
2015-03-19,28.01548194885254,28.17900055518284,27.93844457842628,28.057728126442566,24660000
2015-03-20,28.079099655151367,28.185958860824897,28.055741208461317,28.16657627961448,44320000
2015-03-23,28.0999755859375,28.312203767898065,27.985164644340323,28.131287660918552,30234000
2015-03-24,28.70484733581543,28.920552725618823,28.235162453158978,28.257529302798694,79156000
2015-03-25,28.18099021911621,28.83059394681236,28.18099021911621,28.706339141521706,53070000
2015-03-26,28.01399040222168,28.19043389299407,27.749080584920318,28.064190207783355,49842000
2015-03-27,27.711307525634766,28.03536427391083,27.680492197057724,27.924030556481892,34552000
2015-03-30,27.889734268188477,27.940430817530263,27.67353213218704,27.845501107032717,24788000
2015-03-31,27.56965446472168,27.954843190844393,27.568162330269406,27.730687434949758,34932000
2015-04-01,27.31070899963379,27.758521893581854,27.138740020685066,27.576117452789582,38902000
2015-04-02,26.90414810180664,27.236653328451794,26.860906534048045,27.207330134390567,47760000
2015-04-06,27.035358428955078,27.114384675480057,26.625317227695266,26.781380840137636,33718000
2015-04-07,27.08058738708496,27.344006948838796,27.017466496531693,27.087048879185332,27318000
2015-04-08,27.27840232849121,27.41061076070496,27.137248672730056,27.137248672730056,28386000
2015-04-09,27.237646102905273,27.304744758696863,26.935956212873805,27.296793027631875,32366000
2015-04-10,27.263492584228516,27.328602360486236,27.08655424085764,27.314685882872546,26104000
2015-04-13,27.268461227416992,27.498581744191902,27.15216005154188,27.189436871595035,29326000
2015-04-14,26.828105926513672,27.165582428648456,26.62731047922785,27.165582428648456,47206000
2015-04-15,26.890727996826172,26.99758720525316,26.459812043736665,26.737646744037985,46962000
2015-04-16,27.013986587524414,27.098975682718724,26.744602287711853,26.757026629406592,31722000
2015-04-17,26.47820281982422,26.829099049491724,26.292319242158896,26.705340982473576,49234000
2015-04-20,27.06418800354004,27.1273107964145,26.508520482821947,26.528401707285994,38508000
2015-04-21,26.98416519165039,27.22521979696823,26.948877254618964,27.152655042293624,29128000
2015-04-22,27.29530143737793,27.385758541973996,26.904644675346987,26.991125914331274,31806000
2015-04-23,27.706830978393555,27.891226190076868,27.340031331660427,27.356433435142705,78184000
2015-04-24,28.512004852294922,29.060714111223735,28.24808663285437,28.8296001003821,92168000
2015-04-27,28.137250900268555,28.604448268913757,27.947389579737084,28.46776912556508,48062000
2015-04-28,28.050273895263672,28.222242879318635,27.880790538186023,28.04778826828636,37178000
2015-04-29,27.902162551879883,28.123335957783475,27.783375744512185,27.85842423771329,33622000
2015-04-30,27.27492332458496,27.888245621470883,27.173035369890314,27.761505188871226,47240000
2015-05-01,27.39371109008789,27.396693463173715,27.030388655447087,27.36140362830632,36572000
2015-05-04,27.477210998535156,27.66856256569627,27.20633453533237,27.38526175947038,35260000
2015-05-05,26.99013328552246,27.465781063144217,26.95683232899424,27.34400998400611,28528000
2015-05-06,26.59450340270996,27.03436646203631,26.453349750938017,26.97025018052854,39034000
2015-05-07,26.940427780151367,27.09748678645185,26.513489610497952,26.635258782612787,31844000
2015-05-08,27.283870697021484,27.475222265209634,27.238145398334403,27.279894831393637,28226000
2015-05-11,27.126314163208008,27.50355308058723,27.117368939794215,27.261006324407482,21858000
2015-05-12,26.775917053222656,26.98615635066358,26.590528337649385,26.97869946972321,35282000
2015-05-13,26.813692092895508,27.02989425259414,26.788342867457292,26.862399766905067,24238000
2015-05-14,27.296293258666992,27.320648989006564,26.963291308338405,27.036352811423836,31736000
2015-05-15,27.161602020263672,27.365878463274733,26.963292219473434,27.355441105338404,33440000
2015-05-18,27.170549392700195,27.253551510773306,26.950866231822687,27.02889899196557,26706000
2015-05-19,27.300270080566406,27.505041359824173,27.192914135403655,27.23665054892845,47126000
2015-05-20,27.460805892944336,27.637744216953905,27.092514126707343,27.381779647720297,30840000
2015-05-21,27.67452621459961,27.714288661043575,27.30126506490364,27.345996869164203,34170000
2015-05-22,27.56070899963379,27.745600964370492,27.51597719500251,27.557726626527995,24266000
2015-05-26,27.196395874023438,27.501564889688055,26.986653321040645,27.46428806858799,37474000
2015-05-27,27.54728889465332,27.598978937170415,27.166076016075873,27.270449593472566,34844000
2015-05-28,27.543807983398438,27.622337482416324,27.37581677813078,27.52442540370168,23544000
2015-05-29,27.103452682495117,27.531883004829616,27.089536205091523,27.495102930558186,43446000
2015-06-01,27.296794891357422,27.36438840198054,27.01697319063839,27.27293780055574,33210000
2015-06-02,27.532377243041992,27.772935098515042,27.16458222176446,27.208320530753472,31842000
2015-06-03,27.598979949951172,27.73317536694759,27.442916324310424,27.58953608422745,26710000
2015-06-04,27.42005157470703,27.632279743591894,27.29231765562879,27.444405409302927,26866000
2015-06-05,27.31269645690918,27.501564289309275,27.205837249943343,27.435461021963704,24396000
2015-06-08,27.011999130249023,27.32959436707906,26.985656415064756,27.316671382575247,27336000
2015-06-09,26.946392059326172,27.079593975070868,26.781878071294475,27.009016203900185,30016000
2015-06-10,27.465282440185547,27.573633787544235,27.09301665140655,27.122339846238383,30316000
2015-06-11,27.338045120239258,27.57611736462879,27.294803554558847,27.55921851449903,25872000
2015-06-12,27.210311889648438,27.27889888829542,27.118859398156047,27.19440653148259,25468000
2015-06-15,26.988143920898438,27.04033071274591,26.799774724036304,26.97472418928367,27150000
2015-06-16,27.081087112426758,27.171544219827627,26.91707174898247,27.061704529971106,32526000
2015-06-17,27.167068481445312,27.25454320548368,26.92899624715774,27.10842020265218,24440000
2015-06-18,27.643213272094727,27.69639355176482,27.2366511810834,27.2366511810834,41192000
2015-06-19,27.709814071655273,27.72919854863617,27.44838338137115,27.660112909724795,59290000
2015-06-22,27.817169189453125,28.111902720889642,27.77889887879745,27.80375135499634,34752000
2015-06-23,28.00156593322754,28.076616320144566,27.691425669709112,27.822638712276305,31396000
2015-06-24,27.762001037597656,27.964288597820453,27.674526309489917,27.956336866895512,28924000
2015-06-25,27.73118782043457,27.989141308715947,27.706833983643214,27.84798764617958,26684000
2015-06-26,27.488143920898438,27.83307536913711,27.428005401227566,27.818662145941612,43676000
2015-06-29,26.901165008544922,27.380788626799664,26.85096520327024,27.174525197565515,37756000
2015-06-30,26.841026306152344,27.13227883608373,26.816173828790998,27.092019642897064,34510000
2015-07-01,27.003055572509766,27.127807125740976,26.82711072026041,27.02094791586128,30760000
2015-07-02,27.2038516998291,27.236654014146012,27.016474096128395,27.074625635485308,28124000
2015-07-06,27.11836051940918,27.265478908946076,26.943409177254182,26.95086416156579,25614000
2015-07-07,27.33754539489746,27.385756316480954,26.831580987330433,27.20832124111556,33578000
2015-07-08,26.92353057861328,27.250569699721336,26.898679996493847,27.117369669491787,27662000
2015-07-09,27.07015037536621,27.280389660484538,27.068660136852202,27.268958810610535,29766000
2015-07-10,27.63973617553711,27.797788683586184,27.435461622746686,27.520450727204448,43436000
2015-07-13,28.416078567504883,28.471744474591016,27.76846185949947,27.808721051293304,41792000
2015-07-14,29.034866333007812,29.309718639537582,28.537350402739676,28.553752506017613,74832000
2015-07-15,29.02393341064453,29.259023281943865,28.83755120902018,29.012999306673507,41466000
2015-07-16,29.909622192382812,30.04481109660686,29.22075279068116,29.299282294685987,112642000
2015-07-17,34.77245330810547,34.94044830125753,33.69790040707277,33.79730272182545,257162000
2015-07-20,34.43547439575195,34.68199699558429,33.885276845372445,34.24362799980479,102436000
2015-07-21,34.56023025512695,35.069671877431816,34.00356741239035,34.03984884153119,75604000
2015-07-22,34.54780578613281,35.453870820464175,34.37484331621954,34.49412686292907,83100000
2015-07-23,33.535377502441406,34.59601784901252,33.37931198145585,34.38627340305499,76232000
2015-07-24,32.5433235168457,33.68746263897659,32.46429916608871,33.63676798709222,82622000
2015-07-27,32.71728515625,33.15466069448144,32.3832859124037,32.38427940477876,58382000
2015-07-28,32.78636932373047,33.00704596366551,32.475732332468546,32.89074289775982,34364000
2015-07-29,32.87433624267578,32.9687710938162,32.447396219998666,32.91558892278968,36756000
2015-07-30,33.0299072265625,33.203366434820175,32.390242268513624,32.67603057187049,39606000
2015-07-31,32.67900848388672,33.05177283921623,32.66409851638636,33.03686287171586,34922000
2015-08-03,33.03786087036133,33.13477946428861,32.68696467230001,32.68696467230001,31348000
2015-08-04,32.86688995361328,33.20088924383823,32.82862153208139,33.01897773114013,26188000
2015-08-05,33.46380615234375,33.7928303375352,33.0806025072298,33.08905098404303,36448000
2015-08-06,33.30774688720703,33.53637530194263,32.839554056075656,33.49860362630563,40660000
2015-08-07,33.021461486816406,33.24064411156973,32.747105906280225,33.1899494554968,27544000
2015-08-10,32.95933532714844,33.380807429798985,32.81470254647297,33.15565625824568,34458000
2015-08-11,34.30923080444336,34.990148394859155,34.01201356953989,34.770465266462,109880000
2015-08-12,34.36738967895508,34.59253705040033,33.82265627861879,34.5174866626,58498000
2015-08-13,34.12086486816406,34.49462275267499,33.90565622646679,34.2545616347173,36354000
2015-08-14,34.26300811767578,34.40664738315658,33.9414389352426,33.99809833082904,27598000
2015-08-17,34.498600006103516,34.529910182097005,33.949392141259565,34.19690824006044,24680000
2015-08-18,34.231204986572266,34.58060715934042,34.06171973523418,34.34750805941526,27710000
2015-08-19,34.495121002197266,34.801283501543736,34.135279578640386,34.29979357460455,50194000
2015-08-20,33.771461486816406,34.600489193949024,33.56271432141375,34.249596774372286,57798000
2015-08-21,32.00952911376953,33.44392738704575,31.963305173051328,33.351976251813944,91880000
2015-08-24,30.721254348754883,31.19690208978408,29.477710953617393,29.850973997815863,129788000
2015-08-25,30.440935134887695,32.15714006131792,30.4011726896368,32.1308011384958,71430000
2015-08-26,32.790348052978516,32.92653236112847,31.330602355229875,31.963307279332085,87740000
2015-08-27,33.198890686035156,33.49809870839842,32.36091786726357,33.39918934719239,58974000
2015-08-28,32.78786087036133,33.15117951332072,32.49263058235355,33.08954885877469,38836000
2015-08-31,32.19789505004883,33.02245195473687,32.124835445807726,32.521951764578375,38936000
2015-09-01,31.290342330932617,32.029906407012966,31.066683305027478,31.50157511807387,51458000
2015-09-02,32.053260803222656,32.06071578714772,31.34401539841502,31.709821524695233,37630000
2015-09-03,31.66261100769043,32.36837740534605,31.50157612469734,32.20336665669526,34572000
2015-09-04,31.260520935058594,31.535870008689706,31.138255010366045,31.29730100969551,40478000
2015-09-08,32.0020751953125,32.059728092613746,31.456348279967667,31.85893265254582,39092000
2015-09-09,31.978717803955078,32.672058000972065,31.853962451159763,32.399693176497024,40978000
2015-09-10,32.359928131103516,32.549787561446,31.893722344631097,32.003067179426196,27850000
2015-09-11,32.56966781616211,32.57016456234508,32.17751893633419,32.31668749863175,34892000
2015-09-14,32.429012298583984,32.60048452790687,32.28139526153598,32.5860713049158,29942000
2015-09-15,33.055259704589844,33.24313215386589,32.47225408684245,32.639748565739865,35546000
2015-09-16,33.0776252746582,33.20436381515422,32.91261452373147,33.079115513308686,26252000
2015-09-17,33.3832893371582,33.896212011429846,33.05177761360462,33.17553567047186,47752000
2015-09-18,32.84899139404297,33.292331630581195,32.804754444442786,33.054754260162866,72544000
2015-09-21,33.150184631347656,33.250584235852244,32.70386389072753,33.07712502565253,39094000
2015-09-22,32.46529006958008,32.74461685871754,32.059224764860275,32.677518213077434,54362000
2015-09-23,32.46977233886719,32.81718755698147,32.34253325479265,32.45038785971985,29160000
2015-09-24,32.5502815246582,32.64272939691447,31.917081854899706,32.25505504629957,38692000
2015-09-25,31.81668472290039,32.73269228826745,31.792330887556965,32.73269228826745,48480000
2015-09-28,31.026426315307617,31.950884320036955,30.70783755229883,31.762014578104473,47646000
2015-09-29,30.944915771484375,31.544816463786752,30.71728086796072,31.08855316429849,42130000
2015-09-30,31.728214263916016,31.774933050555674,31.26996214044514,31.403162158162875,52954000
2015-10-01,31.908632278442383,32.000086666103996,31.36787664336186,31.70684335567048,42506000
2015-10-02,32.653663635253906,32.65416038144008,31.48616600344121,31.71032177196145,48788000
2015-10-05,33.383785247802734,33.450883901522616,32.597997255878305,32.88279207857578,37960000
2015-10-06,33.38180160522461,33.73766529474692,32.95635173216501,33.26798225559487,42774000
2015-10-07,33.30028533935547,33.73468037934039,32.70932804293142,33.66807847389336,44354000
2015-10-08,33.15117645263672,33.39422182508636,32.529405756545906,33.27294751193113,39308000
2015-10-09,33.36191940307617,33.50356791323378,32.92056607971212,33.17553718995164,32124000
2015-10-12,33.61986541748047,33.69690277942196,33.1631054532817,33.260024036362154,26684000
2015-10-13,33.95486068725586,34.21778350520264,33.45485722804008,33.51201716512605,42446000
2015-10-14,33.81768798828125,34.2963162663281,33.74263759390386,33.982698748271474,31292000
2015-10-15,34.44442367553711,34.50108307249546,34.01549664522359,34.05823956601831,47156000
2015-10-16,34.558738708496094,34.60347240940917,34.24959573141381,34.562716469982725,36316000
2015-10-19,34.788856506347656,34.803269727896634,34.40416265574416,34.493129507620544,30172000
2015-10-20,33.79730987548828,34.69194606544539,33.483191820541194,34.68647806482691,52434000
2015-10-21,33.38975143432617,34.04084540071976,33.335079016633735,33.956849789379405,31952000
2015-10-22,33.853965759277344,34.19740697458429,33.384779502612865,33.5706649606023,88632000
2015-10-23,35.75208282470703,37.40069624205671,35.68299718357894,37.27942191445594,126726000
2015-10-26,36.338069915771484,36.528429889775445,35.786378263855454,35.786378263855454,48776000
2015-10-27,36.42255783081055,36.57862333735529,35.991147070074945,36.11192084813092,38778000
2015-10-28,36.626338958740234,36.648703912307546,36.1467134667155,36.431508284903565,39604000
2015-10-29,37.020477294921875,37.116899145959884,36.53886478593625,36.61192818949927,36520000
2015-10-30,36.64970016479492,37.09304046798285,36.60695723912577,37.05576554256343,39984000
2015-11-02,37.16411209106445,37.18598029728534,36.35446517105996,36.507550198516796,39914000
2015-11-03,37.21779251098633,37.360931245460215,36.83707259950368,37.049300762347656,36306000
2015-11-04,37.54035949707031,37.76849114719096,37.23668070979742,37.271471905067806,41840000
2015-11-05,37.806758880615234,38.08906617107172,37.64771289364944,37.7143110070195,45486000
2015-11-06,37.85298538208008,37.923561261487094,37.52644111735113,37.743143801444845,33544000
2015-11-09,37.513519287109375,37.93747890670962,37.23220925321408,37.6999014991982,35538000
2015-11-10,37.68697738647461,37.8032804597164,37.19741694596466,37.44940377802545,29798000
2015-11-11,38.03439712524414,38.22475330512211,37.76103503346321,37.89175133292045,41866000
2015-11-12,37.60099792480469,38.06173574844665,37.56769696708129,37.78240889251649,35452000
2015-11-13,36.78289794921875,37.54134586211838,36.753074221823525,37.4772314841402,48188000
2015-11-16,37.29731369018555,37.361428073140004,36.49760924299012,36.78985904241542,50704000
2015-11-17,37.076637268066406,37.52246505828609,36.98071217017586,37.39920375330802,38864000
2015-11-18,37.773956298828125,37.828131968511144,37.14671754686641,37.25506888623245,36266000
2015-11-19,37.770477294921875,37.9339939966743,37.63578324633999,37.76252177244433,28078000
2015-11-20,38.61838912963867,38.73369870289365,37.97723771837565,38.23568602592733,55478000
2015-11-23,38.60348129272461,38.91163456932256,38.444932042726286,38.64175350118708,34648000
2015-11-24,38.25209045410156,38.56819547913848,37.67952407786958,38.417597951855775,47880000
2015-11-25,38.233699798583984,38.419585250341534,38.098012254057345,38.354473582033485,23612000
2015-11-27,38.36838912963867,38.46928547978629,38.12136977690015,38.22872761910473,14434000
2015-11-30,37.91511535644531,38.520482164543196,37.82912896325776,38.36342314093076,33586000
2015-12-01,38.95586395263672,39.01600436354773,38.06918346309423,38.11838787494677,40398000
2015-12-02,38.66064453125,39.41611212962602,38.590064854553475,39.0284377178307,46876000
2015-12-03,38.18101119995117,38.9901575623579,37.89522670362226,38.79532690368715,41950000
2015-12-04,38.72822952270508,38.88777225141223,38.04731568735581,38.25606282847214,49800000
2015-12-07,38.419090270996094,38.8172001158915,38.10745597580961,38.770479429727786,36626000
2015-12-08,38.52594757080078,38.700400284621935,37.89870880300313,37.99711763726576,31082000
2015-12-09,37.90019226074219,38.57315810189394,37.37633367485194,38.325145283868956,46550000
2015-12-10,37.775447845458984,38.07515265073712,37.524951249729476,37.951891337676514,32458000
2015-12-11,37.29731369018555,37.646222888126665,37.20934032346308,37.22673781512354,43184000
2015-12-14,37.899696350097656,37.979717978629964,36.59353087128639,37.33905958011834,53864000
2015-12-15,37.777931213378906,38.506559219313665,37.67405438945097,38.160634303651484,49386000
2015-12-16,38.59801483154297,38.8420537315946,37.626841861270506,38.100002107218,53120000
2015-12-17,38.26203155517578,38.84652361111484,38.23568883873223,38.82515214863091,36510000
2015-12-18,37.61689758300781,38.47624573601098,37.60397459821611,38.13280452252234,67794000
2015-12-21,37.8132209777832,38.08906678058631,37.482702760589895,37.9250495374157,34848000
2015-12-22,38.127830505371094,38.2873732350424,37.833100775283576,37.98568526687562,36338000
2015-12-23,38.1964225769043,38.36491433525807,37.65666043865185,38.30477391829154,30594000
2015-12-24,38.063720703125,38.23071843711647,37.991654582904566,38.19692073495784,10412000
2015-12-28,38.87883377075195,38.907660220197,38.15766062056703,38.27048268717297,31156000
2015-12-29,39.46133804321289,39.69642791120956,39.07565066069959,39.11491256842476,38430000
2015-12-30,39.279422760009766,39.585589013146375,39.125348037162055,39.46133422582915,28566000
2015-12-31,38.66858673095703,39.18150932240632,38.63429228950783,39.15616010291407,32752000
2016-01-04,37.745628356933594,37.88280614917509,37.15417426243283,37.88280614917509,67382000
2016-01-05,37.84950637817383,38.230719288425284,37.55726033718111,37.97724220452495,45216000
2016-01-06,37.74015426635742,38.05824621745684,37.17703375630726,37.2948270516003,48206000
2016-01-07,36.82912826538086,37.54036274097508,36.544833932040106,37.10199364268826,63132000
2016-01-08,36.327632904052734,37.28240562671428,36.22872353272236,37.167096047171825,47506000
2016-01-11,36.43498611450195,36.534888975894155,35.76351420644728,36.37932020676501,50896000
2016-01-12,37.04482650756836,37.19393378094364,36.601982986864115,36.81669488199479,46816000
2016-01-13,35.76401138305664,37.42554774206785,35.62534335822477,37.24363625541906,51728000
2016-01-14,36.35149002075195,36.773955614695716,35.03985628189715,36.00606180199163,55558000
2016-01-15,35.31271743774414,35.99214104763208,34.86639291057997,35.28786496201256,76676000
2016-01-19,35.739654541015625,36.0512888195153,35.28090755710639,35.79283671684223,48724000
2016-01-20,35.71381378173828,36.1308113521903,34.1839871958535,35.08458424572661,82440000
2016-01-21,36.11689758300781,36.6636179971078,35.34353575489925,35.79383431359911,51938000
2016-01-22,37.0507926940918,37.2048712270917,36.804273866812075,36.878823714442774,47146000
2016-01-25,36.46232223510742,37.398707740811155,36.40665632750343,36.97027743394945,45340000
2016-01-26,36.47077178955078,36.752582351099335,36.13180508017503,36.541351460452894,30940000
2016-01-27,35.66511154174805,36.57515069974047,35.459841575500825,36.57515069974047,42428000
2016-01-28,37.19194412231445,37.334089355209194,36.312218098169076,36.689456969995895,62104000
2016-01-29,37.840553283691406,38.027432207300976,36.98816348681881,37.2247473579899,75808000
2016-02-01,38.308753967285156,38.64772069704983,37.84205141110784,38.33310590806833,111522000
2016-02-02,38.8127326965332,40.27595751799921,38.79732218726484,39.78639324398323,135846000
2016-02-03,37.24562454223633,39.33558728261858,36.59353335483362,39.0796227119041,131114000
2016-02-04,36.28389358520508,37.039861675270885,35.914610182638135,37.007554212289854,104922000
2016-02-05,34.97822189331055,36.11937675907086,34.79830119101144,36.05874339138913,109556000
2016-02-08,34.998104095458984,35.01599833373914,33.89720459796212,34.17901515115241,89410000
2016-02-09,34.842037200927734,35.83309508252182,34.21976973452015,34.4409431176182,84300000
2016-02-10,35.13180160522461,35.945422566769594,35.059238742128926,35.3773307328085,60314000
2016-02-11,35.107452392578125,35.403676198096164,34.35347504271465,34.609439652093656,65004000
2016-02-12,35.133792877197266,35.58657513853406,34.869872761046985,35.398205947587485,46538000
2016-02-16,35.6680908203125,35.928529948900575,35.29731335324192,35.71828873511185,43444000
2016-02-17,36.380313873291016,36.46928073525128,35.616894622970825,36.13329451054796,49154000
2016-02-18,35.66162872314453,36.58061685136713,35.564213372687185,36.479227530988446,47276000
2016-02-19,35.89025115966797,35.98567950929503,35.4434298869208,35.5816011578304,34918000
2016-02-22,36.23518371582031,36.523455758282054,35.956854180729266,36.25804541564408,37516000
2016-02-23,35.65068817138672,36.32713132960304,35.570173579240304,36.08856423826881,41332000
2016-02-24,35.83011245727539,35.8460197109428,34.891743753032735,35.31868003203477,37092000
2016-02-25,36.23866653442383,36.25804722004568,35.448900751366565,35.931010000038505,36146000
2016-02-26,36.02693557739258,36.5885659365963,35.88180605468458,36.46133065310809,42474000
2016-02-29,35.64720916748047,36.31221954650121,35.62832143784037,35.835081595711465,45068000
2016-03-01,36.887271881103516,36.89522361116939,35.71778360031784,35.84999011855667,60112000
2016-03-02,36.75357437133789,36.9344885691492,36.443930867567694,36.922066122868976,36292000
2016-03-03,36.361427307128906,36.82912333213835,36.264011965002794,36.75357619857749,40534000
2016-03-04,36.293338775634766,36.53091238347783,36.06470659930696,36.5209736676163,48516000
2016-03-07,35.427528381347656,36.14373399728288,35.046812246096756,36.04134740384348,61690000
2016-03-08,35.46381378173828,35.89721539674791,34.99015676146208,35.2083459117106,52530000
2016-03-09,36.05427169799805,36.09552438458303,35.420571429221326,35.5453229813823,39544000
2016-03-10,36.3902587890625,36.60745443549467,35.94890546528142,36.17256260445985,44616000
2016-03-11,37.0214729309082,37.02296316960775,36.61540753299613,36.77694106572362,35380000
2016-03-14,37.28837203979492,37.48817398419512,36.961331017670844,37.02644269115011,32824000
2016-03-15,37.304771423339844,37.426045751866944,36.92057425955905,37.0786267668237,29832000
2016-03-16,37.64224624633789,37.723758123376996,37.102484121977355,37.22922265315888,29306000
2016-03-17,37.697914123535156,38.03886782686828,37.64224821278689,37.656661436680224,44564000
2016-03-18,37.545326232910156,37.87981841347326,37.366895770083566,37.85447298336949,56222000
2016-03-21,37.88081741333008,37.93946379868881,37.339561254443765,37.47077429418051,28774000
2016-03-22,37.77594757080078,38.0219734701234,37.66809675733406,37.69592971461012,22096000
2016-03-23,37.652183532714844,38.04135191859997,37.57613965850126,37.93995882233005,24678000
2016-03-24,37.516998291015625,37.65218530043361,37.30129289619523,37.3360840889082,31116000
2016-03-28,37.4394645690918,37.68896766688403,37.37783391392876,37.583100057119886,21676000
2016-03-29,38.066200256347656,38.130318430147575,37.19144923374379,37.45933950664243,40062000
2016-03-30,38.18797302246094,38.63380082221726,38.1502013530722,38.18151153017719,40396000
2016-03-31,37.91759490966797,38.22475089191955,37.686479011761115,38.18797271518492,32554000
2016-04-01,38.25407791137695,38.27246510378349,37.53488804002031,37.632307169761766,31674000
2016-04-04,38.02793884277344,38.39175807026633,37.862431335114024,38.24612799645462,26924000
2016-04-05,37.70238494873047,37.91610334717977,37.554767916860335,37.680516741923334,24478000
2016-04-06,38.17455291748047,38.19195040944479,37.58956035420219,37.66610097654307,25312000
2016-04-07,37.77942657470703,38.23867034530756,37.64920701954072,38.037874908228794,25498000
2016-04-08,37.74711608886719,38.12783221569779,37.56322141364706,38.06520807017526,23434000
2016-04-11,37.65119171142578,38.132307453955036,37.641252995799995,38.044334084051044,31774000
2016-04-12,37.98817825317383,38.01799819736311,37.35447789545755,37.695435436368506,27388000
2016-04-13,38.36540985107422,38.55626276590833,38.00159067573975,38.28588495926001,35426000
2016-04-14,38.53837585449219,38.74811651916365,38.430521252864146,38.536885615823984,26992000
2016-04-15,38.76749801635742,38.81372195520835,38.515507398441116,38.543840890737606,31712000
2016-04-18,39.14921188354492,39.192455349971965,38.64871540071089,38.77694418540898,33540000
2016-04-19,38.58111572265625,39.311734559479355,38.28389845092012,39.28936960536165,43952000
2016-04-20,38.515010833740234,38.750601244765804,38.33359988468465,38.72574876759956,34262000
2016-04-21,38.76749801635742,38.85099687882645,38.34751618113398,38.63380124556119,77628000
2016-04-22,36.6685905456543,37.47127559730627,36.30079735110741,36.97375958579889,140798000
2016-04-25,36.88926315307617,37.02196643287032,36.5358832224962,36.548309461148776,49442000
2016-04-26,36.052284240722656,37.05725488363835,35.80128710912521,36.99910524300132,55864000
2016-04-27,35.857948303222656,36.14074855149109,35.2426352702506,36.0497947071788,66262000
2016-04-28,35.0428352355957,36.2456246212463,34.95039114778607,35.948904088365396,62590000
2016-04-29,35.18299865722656,35.393236064792326,34.979218950454126,34.99611969762727,58278000
2016-05-02,35.50754928588867,35.557250447047245,35.107448681835564,35.383791233189186,33476000
2016-05-03,35.2108268737793,35.455855443184916,35.15565771570751,35.41261577657604,38620000
2016-05-04,35.3564567565918,35.539357948678365,34.992637565258995,35.127828370505725,34172000
2016-05-05,35.5224609375,35.663612696910405,35.2610283429161,35.53687416115998,29668000
2016-05-06,36.04283905029297,36.08309824458235,35.38528358610028,35.39770982512131,39952000
2016-05-09,36.23916244506836,36.49562377953142,35.95933887202906,36.118384866608395,38074000
2016-05-10,36.74860763549805,36.779421066654066,36.36242350194867,36.52892448012115,32634000
2016-05-11,36.30973815917969,36.819183602502555,36.1780283732611,36.80526712543912,29834000
2016-05-12,36.18648147583008,36.549307210180594,35.99761551896422,36.38180892586958,27094000
2016-05-13,36.02544021606445,36.34651264831055,35.95983180687698,36.11440706939682,25244000
2016-05-16,36.29731369018555,36.41560375099143,35.78538449098576,36.00009640356827,22538000
2016-05-17,35.794822692871094,36.573155664022,35.685978405390806,36.3350853288466,33404000
2016-05-18,35.87385177612305,36.06222095695841,35.53786556008477,35.710828025771285,32536000
2016-05-19,35.55228042602539,35.81023579394802,35.303770819660606,35.700890960434606,30598000
2016-05-20,35.87036895751953,36.168082951846436,35.537367027192964,35.609436929579566,34798000
2016-05-23,35.648704528808594,35.95934155640706,35.63329781197348,35.78439208689644,24816000
2016-05-24,36.43300247192383,36.49115211589204,35.76798820319699,35.77793071160812,37884000
2016-05-25,36.68498992919922,36.77395680037613,36.411631614636406,36.530915173864614,32216000
2016-05-26,36.626834869384766,36.83409177668275,36.43150745383275,36.5806109328357,27202000
2016-05-27,37.15715408325195,37.172560797735365,36.6308079324804,36.655660407677125,34802000
2016-05-31,37.21928787231445,37.449406512663295,37.05626410100184,37.21481336426298,42484000
2016-06-01,37.19990158081055,37.34453435859322,36.99512838418163,37.20039832701918,20788000
2016-06-02,36.99164962768555,37.14224714568638,36.63031417533001,37.08260347552057,33916000
2016-06-03,36.57365417480469,36.85347774426732,36.476735582346016,36.85347774426732,24608000
2016-06-06,36.28538513183594,36.70487025168486,36.19741554724497,36.70487025168486,29992000
2016-06-07,36.33657455444336,36.615897564507534,36.32216133241227,36.44492588470284,24314000
2016-06-08,36.925048828125,36.96878524572035,36.569185157059394,36.75457008161454,32314000
2016-06-09,36.90467071533203,36.97474984923669,36.6054664482065,36.633796149488994,19180000
2016-06-10,36.44095230102539,36.76152802936373,36.30775227252631,36.578130091072445,29050000
2016-06-13,36.3758430480957,36.72971971818825,36.273456455624725,36.273456455624725,23354000
2016-06-14,36.443931579589844,36.58061261894247,36.10844589240314,36.24810740885193,26584000
2016-06-15,36.39125061035156,36.6377694399508,36.34751040178028,36.5269343678806,23234000
2016-06-16,35.99661636352539,36.30178535755185,35.56371155682,36.1810077831994,45002000
2016-06-17,35.00257873535156,35.854468098459144,34.84700996602387,35.854468098459144,82262000
2016-06-20,35.09601593017578,35.58011214114027,35.060231245825676,35.303769589831774,45654000
2016-06-21,35.232696533203125,35.5557597646339,35.022955891432886,35.29084617056114,30318000
2016-06-22,35.31172561645508,35.497611091175344,35.083593960019655,35.489659359458564,29058000
2016-06-23,35.53041076660156,35.5309075127732,34.80376970834427,35.31569886983491,42500000
2016-06-24,34.055755615234375,35.039855348810434,34.04134239140711,34.30277498902531,95436000
2016-06-27,33.853965759277344,33.96281384625205,33.432493680574986,33.921064414529646,58146000
2016-06-28,34.35694885253906,34.43050899837129,34.03836012258463,34.36241685245092,38246000
2016-06-29,34.55228042602539,34.766495605033086,34.427528865199534,34.50606027419991,43124000
2016-06-30,34.96678924560547,34.978718737491725,34.537862203420495,34.67454323808042,42250000
2016-07-01,35.30078887939453,35.414107677746586,34.97673215377654,35.04482429880424,30984000
2016-07-05,35.034385681152344,35.19492191238324,34.74810441109284,35.0403504272721,28440000
2016-07-06,35.23717498779297,35.437473682842885,34.7416459814996,34.783395416062845,28902000
2016-07-07,35.15217971801758,35.29681249056512,34.82464575646428,35.29383201342122,21174000
2016-07-08,35.675045013427734,35.68100975969027,35.1944260086358,35.31619708093639,29946000
2016-07-11,36.14324188232422,36.22922448680996,35.729224739851595,35.7565609513505,28822000
2016-07-12,36.40715789794922,36.56073591038885,36.15815151927034,36.37783470172701,26468000
2016-07-13,36.256553649902344,36.55675517178142,36.23369195104158,36.55675517178142,20436000
2016-07-14,36.570674896240234,36.58757185082176,36.31172603371373,36.478227016370916,21408000
2016-07-15,36.56222915649414,36.82912597814305,36.513020943742305,36.82912597814305,32342000
2016-07-18,37.435482025146484,37.53190386107089,36.60595770530275,36.67554008257241,38698000
2016-07-19,37.445926666259766,37.60397538026211,37.20139102641852,37.269979921305136,30436000
2016-07-20,37.62833023071289,37.8052704639205,37.477732713207416,37.477732713207416,22502000
2016-07-21,37.49562454223633,37.68150998680952,37.35198527252677,37.62435005144516,19062000
2016-07-22,37.737674713134766,37.746123190181,37.408646726912984,37.640259374123154,20920000
2016-07-25,37.65019989013672,37.76451598066296,37.47872765032525,37.65815162138141,21466000
2016-07-26,37.65666198730469,37.7366836311533,37.413123624219956,37.65020049457294,23792000
2016-07-27,37.87137222290039,37.994633533595646,37.571174469137645,37.72226873437986,32172000
2016-07-28,38.063720703125,38.219289482296986,37.72823120455185,38.212827989592135,73464000
2016-07-29,39.331119537353516,39.95736101235759,39.26451762838003,39.64772129013895,101810000
2016-08-01,39.80825424194336,40.13380119125527,39.017991790616094,39.099006916321365,60594000
2016-08-02,39.76750183105469,39.87684666475076,39.48966903107975,39.6288338041636,39928000
2016-08-03,39.707855224609375,39.738672446059915,39.414615730427826,39.586087953141444,29206000
2016-08-04,39.62485885620117,39.771478624542596,39.45935135532707,39.674063276466995,21520000
2016-08-05,40.10597229003906,40.12038551371841,39.652689487570754,39.76700557656348,36146000
2016-08-08,40.021484375,40.139277700459616,39.845537610213555,40.05975279634105,24426000
2016-08-09,40.13330841064453,40.42406419849874,39.96332641210336,39.984697874476,32154000
2016-08-10,40.183502197265625,40.30228898959929,40.08409988052443,40.11193283256839,18370000
2016-08-11,40.16909408569336,40.451401403180085,40.05974924819323,40.281916146663725,25646000
2016-08-12,40.111934661865234,40.11889290019356,39.942449419182644,40.014519325268765,17946000
2016-08-15,40.057762145996094,40.326152984903985,39.96183704035949,40.11988954967045,18596000
2016-08-16,39.820682525634766,39.97326702414905,39.612428328005485,39.9354915631734,21158000
2016-08-17,40.030921936035156,40.0413611901321,39.57763913318704,39.76153760973613,21322000
2016-08-18,39.89822006225586,40.15915592042317,39.84255415032213,40.02794287201424,17292000
2016-08-19,39.744144439697266,39.8226758511984,39.60647368035588,39.751102679200145,22416000
2016-08-22,39.60994338989258,39.726743200523856,39.47972384905468,39.68747750222222,17056000
2016-08-23,39.59204864501953,39.811235040948915,39.56222870803376,39.78538907318505,18350000
2016-08-24,39.443443298339844,39.68499465548448,39.30228775494634,39.605469764791444,25672000
2016-08-25,39.329124450683594,39.499106427817274,39.12683880693823,39.36391563992672,24054000
2016-08-26,39.424556732177734,39.731716512409825,39.23519405295313,39.38827530090654,24978000
2016-08-29,39.55378341674805,39.687976935946,39.28042133251339,39.41610888224523,15474000
2016-08-30,39.35994338989258,39.66213189934823,39.23817232624567,39.407657564646385,23348000
2016-08-31,39.25706100463867,39.342546849162325,39.125351222715125,39.24463476650418,21428000
2016-09-01,39.33409881591797,39.40815570743566,39.08211199502575,39.362925261863566,26070000
2016-09-02,39.60596466064453,39.6173974059353,39.426540710752874,39.52644356562207,26998000
2016-09-06,40.1601448059082,40.30278679289737,39.534396322697084,39.681512817080446,39790000
2016-09-07,40.15865707397461,40.28837608499305,39.94642889984851,40.155672804873745,22906000
2016-09-08,39.90269088745117,40.18003074740129,39.811737034093,40.02098474259007,23554000
2016-09-09,39.18897247314453,39.84851872786551,39.16760101004318,39.700404932844435,37752000
2016-09-12,39.7028923034668,39.76998716980174,38.94145619830938,38.99215464766499,37274000
2016-09-13,39.20090103149414,39.55229398668465,38.982708105838924,39.46382386714446,36180000
2016-09-14,39.28738021850586,39.57913329254618,39.14175395056402,39.14175395056402,25842000
2016-09-15,39.82267379760742,39.94295084796719,39.19791872137002,39.265017381671925,31144000
2016-09-16,39.660640716552734,39.71282940242153,39.444438572144186,39.71282940242153,42612000
2016-09-19,39.53240966796875,39.959846470254334,39.441455824534266,39.81670394395531,22990000
2016-09-20,39.750606536865234,39.898223599384494,39.67505939369251,39.7615425385171,20984000
2016-09-21,40.011539459228516,40.05527967064511,39.56422138035907,39.82416374991427,26970000
2016-09-22,40.554283142089844,40.70885463031695,40.14474055584761,40.25855610473108,35186000
2016-09-23,40.50508117675781,40.60647049310658,40.39424609830923,40.51402640068132,28234000
2016-09-26,39.89324188232422,40.2625290229465,39.78389706230734,40.249606039640305,29454000
2016-09-27,40.294837951660156,40.43201574072694,39.852491152517175,39.852491152517175,27346000
2016-09-28,40.26153564453125,40.270981405839535,39.89970724467724,39.964318375521,29406000
2016-09-29,39.89274978637695,40.45288988923691,39.80427966939848,40.12088142144012,27000000
2016-09-30,39.96332550048828,40.16362418034916,39.83609022155049,39.940463800043744,33204000
2016-10-03,39.78042984008789,39.93748507985759,39.57416638537563,39.88828065687117,29784000
2016-10-04,39.900203704833984,40.084598918646314,39.74513547513831,40.010045280849894,25174000
2016-10-05,39.82267379760742,40.184005486870376,39.7968278259421,40.059750674732896,24276000
2016-10-06,39.914615631103516,40.10696256942631,39.78688361301769,39.96431679070128,21998000
2016-10-07,39.79682922363281,40.056771604186615,39.60348875949229,40.056274857941446,23262000
2016-10-10,40.46581268310547,40.62535542384474,39.87286837482342,39.956863983753294,29922000
2016-10-11,40.2371826171875,40.74861502604395,40.127837789521585,40.46581098778192,34432000
2016-10-12,40.346527099609375,40.48221084874455,40.18648762075828,40.355969068625825,18158000
2016-10-13,39.96432113647461,40.08758245253214,39.692949817836286,40.063230512222,27380000
2016-10-14,39.99016571044922,40.26303105015102,39.87684690652409,40.13181800731133,22238000
2016-10-17,40.101497650146484,40.432015885196,39.951897413702426,40.05925147164544,21128000
2016-10-18,40.82963562011719,41.193451043544584,40.424066969522286,40.46780338966124,45786000
2016-10-19,41.09553527832031,41.24265557284133,40.89871761331648,40.89871761331648,30002000
2016-10-20,40.83659362792969,41.1765538544339,40.78291469954588,41.13132340389971,27878000
2016-10-21,40.95736312866211,40.96879587464268,40.67157860674778,40.755574214116145,32316000
2016-10-24,41.53788375854492,41.64722859552692,41.20488178552214,41.25707047297474,28952000
2016-10-25,41.18052291870117,41.67505454101999,41.01898942143735,41.67505454101999,37814000
2016-10-26,40.859947204589844,41.13877727602811,40.57416268677426,41.109450292231884,35898000
2016-10-27,40.62386703491211,41.08261405470332,40.487682734589065,40.90518085927213,59470000
2016-10-28,40.733707427978516,41.69991290343267,40.60646835508773,41.24961437430575,87098000
2016-10-31,40.25358581542969,40.886292590842174,40.15915474157456,40.876350082885374,44854000
2016-11-01,40.03390121459961,40.45537708024985,39.675053287744504,40.30179529427985,47118000
2016-11-02,39.18598937988281,40.09752241503534,39.01600738689328,40.09752241503534,47014000
2016-11-03,38.876346588134766,39.26451771262332,38.6994063533825,38.991155629487345,43504000
2016-11-04,38.822174072265625,39.188973764490164,38.320183566060166,38.33509353690536,39412000
2016-11-07,39.86243438720703,40.01004764102627,39.40865483338218,39.510544684649204,39852000
2016-11-08,40.356964111328125,40.558753027196786,39.74264834856758,39.862432433193625,35382000
2016-11-09,40.03936767578125,40.34354317501328,39.365908802057724,39.85248873481371,61970000
2016-11-10,38.78190994262695,40.261534763001734,38.18250416398696,40.25855428599421,118192000
2016-11-11,38.357460021972656,38.63280530404379,38.04880999264647,38.60895011049016,71852000
2016-11-14,37.43648147583008,38.35895055553348,36.95785323487015,38.35795706312224,73766000
2016-11-15,38.526939392089844,38.77942675125911,38.03290446546421,38.04532691179054,58878000
2016-11-16,38.76650619506836,38.941455658456,38.08807601228507,38.29135517723478,35968000
2016-11-17,39.07366180419922,39.20984610237719,38.76004431338484,38.891754103798434,30674000
2016-11-18,38.567203521728516,39.328635874165315,38.53639008712178,39.12386645720762,36126000
2016-11-21,39.00606918334961,39.09304526973466,38.58359982221558,38.673063431496765,32616000
2016-11-22,39.01600646972656,39.451891753926375,38.95338232471952,39.214318158226625,27884000
2016-11-23,38.717796325683594,39.240661493302156,38.40218807285477,39.240661493302156,26260000
2016-11-25,38.7789306640625,38.91163394215277,38.67753756334083,38.897220718926654,12270000
2016-11-28,39.05527114868164,39.74861123313235,38.67306100450373,38.685487242337665,51508000
2016-11-29,39.2366828918457,39.58459480660172,39.03290320466327,39.18399746248745,31240000
2016-11-30,38.56272506713867,39.3395678493332,38.42704131076873,39.219787554877506,45582000
2016-12-01,37.98866653442383,38.69791387907333,37.44343643017996,38.69543014826311,57342000
2016-12-02,37.99513244628906,38.29533400912511,37.723761123982555,37.867897158806734,34376000
2016-12-05,38.67902755737305,38.767497672859136,38.11988095632219,38.270478471925045,33770000
2016-12-06,38.57763671875,39.02992603825233,38.43549146378786,38.776941915378345,34682000
2016-12-07,39.337581634521484,39.36392055884634,38.445926002295174,38.7650152828901,40588000
2016-12-08,39.52147674560547,39.711836715994984,39.16064182075685,39.41113841731731,32250000
2016-12-09,40.23121643066406,40.25606890586385,39.66461488209795,39.72674227814208,38090000
2016-12-12,40.154178619384766,40.325650837271034,39.98668416259011,40.00109738461987,32572000
2016-12-13,40.52396011352539,40.96929114917195,40.35497541250485,40.37734036553014,42564000
2016-12-14,40.65070724487305,40.967309015652624,40.39672962515314,40.552795152562325,35994000
2016-12-15,40.539371490478516,40.90468089888778,40.357956755720515,40.62436058897212,35394000
2016-12-16,40.250606536865234,40.71581505707438,40.16511689210504,40.67158189202103,51978000
2016-12-19,40.3828125,40.56770447290861,39.985195598602296,40.22277300541217,25272000
2016-12-20,40.51700210571289,40.5811202801542,40.308254959045776,40.426048262661894,25438000
2016-12-21,40.36790084838867,40.54285030589966,40.01501766427548,40.54285030589966,29192000
2016-12-22,40.242652893066406,40.311738533513086,40.06123814965293,40.21382644602345,22632000
2016-12-23,40.14921188354492,40.306767643271435,40.01551510914209,40.15965113761296,15310000
2016-12-27,40.25507354736328,40.55676531940493,40.04980741189291,40.19294614834705,19520000
2016-12-28,39.98867416381836,40.42406271027401,39.88281034824821,40.42406271027401,24296000
2016-12-29,39.90467834472656,40.04732033660338,39.669091730394676,39.877342137175724,21148000
2016-12-30,39.386287689208984,39.92505631753432,39.24562889007117,39.92107855616332,34718000
2017-01-03,40.15965270996094,40.33012766946396,39.60696755976219,39.79235248969843,39180000
2017-01-04,40.14772033691406,40.42903414596363,39.9658126435483,40.25308740677887,30306000
2017-01-05,40.40865707397461,40.44444175963319,40.055773887360914,40.134301497332686,26810000
2017-01-06,41.014522552490234,41.200904749303845,40.33310814885649,40.50656736132072,40342000
2017-01-09,41.11243438720703,41.27396410668777,40.83609183974287,41.072175195889905,28178000
2017-01-10,41.054283142089844,41.2232716469874,40.91164114525979,41.10696857431349,23948000
2017-01-11,41.24563980102539,41.24762678595606,40.82864219445957,41.084606806653966,26508000
2017-01-12,41.22924041748047,41.271486599839406,40.80577751749377,41.17208047197481,26990000
2017-01-13,41.29931640625,41.48370783905058,41.22874052562227,41.30229688347831,25804000
2017-01-17,41.12635040283203,41.26153740608709,40.91461898714235,41.25259218321315,28818000
2017-01-18,41.20388412475586,41.243149822924956,40.95835501259276,41.242653076767525,20554000
2017-01-19,40.97277069091797,41.40170154367675,40.952396513331486,41.20289310208325,21410000
2017-01-20,41.16164016723633,41.21482234458937,40.9842031886352,41.20736356791533,26124000
2017-01-23,41.969791412353516,42.024960572196605,41.187981205479645,41.33261397025626,49148000
2017-01-24,42.22327423095703,42.32217980958202,41.86293227161282,42.09653190607257,33768000
2017-01-25,42.66661071777344,42.68350767054455,42.2337059340748,42.42307238928946,33108000
2017-01-26,42.59354782104492,42.79334973955206,42.27247537899909,42.69643115316873,69866000
2017-01-27,41.99961471557617,43.091565254257404,41.84404973077108,42.693952149767284,75050000
2017-01-30,40.9459342956543,41.61193820244642,40.80676573463504,41.603489725458026,70338000
2017-01-31,40.765010833740234,40.90815334497869,40.42753441806829,40.730716392254614,40404000
2017-02-01,40.51899337768555,40.954381914037896,40.370382850436705,40.954381914037896,45020000
2017-02-02,40.669090270996094,40.98221478616065,40.36044405524553,40.50706380557677,33784000
2017-02-03,40.76203155517578,41.060242285054834,40.72326260558989,40.91113881609289,30562000
2017-02-06,40.836097717285156,40.87436613748395,40.47178175027964,40.80130652076078,27018000
2017-02-07,41.214324951171875,41.348025524032344,40.91909843310204,41.02894001947854,33332000
2017-02-08,41.24662780761719,41.46382722499581,41.009550959663684,41.27893526822345,26044000
2017-02-09,41.25557327270508,41.35100162462867,41.078636837470775,41.33857538647983,23884000
2017-02-10,41.49364471435547,41.60795699721532,41.27793934016046,41.39920986089757,28302000
2017-02-13,41.69792938232422,41.8361006749219,41.56323531337525,41.635301437087286,25914000
2017-02-14,41.75110626220703,41.84901835444715,41.54235909215867,41.738183276638914,27266000
2017-02-15,41.61641311645508,41.83758651058188,41.56174070065245,41.69046621731578,27144000
2017-02-16,41.85746765136719,41.88330982871227,41.61342876546883,41.675059419671264,20102000
2017-02-17,42.07516098022461,42.09454545763797,41.73867800139989,41.81472188051717,29224000
2017-02-21,42.210350036621094,42.35597629635616,42.07515923847313,42.14673239888609,25206000
2017-02-22,42.31422805786133,42.43500184452925,42.083112154450866,42.14723033212019,24488000
2017-02-23,42.29633331298828,42.37685169777353,41.87386774986739,42.30031107439168,27734000
2017-02-24,42.13778305053711,42.165119257654226,41.896728440128605,42.129831319877574,26924000
2017-02-27,42.23023223876953,42.27993340090402,41.8992172660551,41.995639113217365,20206000
2017-02-28,41.99464416503906,42.188485154471394,41.82118493812553,42.11492500356864,27662000
2017-03-01,42.58212661743164,42.64425402493186,42.19792942501742,42.31522600071348,36374000
2017-03-02,42.23917770385742,42.56919918609226,42.183015049047924,42.560250170809674,25018000
2017-03-03,42.200904846191406,42.28738797687306,41.98370921506133,42.193946607720726,20100000
2017-03-06,42.11094284057617,42.19394495278919,41.8077608368355,42.09056487214304,20958000
2017-03-07,42.30378723144531,42.412138567456736,42.02396746038452,42.11044679716189,20774000
2017-03-08,42.42754364013672,42.591064130160575,42.308756847230676,42.40169767255555,20576000
2017-03-09,42.63629150390625,42.778937282213555,42.37933343805437,42.43003188177728,26954000
2017-03-10,42.81372833251953,42.953886587623245,42.62486241043873,42.87784271424383,26732000
2017-03-13,42.97128677368164,43.09802530660998,42.784407824505706,42.78490457069287,23332000
2017-03-14,43.037391662597656,43.12039377879418,42.750113106105864,42.93003381556234,21234000
2017-03-15,43.160648345947266,43.234705237445844,42.80826191855541,43.138283392232026,26658000
2017-03-16,43.24067306518555,43.37536712716188,43.1174117499466,43.267015782129036,22090000
2017-03-17,43.35845947265625,43.460349308773445,43.159651053683845,43.423567343372,37366000
2017-03-20,43.13679504394531,43.25756883286428,42.97576206140145,43.21482590825848,30844000
2017-03-21,42.25358963012695,43.413135498039566,42.131818562776125,43.2436502544836,50760000
2017-03-22,42.2366943359375,42.51254015048287,42.09752577123024,42.220787081940415,27334000
2017-03-23,41.73221206665039,41.83360515866564,41.401697661241315,41.818695190536545,65754000
2017-03-24,41.508060455322266,41.94842024481885,41.20786271610694,41.849014132,42114000
2017-03-27,41.67555236816406,41.81819814054582,40.96928932803914,41.15765849675721,38692000
2017-03-28,41.78092956542969,42.018006435264326,41.36541842251978,41.73420887776902,30384000
2017-03-29,42.24017333984375,42.32565919186449,41.8182044961218,41.88629664679321,29146000
2017-03-30,42.220787048339844,42.34603534371661,42.08609678337519,42.345041851334265,18988000
2017-03-31,42.13728713989258,42.22476376279298,42.010051862906145,42.08907621685492,28820000
2017-04-03,42.58212661743164,42.69395519254083,42.123872523865124,42.184509692647836,39388000
2017-04-04,42.374366760253906,42.3957382212941,42.122872897484356,42.14722862748102,26970000
2017-04-05,42.19245910644531,42.772977206206846,42.123373463436174,42.48073117147857,37104000
2017-04-06,42.00309753417969,42.425066388592725,41.94842511377236,42.221783423853076,30672000
2017-04-07,41.85398864746094,42.04186109619024,41.61542154201426,41.998124678314696,22232000
2017-04-10,41.834110260009766,42.08461066725705,41.788883600449076,41.82615852821646,20924000
2017-04-11,41.743648529052734,41.979731893348905,41.48122244913689,41.83410563011901,19486000
2017-04-12,41.82217788696289,41.934503190543126,41.62983094806249,41.673070615766406,22716000
2017-04-13,41.7585563659668,41.934999843424976,41.64275383952001,41.80129928741505,21474000
2017-04-17,42.50160598754883,42.52695521223708,41.80080704767084,41.81820454099465,20982000
2017-04-18,42.4449462890625,42.613931007262586,42.30876198851861,42.37287637715803,18724000
2017-04-19,42.5701904296875,42.7535883539581,42.42207665067355,42.61392684359295,21606000
2017-04-20,42.74762725830078,42.9389769124693,42.61939470202047,42.730726513014645,23776000
2017-04-21,42.691463470458984,42.86492648172425,42.630830099595904,42.77446558770863,23458000
2017-04-24,43.68450927734375,43.735704471618746,43.04733178865363,43.163138116567005,33930000
2017-04-25,44.17705535888672,44.34653681082228,43.70190437253959,43.85001436316831,40760000
2017-04-26,44.19196319580078,44.38331663793924,43.993651515620115,44.30379175062521,26466000
2017-04-27,44.306278228759766,44.40270007503161,44.094550597470054,44.23470885930346,46846000
2017-04-28,45.95042037963867,46.51602467470132,45.88580545738881,46.17308400842459,76918000
2017-05-01,46.362945556640625,46.512052838874105,45.765530519223404,45.93203150227589,46556000
2017-05-02,46.575172424316406,46.86841572661102,46.27248715258167,46.385312999457824,35026000
2017-05-03,47.13978958129883,47.22676567156952,46.48173736307128,46.52348679647061,36496000
2017-05-04,47.451419830322266,47.67110299664005,47.08611039412378,47.231239917796934,38752000
2017-05-05,47.23073959350586,47.636308193524926,47.12238825717802,47.55081855687933,32310000
2017-05-08,47.64873123168945,47.763043514379206,47.0875939031977,47.09008142583568,37534000
2017-05-09,47.550323486328125,47.82318882144283,47.43551444574574,47.77994915140415,33758000
2017-05-10,47.45738220214844,47.55032303373315,47.20887260040484,47.52597109491483,22920000
2017-05-11,47.50956344604492,47.613940807681445,47.14773507115002,47.280935085035296,20622000
2017-05-12,47.4722900390625,47.613441787716155,47.319208798649115,47.60698408763134,24298000
2017-05-15,47.675071716308594,47.84803417638045,47.35697974854527,47.47974430349291,26754000
2017-05-16,47.942970275878906,48.0070846632071,47.731242636249306,47.89028863504908,22030000
2017-05-17,46.82765579223633,47.7630439435815,46.72278168519857,47.698929563793584,48982000
2017-05-18,47.24168014526367,47.42458134425663,46.782929325216244,46.87885443262854,36010000
2017-05-19,47.44793701171875,47.69197590075477,47.3162272245662,47.35698316377031,27206000
2017-05-22,47.9161262512207,47.95340496436314,47.542865125376416,47.56473333193652,27748000
2017-05-23,48.23820114135742,48.43501881341389,47.937502841103,48.20887794742222,30908000
2017-05-24,48.589088439941406,48.61443386762972,48.29187120959466,48.47228863987327,22660000
2017-05-25,49.297340393066406,49.492174844271744,48.5995258335393,48.65817600494104,39082000
2017-05-26,49.36742401123047,49.522492230238505,49.07368398782266,49.30429933177072,32728000
2017-05-30,49.51156234741211,49.583632258267954,49.2724984975801,49.32915790029546,30324000
2017-05-31,49.060272216796875,49.68204301602795,48.791384624640486,49.51355503996977,34482000
2017-06-01,49.119911193847656,49.36096580672071,48.77199548225861,49.252614469482474,26128000
2017-06-02,49.50908279418945,49.526977034851754,49.05928096597117,49.134828106618556,34710000
2017-06-05,49.89476776123047,50.06971722946498,49.475779388707245,49.59705372152204,27578000
2017-06-06,49.53690719604492,50.12985147128446,49.44346962282915,49.866431912981085,31042000
2017-06-07,49.77647399902344,49.89625429232289,49.49665042792872,49.65668991376839,27482000
2017-06-08,49.91464614868164,49.98025077355709,49.53393000845161,49.91215862576861,33758000
2017-06-09,48.216827392578125,49.97528233224317,47.384318711540324,49.97478558606143,72958000
2017-06-12,47.803802490234375,48.11145900631389,46.560757771712616,47.650224501256425,84042000
2017-06-13,48.2357177734375,48.60400768798572,47.81374514071191,48.31225840114183,40108000
2017-06-14,48.10797882080078,48.69297138701363,47.68948723071996,48.48422423412771,30110000
2017-06-15,47.7227897644043,47.74764224188499,46.73819709804877,47.118416493378184,48552000
2017-06-16,47.64524841308594,47.71135356629662,47.15220703547375,47.609960478950754,51184000
2017-06-19,48.470306396484375,48.67308879760116,48.12139720049435,48.19346331364999,29376000
2017-06-20,48.160667419433594,48.747150262758446,48.12140171715688,48.47478166177996,25946000
2017-06-21,48.6378059387207,48.68552011901645,48.183529629459755,48.25013154177911,23232000
2017-06-22,48.539886474609375,48.732730151360975,48.37537249561244,48.5523089200443,20190000
2017-06-23,49.01057052612305,49.03691324340845,48.43253615231648,48.48422809445475,31280000
2017-06-26,48.31473922729492,49.40321248864205,48.22726260433981,49.20490079644446,30358000
2017-06-27,47.12189483642578,48.072693616416316,47.07219367223909,47.79337057099629,48872000
2017-06-28,47.764041900634766,47.87487697172503,46.528948864776716,47.24962899191279,54912000
2017-06-29,46.611454010009766,47.2993299256707,46.20290492052318,47.28392321002313,64134000
